-- phpMyAdmin SQL Dump
-- version 4.8.3
-- https://www.phpmyadmin.net/
--
-- Host: localhost
-- Waktu pembuatan: 30 Okt 2018 pada 09.30
-- Versi server: 10.1.35-MariaDB
-- Versi PHP: 7.2.9

SET SQL_MODE = "NO_AUTO_VALUE_ON_ZERO";
SET AUTOCOMMIT = 0;
START TRANSACTION;
SET time_zone = "+00:00";


/*!40101 SET @OLD_CHARACTER_SET_CLIENT=@@CHARACTER_SET_CLIENT */;
/*!40101 SET @OLD_CHARACTER_SET_RESULTS=@@CHARACTER_SET_RESULTS */;
/*!40101 SET @OLD_COLLATION_CONNECTION=@@COLLATION_CONNECTION */;
/*!40101 SET NAMES utf8mb4 */;

--
-- Database: `rmb`
--

-- --------------------------------------------------------

--
-- Struktur dari tabel `city`
--

CREATE TABLE `city` (
  `ID` int(11) NOT NULL,
  `Name` char(35) NOT NULL DEFAULT '',
  `CountryCode` char(3) NOT NULL DEFAULT '',
  `District` char(20) NOT NULL DEFAULT ''
) ENGINE=InnoDB DEFAULT CHARSET=latin1;

--
-- Dumping data untuk tabel `city`
--

INSERT INTO `city` (`ID`, `Name`, `CountryCode`, `District`) VALUES
(1, 'Kabul', 'AFG', 'Kabol'),
(2, 'Qandahar', 'AFG', 'Qandahar'),
(3, 'Herat', 'AFG', 'Herat'),
(4, 'Mazar-e-Sharif', 'AFG', 'Balkh'),
(5, 'Amsterdam', 'NLD', 'Noord-Holland'),
(6, 'Rotterdam', 'NLD', 'Zuid-Holland'),
(7, 'Haag', 'NLD', 'Zuid-Holland'),
(8, 'Utrecht', 'NLD', 'Utrecht'),
(9, 'Eindhoven', 'NLD', 'Noord-Brabant'),
(10, 'Tilburg', 'NLD', 'Noord-Brabant'),
(11, 'Groningen', 'NLD', 'Groningen'),
(12, 'Breda', 'NLD', 'Noord-Brabant'),
(13, 'Apeldoorn', 'NLD', 'Gelderland'),
(14, 'Nijmegen', 'NLD', 'Gelderland'),
(15, 'Enschede', 'NLD', 'Overijssel'),
(16, 'Haarlem', 'NLD', 'Noord-Holland'),
(17, 'Almere', 'NLD', 'Flevoland'),
(18, 'Arnhem', 'NLD', 'Gelderland'),
(19, 'Zaanstad', 'NLD', 'Noord-Holland'),
(20, '´s-Hertogenbosch', 'NLD', 'Noord-Brabant'),
(21, 'Amersfoort', 'NLD', 'Utrecht'),
(22, 'Maastricht', 'NLD', 'Limburg'),
(23, 'Dordrecht', 'NLD', 'Zuid-Holland'),
(24, 'Leiden', 'NLD', 'Zuid-Holland'),
(25, 'Haarlemmermeer', 'NLD', 'Noord-Holland'),
(26, 'Zoetermeer', 'NLD', 'Zuid-Holland'),
(27, 'Emmen', 'NLD', 'Drenthe'),
(28, 'Zwolle', 'NLD', 'Overijssel'),
(29, 'Ede', 'NLD', 'Gelderland'),
(30, 'Delft', 'NLD', 'Zuid-Holland'),
(31, 'Heerlen', 'NLD', 'Limburg'),
(32, 'Alkmaar', 'NLD', 'Noord-Holland'),
(33, 'Willemstad', 'ANT', 'Curaçao'),
(34, 'Tirana', 'ALB', 'Tirana'),
(35, 'Alger', 'DZA', 'Alger'),
(36, 'Oran', 'DZA', 'Oran'),
(37, 'Constantine', 'DZA', 'Constantine'),
(38, 'Annaba', 'DZA', 'Annaba'),
(39, 'Batna', 'DZA', 'Batna'),
(40, 'Sétif', 'DZA', 'Sétif'),
(41, 'Sidi Bel Abbès', 'DZA', 'Sidi Bel Abbès'),
(42, 'Skikda', 'DZA', 'Skikda'),
(43, 'Biskra', 'DZA', 'Biskra'),
(44, 'Blida (el-Boulaida)', 'DZA', 'Blida'),
(45, 'Béjaïa', 'DZA', 'Béjaïa'),
(46, 'Mostaganem', 'DZA', 'Mostaganem'),
(47, 'Tébessa', 'DZA', 'Tébessa'),
(48, 'Tlemcen (Tilimsen)', 'DZA', 'Tlemcen'),
(49, 'Béchar', 'DZA', 'Béchar'),
(50, 'Tiaret', 'DZA', 'Tiaret'),
(51, 'Ech-Chleff (el-Asnam)', 'DZA', 'Chlef'),
(52, 'Ghardaïa', 'DZA', 'Ghardaïa'),
(53, 'Tafuna', 'ASM', 'Tutuila'),
(54, 'Fagatogo', 'ASM', 'Tutuila'),
(55, 'Andorra la Vella', 'AND', 'Andorra la Vella'),
(56, 'Luanda', 'AGO', 'Luanda'),
(57, 'Huambo', 'AGO', 'Huambo'),
(58, 'Lobito', 'AGO', 'Benguela'),
(59, 'Benguela', 'AGO', 'Benguela'),
(60, 'Namibe', 'AGO', 'Namibe'),
(61, 'South Hill', 'AIA', '–'),
(62, 'The Valley', 'AIA', '–'),
(63, 'Saint John´s', 'ATG', 'St John'),
(64, 'Dubai', 'ARE', 'Dubai'),
(65, 'Abu Dhabi', 'ARE', 'Abu Dhabi'),
(66, 'Sharja', 'ARE', 'Sharja'),
(67, 'al-Ayn', 'ARE', 'Abu Dhabi'),
(68, 'Ajman', 'ARE', 'Ajman'),
(69, 'Buenos Aires', 'ARG', 'Distrito Federal'),
(70, 'La Matanza', 'ARG', 'Buenos Aires'),
(71, 'Córdoba', 'ARG', 'Córdoba'),
(72, 'Rosario', 'ARG', 'Santa Fé'),
(73, 'Lomas de Zamora', 'ARG', 'Buenos Aires'),
(74, 'Quilmes', 'ARG', 'Buenos Aires'),
(75, 'Almirante Brown', 'ARG', 'Buenos Aires'),
(76, 'La Plata', 'ARG', 'Buenos Aires'),
(77, 'Mar del Plata', 'ARG', 'Buenos Aires'),
(78, 'San Miguel de Tucumán', 'ARG', 'Tucumán'),
(79, 'Lanús', 'ARG', 'Buenos Aires'),
(80, 'Merlo', 'ARG', 'Buenos Aires'),
(81, 'General San Martín', 'ARG', 'Buenos Aires'),
(82, 'Salta', 'ARG', 'Salta'),
(83, 'Moreno', 'ARG', 'Buenos Aires'),
(84, 'Santa Fé', 'ARG', 'Santa Fé'),
(85, 'Avellaneda', 'ARG', 'Buenos Aires'),
(86, 'Tres de Febrero', 'ARG', 'Buenos Aires'),
(87, 'Morón', 'ARG', 'Buenos Aires'),
(88, 'Florencio Varela', 'ARG', 'Buenos Aires'),
(89, 'San Isidro', 'ARG', 'Buenos Aires'),
(90, 'Tigre', 'ARG', 'Buenos Aires'),
(91, 'Malvinas Argentinas', 'ARG', 'Buenos Aires'),
(92, 'Vicente López', 'ARG', 'Buenos Aires'),
(93, 'Berazategui', 'ARG', 'Buenos Aires'),
(94, 'Corrientes', 'ARG', 'Corrientes'),
(95, 'San Miguel', 'ARG', 'Buenos Aires'),
(96, 'Bahía Blanca', 'ARG', 'Buenos Aires'),
(97, 'Esteban Echeverría', 'ARG', 'Buenos Aires'),
(98, 'Resistencia', 'ARG', 'Chaco'),
(99, 'José C. Paz', 'ARG', 'Buenos Aires'),
(100, 'Paraná', 'ARG', 'Entre Rios'),
(101, 'Godoy Cruz', 'ARG', 'Mendoza'),
(102, 'Posadas', 'ARG', 'Misiones'),
(103, 'Guaymallén', 'ARG', 'Mendoza'),
(104, 'Santiago del Estero', 'ARG', 'Santiago del Estero'),
(105, 'San Salvador de Jujuy', 'ARG', 'Jujuy'),
(106, 'Hurlingham', 'ARG', 'Buenos Aires'),
(107, 'Neuquén', 'ARG', 'Neuquén'),
(108, 'Ituzaingó', 'ARG', 'Buenos Aires'),
(109, 'San Fernando', 'ARG', 'Buenos Aires'),
(110, 'Formosa', 'ARG', 'Formosa'),
(111, 'Las Heras', 'ARG', 'Mendoza'),
(112, 'La Rioja', 'ARG', 'La Rioja'),
(113, 'San Fernando del Valle de Cata', 'ARG', 'Catamarca'),
(114, 'Río Cuarto', 'ARG', 'Córdoba'),
(115, 'Comodoro Rivadavia', 'ARG', 'Chubut'),
(116, 'Mendoza', 'ARG', 'Mendoza'),
(117, 'San Nicolás de los Arroyos', 'ARG', 'Buenos Aires'),
(118, 'San Juan', 'ARG', 'San Juan'),
(119, 'Escobar', 'ARG', 'Buenos Aires'),
(120, 'Concordia', 'ARG', 'Entre Rios'),
(121, 'Pilar', 'ARG', 'Buenos Aires'),
(122, 'San Luis', 'ARG', 'San Luis'),
(123, 'Ezeiza', 'ARG', 'Buenos Aires'),
(124, 'San Rafael', 'ARG', 'Mendoza'),
(125, 'Tandil', 'ARG', 'Buenos Aires'),
(126, 'Yerevan', 'ARM', 'Yerevan'),
(127, 'Gjumri', 'ARM', 'Širak'),
(128, 'Vanadzor', 'ARM', 'Lori'),
(129, 'Oranjestad', 'ABW', '–'),
(130, 'Sydney', 'AUS', 'New South Wales'),
(131, 'Melbourne', 'AUS', 'Victoria'),
(132, 'Brisbane', 'AUS', 'Queensland'),
(133, 'Perth', 'AUS', 'West Australia'),
(134, 'Adelaide', 'AUS', 'South Australia'),
(135, 'Canberra', 'AUS', 'Capital Region'),
(136, 'Gold Coast', 'AUS', 'Queensland'),
(137, 'Newcastle', 'AUS', 'New South Wales'),
(138, 'Central Coast', 'AUS', 'New South Wales'),
(139, 'Wollongong', 'AUS', 'New South Wales'),
(140, 'Hobart', 'AUS', 'Tasmania'),
(141, 'Geelong', 'AUS', 'Victoria'),
(142, 'Townsville', 'AUS', 'Queensland'),
(143, 'Cairns', 'AUS', 'Queensland'),
(144, 'Baku', 'AZE', 'Baki'),
(145, 'Gäncä', 'AZE', 'Gäncä'),
(146, 'Sumqayit', 'AZE', 'Sumqayit'),
(147, 'Mingäçevir', 'AZE', 'Mingäçevir'),
(148, 'Nassau', 'BHS', 'New Providence'),
(149, 'al-Manama', 'BHR', 'al-Manama'),
(150, 'Dhaka', 'BGD', 'Dhaka'),
(151, 'Chittagong', 'BGD', 'Chittagong'),
(152, 'Khulna', 'BGD', 'Khulna'),
(153, 'Rajshahi', 'BGD', 'Rajshahi'),
(154, 'Narayanganj', 'BGD', 'Dhaka'),
(155, 'Rangpur', 'BGD', 'Rajshahi'),
(156, 'Mymensingh', 'BGD', 'Dhaka'),
(157, 'Barisal', 'BGD', 'Barisal'),
(158, 'Tungi', 'BGD', 'Dhaka'),
(159, 'Jessore', 'BGD', 'Khulna'),
(160, 'Comilla', 'BGD', 'Chittagong'),
(161, 'Nawabganj', 'BGD', 'Rajshahi'),
(162, 'Dinajpur', 'BGD', 'Rajshahi'),
(163, 'Bogra', 'BGD', 'Rajshahi'),
(164, 'Sylhet', 'BGD', 'Sylhet'),
(165, 'Brahmanbaria', 'BGD', 'Chittagong'),
(166, 'Tangail', 'BGD', 'Dhaka'),
(167, 'Jamalpur', 'BGD', 'Dhaka'),
(168, 'Pabna', 'BGD', 'Rajshahi'),
(169, 'Naogaon', 'BGD', 'Rajshahi'),
(170, 'Sirajganj', 'BGD', 'Rajshahi'),
(171, 'Narsinghdi', 'BGD', 'Dhaka'),
(172, 'Saidpur', 'BGD', 'Rajshahi'),
(173, 'Gazipur', 'BGD', 'Dhaka'),
(174, 'Bridgetown', 'BRB', 'St Michael'),
(175, 'Antwerpen', 'BEL', 'Antwerpen'),
(176, 'Gent', 'BEL', 'East Flanderi'),
(177, 'Charleroi', 'BEL', 'Hainaut'),
(178, 'Liège', 'BEL', 'Liège'),
(179, 'Bruxelles [Brussel]', 'BEL', 'Bryssel'),
(180, 'Brugge', 'BEL', 'West Flanderi'),
(181, 'Schaerbeek', 'BEL', 'Bryssel'),
(182, 'Namur', 'BEL', 'Namur'),
(183, 'Mons', 'BEL', 'Hainaut'),
(184, 'Belize City', 'BLZ', 'Belize City'),
(185, 'Belmopan', 'BLZ', 'Cayo'),
(186, 'Cotonou', 'BEN', 'Atlantique'),
(187, 'Porto-Novo', 'BEN', 'Ouémé'),
(188, 'Djougou', 'BEN', 'Atacora'),
(189, 'Parakou', 'BEN', 'Borgou'),
(190, 'Saint George', 'BMU', 'Saint George´s'),
(191, 'Hamilton', 'BMU', 'Hamilton'),
(192, 'Thimphu', 'BTN', 'Thimphu'),
(193, 'Santa Cruz de la Sierra', 'BOL', 'Santa Cruz'),
(194, 'La Paz', 'BOL', 'La Paz'),
(195, 'El Alto', 'BOL', 'La Paz'),
(196, 'Cochabamba', 'BOL', 'Cochabamba'),
(197, 'Oruro', 'BOL', 'Oruro'),
(198, 'Sucre', 'BOL', 'Chuquisaca'),
(199, 'Potosí', 'BOL', 'Potosí'),
(200, 'Tarija', 'BOL', 'Tarija'),
(201, 'Sarajevo', 'BIH', 'Federaatio'),
(202, 'Banja Luka', 'BIH', 'Republika Srpska'),
(203, 'Zenica', 'BIH', 'Federaatio'),
(204, 'Gaborone', 'BWA', 'Gaborone'),
(205, 'Francistown', 'BWA', 'Francistown'),
(206, 'São Paulo', 'BRA', 'São Paulo'),
(207, 'Rio de Janeiro', 'BRA', 'Rio de Janeiro'),
(208, 'Salvador', 'BRA', 'Bahia'),
(209, 'Belo Horizonte', 'BRA', 'Minas Gerais'),
(210, 'Fortaleza', 'BRA', 'Ceará'),
(211, 'Brasília', 'BRA', 'Distrito Federal'),
(212, 'Curitiba', 'BRA', 'Paraná'),
(213, 'Recife', 'BRA', 'Pernambuco'),
(214, 'Porto Alegre', 'BRA', 'Rio Grande do Sul'),
(215, 'Manaus', 'BRA', 'Amazonas'),
(216, 'Belém', 'BRA', 'Pará'),
(217, 'Guarulhos', 'BRA', 'São Paulo'),
(218, 'Goiânia', 'BRA', 'Goiás'),
(219, 'Campinas', 'BRA', 'São Paulo'),
(220, 'São Gonçalo', 'BRA', 'Rio de Janeiro'),
(221, 'Nova Iguaçu', 'BRA', 'Rio de Janeiro'),
(222, 'São Luís', 'BRA', 'Maranhão'),
(223, 'Maceió', 'BRA', 'Alagoas'),
(224, 'Duque de Caxias', 'BRA', 'Rio de Janeiro'),
(225, 'São Bernardo do Campo', 'BRA', 'São Paulo'),
(226, 'Teresina', 'BRA', 'Piauí'),
(227, 'Natal', 'BRA', 'Rio Grande do Norte'),
(228, 'Osasco', 'BRA', 'São Paulo'),
(229, 'Campo Grande', 'BRA', 'Mato Grosso do Sul'),
(230, 'Santo André', 'BRA', 'São Paulo'),
(231, 'João Pessoa', 'BRA', 'Paraíba'),
(232, 'Jaboatão dos Guararapes', 'BRA', 'Pernambuco'),
(233, 'Contagem', 'BRA', 'Minas Gerais'),
(234, 'São José dos Campos', 'BRA', 'São Paulo'),
(235, 'Uberlândia', 'BRA', 'Minas Gerais'),
(236, 'Feira de Santana', 'BRA', 'Bahia'),
(237, 'Ribeirão Preto', 'BRA', 'São Paulo'),
(238, 'Sorocaba', 'BRA', 'São Paulo'),
(239, 'Niterói', 'BRA', 'Rio de Janeiro'),
(240, 'Cuiabá', 'BRA', 'Mato Grosso'),
(241, 'Juiz de Fora', 'BRA', 'Minas Gerais'),
(242, 'Aracaju', 'BRA', 'Sergipe'),
(243, 'São João de Meriti', 'BRA', 'Rio de Janeiro'),
(244, 'Londrina', 'BRA', 'Paraná'),
(245, 'Joinville', 'BRA', 'Santa Catarina'),
(246, 'Belford Roxo', 'BRA', 'Rio de Janeiro'),
(247, 'Santos', 'BRA', 'São Paulo'),
(248, 'Ananindeua', 'BRA', 'Pará'),
(249, 'Campos dos Goytacazes', 'BRA', 'Rio de Janeiro'),
(250, 'Mauá', 'BRA', 'São Paulo'),
(251, 'Carapicuíba', 'BRA', 'São Paulo'),
(252, 'Olinda', 'BRA', 'Pernambuco'),
(253, 'Campina Grande', 'BRA', 'Paraíba'),
(254, 'São José do Rio Preto', 'BRA', 'São Paulo'),
(255, 'Caxias do Sul', 'BRA', 'Rio Grande do Sul'),
(256, 'Moji das Cruzes', 'BRA', 'São Paulo'),
(257, 'Diadema', 'BRA', 'São Paulo'),
(258, 'Aparecida de Goiânia', 'BRA', 'Goiás'),
(259, 'Piracicaba', 'BRA', 'São Paulo'),
(260, 'Cariacica', 'BRA', 'Espírito Santo'),
(261, 'Vila Velha', 'BRA', 'Espírito Santo'),
(262, 'Pelotas', 'BRA', 'Rio Grande do Sul'),
(263, 'Bauru', 'BRA', 'São Paulo'),
(264, 'Porto Velho', 'BRA', 'Rondônia'),
(265, 'Serra', 'BRA', 'Espírito Santo'),
(266, 'Betim', 'BRA', 'Minas Gerais'),
(267, 'Jundíaí', 'BRA', 'São Paulo'),
(268, 'Canoas', 'BRA', 'Rio Grande do Sul'),
(269, 'Franca', 'BRA', 'São Paulo'),
(270, 'São Vicente', 'BRA', 'São Paulo'),
(271, 'Maringá', 'BRA', 'Paraná'),
(272, 'Montes Claros', 'BRA', 'Minas Gerais'),
(273, 'Anápolis', 'BRA', 'Goiás'),
(274, 'Florianópolis', 'BRA', 'Santa Catarina'),
(275, 'Petrópolis', 'BRA', 'Rio de Janeiro'),
(276, 'Itaquaquecetuba', 'BRA', 'São Paulo'),
(277, 'Vitória', 'BRA', 'Espírito Santo'),
(278, 'Ponta Grossa', 'BRA', 'Paraná'),
(279, 'Rio Branco', 'BRA', 'Acre'),
(280, 'Foz do Iguaçu', 'BRA', 'Paraná'),
(281, 'Macapá', 'BRA', 'Amapá'),
(282, 'Ilhéus', 'BRA', 'Bahia'),
(283, 'Vitória da Conquista', 'BRA', 'Bahia'),
(284, 'Uberaba', 'BRA', 'Minas Gerais'),
(285, 'Paulista', 'BRA', 'Pernambuco'),
(286, 'Limeira', 'BRA', 'São Paulo'),
(287, 'Blumenau', 'BRA', 'Santa Catarina'),
(288, 'Caruaru', 'BRA', 'Pernambuco'),
(289, 'Santarém', 'BRA', 'Pará'),
(290, 'Volta Redonda', 'BRA', 'Rio de Janeiro'),
(291, 'Novo Hamburgo', 'BRA', 'Rio Grande do Sul'),
(292, 'Caucaia', 'BRA', 'Ceará'),
(293, 'Santa Maria', 'BRA', 'Rio Grande do Sul'),
(294, 'Cascavel', 'BRA', 'Paraná'),
(295, 'Guarujá', 'BRA', 'São Paulo'),
(296, 'Ribeirão das Neves', 'BRA', 'Minas Gerais'),
(297, 'Governador Valadares', 'BRA', 'Minas Gerais'),
(298, 'Taubaté', 'BRA', 'São Paulo'),
(299, 'Imperatriz', 'BRA', 'Maranhão'),
(300, 'Gravataí', 'BRA', 'Rio Grande do Sul'),
(301, 'Embu', 'BRA', 'São Paulo'),
(302, 'Mossoró', 'BRA', 'Rio Grande do Norte'),
(303, 'Várzea Grande', 'BRA', 'Mato Grosso'),
(304, 'Petrolina', 'BRA', 'Pernambuco'),
(305, 'Barueri', 'BRA', 'São Paulo'),
(306, 'Viamão', 'BRA', 'Rio Grande do Sul'),
(307, 'Ipatinga', 'BRA', 'Minas Gerais'),
(308, 'Juazeiro', 'BRA', 'Bahia'),
(309, 'Juazeiro do Norte', 'BRA', 'Ceará'),
(310, 'Taboão da Serra', 'BRA', 'São Paulo'),
(311, 'São José dos Pinhais', 'BRA', 'Paraná'),
(312, 'Magé', 'BRA', 'Rio de Janeiro'),
(313, 'Suzano', 'BRA', 'São Paulo'),
(314, 'São Leopoldo', 'BRA', 'Rio Grande do Sul'),
(315, 'Marília', 'BRA', 'São Paulo'),
(316, 'São Carlos', 'BRA', 'São Paulo'),
(317, 'Sumaré', 'BRA', 'São Paulo'),
(318, 'Presidente Prudente', 'BRA', 'São Paulo'),
(319, 'Divinópolis', 'BRA', 'Minas Gerais'),
(320, 'Sete Lagoas', 'BRA', 'Minas Gerais'),
(321, 'Rio Grande', 'BRA', 'Rio Grande do Sul'),
(322, 'Itabuna', 'BRA', 'Bahia'),
(323, 'Jequié', 'BRA', 'Bahia'),
(324, 'Arapiraca', 'BRA', 'Alagoas'),
(325, 'Colombo', 'BRA', 'Paraná'),
(326, 'Americana', 'BRA', 'São Paulo'),
(327, 'Alvorada', 'BRA', 'Rio Grande do Sul'),
(328, 'Araraquara', 'BRA', 'São Paulo'),
(329, 'Itaboraí', 'BRA', 'Rio de Janeiro'),
(330, 'Santa Bárbara d´Oeste', 'BRA', 'São Paulo'),
(331, 'Nova Friburgo', 'BRA', 'Rio de Janeiro'),
(332, 'Jacareí', 'BRA', 'São Paulo'),
(333, 'Araçatuba', 'BRA', 'São Paulo'),
(334, 'Barra Mansa', 'BRA', 'Rio de Janeiro'),
(335, 'Praia Grande', 'BRA', 'São Paulo'),
(336, 'Marabá', 'BRA', 'Pará'),
(337, 'Criciúma', 'BRA', 'Santa Catarina'),
(338, 'Boa Vista', 'BRA', 'Roraima'),
(339, 'Passo Fundo', 'BRA', 'Rio Grande do Sul'),
(340, 'Dourados', 'BRA', 'Mato Grosso do Sul'),
(341, 'Santa Luzia', 'BRA', 'Minas Gerais'),
(342, 'Rio Claro', 'BRA', 'São Paulo'),
(343, 'Maracanaú', 'BRA', 'Ceará'),
(344, 'Guarapuava', 'BRA', 'Paraná'),
(345, 'Rondonópolis', 'BRA', 'Mato Grosso'),
(346, 'São José', 'BRA', 'Santa Catarina'),
(347, 'Cachoeiro de Itapemirim', 'BRA', 'Espírito Santo'),
(348, 'Nilópolis', 'BRA', 'Rio de Janeiro'),
(349, 'Itapevi', 'BRA', 'São Paulo'),
(350, 'Cabo de Santo Agostinho', 'BRA', 'Pernambuco'),
(351, 'Camaçari', 'BRA', 'Bahia'),
(352, 'Sobral', 'BRA', 'Ceará'),
(353, 'Itajaí', 'BRA', 'Santa Catarina'),
(354, 'Chapecó', 'BRA', 'Santa Catarina'),
(355, 'Cotia', 'BRA', 'São Paulo'),
(356, 'Lages', 'BRA', 'Santa Catarina'),
(357, 'Ferraz de Vasconcelos', 'BRA', 'São Paulo'),
(358, 'Indaiatuba', 'BRA', 'São Paulo'),
(359, 'Hortolândia', 'BRA', 'São Paulo'),
(360, 'Caxias', 'BRA', 'Maranhão'),
(361, 'São Caetano do Sul', 'BRA', 'São Paulo'),
(362, 'Itu', 'BRA', 'São Paulo'),
(363, 'Nossa Senhora do Socorro', 'BRA', 'Sergipe'),
(364, 'Parnaíba', 'BRA', 'Piauí'),
(365, 'Poços de Caldas', 'BRA', 'Minas Gerais'),
(366, 'Teresópolis', 'BRA', 'Rio de Janeiro'),
(367, 'Barreiras', 'BRA', 'Bahia'),
(368, 'Castanhal', 'BRA', 'Pará'),
(369, 'Alagoinhas', 'BRA', 'Bahia'),
(370, 'Itapecerica da Serra', 'BRA', 'São Paulo'),
(371, 'Uruguaiana', 'BRA', 'Rio Grande do Sul'),
(372, 'Paranaguá', 'BRA', 'Paraná'),
(373, 'Ibirité', 'BRA', 'Minas Gerais'),
(374, 'Timon', 'BRA', 'Maranhão'),
(375, 'Luziânia', 'BRA', 'Goiás'),
(376, 'Macaé', 'BRA', 'Rio de Janeiro'),
(377, 'Teófilo Otoni', 'BRA', 'Minas Gerais'),
(378, 'Moji-Guaçu', 'BRA', 'São Paulo'),
(379, 'Palmas', 'BRA', 'Tocantins'),
(380, 'Pindamonhangaba', 'BRA', 'São Paulo'),
(381, 'Francisco Morato', 'BRA', 'São Paulo'),
(382, 'Bagé', 'BRA', 'Rio Grande do Sul'),
(383, 'Sapucaia do Sul', 'BRA', 'Rio Grande do Sul'),
(384, 'Cabo Frio', 'BRA', 'Rio de Janeiro'),
(385, 'Itapetininga', 'BRA', 'São Paulo'),
(386, 'Patos de Minas', 'BRA', 'Minas Gerais'),
(387, 'Camaragibe', 'BRA', 'Pernambuco'),
(388, 'Bragança Paulista', 'BRA', 'São Paulo'),
(389, 'Queimados', 'BRA', 'Rio de Janeiro'),
(390, 'Araguaína', 'BRA', 'Tocantins'),
(391, 'Garanhuns', 'BRA', 'Pernambuco'),
(392, 'Vitória de Santo Antão', 'BRA', 'Pernambuco'),
(393, 'Santa Rita', 'BRA', 'Paraíba'),
(394, 'Barbacena', 'BRA', 'Minas Gerais'),
(395, 'Abaetetuba', 'BRA', 'Pará'),
(396, 'Jaú', 'BRA', 'São Paulo'),
(397, 'Lauro de Freitas', 'BRA', 'Bahia'),
(398, 'Franco da Rocha', 'BRA', 'São Paulo'),
(399, 'Teixeira de Freitas', 'BRA', 'Bahia'),
(400, 'Varginha', 'BRA', 'Minas Gerais'),
(401, 'Ribeirão Pires', 'BRA', 'São Paulo'),
(402, 'Sabará', 'BRA', 'Minas Gerais'),
(403, 'Catanduva', 'BRA', 'São Paulo'),
(404, 'Rio Verde', 'BRA', 'Goiás'),
(405, 'Botucatu', 'BRA', 'São Paulo'),
(406, 'Colatina', 'BRA', 'Espírito Santo'),
(407, 'Santa Cruz do Sul', 'BRA', 'Rio Grande do Sul'),
(408, 'Linhares', 'BRA', 'Espírito Santo'),
(409, 'Apucarana', 'BRA', 'Paraná'),
(410, 'Barretos', 'BRA', 'São Paulo'),
(411, 'Guaratinguetá', 'BRA', 'São Paulo'),
(412, 'Cachoeirinha', 'BRA', 'Rio Grande do Sul'),
(413, 'Codó', 'BRA', 'Maranhão'),
(414, 'Jaraguá do Sul', 'BRA', 'Santa Catarina'),
(415, 'Cubatão', 'BRA', 'São Paulo'),
(416, 'Itabira', 'BRA', 'Minas Gerais'),
(417, 'Itaituba', 'BRA', 'Pará'),
(418, 'Araras', 'BRA', 'São Paulo'),
(419, 'Resende', 'BRA', 'Rio de Janeiro'),
(420, 'Atibaia', 'BRA', 'São Paulo'),
(421, 'Pouso Alegre', 'BRA', 'Minas Gerais'),
(422, 'Toledo', 'BRA', 'Paraná'),
(423, 'Crato', 'BRA', 'Ceará'),
(424, 'Passos', 'BRA', 'Minas Gerais'),
(425, 'Araguari', 'BRA', 'Minas Gerais'),
(426, 'São José de Ribamar', 'BRA', 'Maranhão'),
(427, 'Pinhais', 'BRA', 'Paraná'),
(428, 'Sertãozinho', 'BRA', 'São Paulo'),
(429, 'Conselheiro Lafaiete', 'BRA', 'Minas Gerais'),
(430, 'Paulo Afonso', 'BRA', 'Bahia'),
(431, 'Angra dos Reis', 'BRA', 'Rio de Janeiro'),
(432, 'Eunápolis', 'BRA', 'Bahia'),
(433, 'Salto', 'BRA', 'São Paulo'),
(434, 'Ourinhos', 'BRA', 'São Paulo'),
(435, 'Parnamirim', 'BRA', 'Rio Grande do Norte'),
(436, 'Jacobina', 'BRA', 'Bahia'),
(437, 'Coronel Fabriciano', 'BRA', 'Minas Gerais'),
(438, 'Birigui', 'BRA', 'São Paulo'),
(439, 'Tatuí', 'BRA', 'São Paulo'),
(440, 'Ji-Paraná', 'BRA', 'Rondônia'),
(441, 'Bacabal', 'BRA', 'Maranhão'),
(442, 'Cametá', 'BRA', 'Pará'),
(443, 'Guaíba', 'BRA', 'Rio Grande do Sul'),
(444, 'São Lourenço da Mata', 'BRA', 'Pernambuco'),
(445, 'Santana do Livramento', 'BRA', 'Rio Grande do Sul'),
(446, 'Votorantim', 'BRA', 'São Paulo'),
(447, 'Campo Largo', 'BRA', 'Paraná'),
(448, 'Patos', 'BRA', 'Paraíba'),
(449, 'Ituiutaba', 'BRA', 'Minas Gerais'),
(450, 'Corumbá', 'BRA', 'Mato Grosso do Sul'),
(451, 'Palhoça', 'BRA', 'Santa Catarina'),
(452, 'Barra do Piraí', 'BRA', 'Rio de Janeiro'),
(453, 'Bento Gonçalves', 'BRA', 'Rio Grande do Sul'),
(454, 'Poá', 'BRA', 'São Paulo'),
(455, 'Águas Lindas de Goiás', 'BRA', 'Goiás'),
(456, 'London', 'GBR', 'England'),
(457, 'Birmingham', 'GBR', 'England'),
(458, 'Glasgow', 'GBR', 'Scotland'),
(459, 'Liverpool', 'GBR', 'England'),
(460, 'Edinburgh', 'GBR', 'Scotland'),
(461, 'Sheffield', 'GBR', 'England'),
(462, 'Manchester', 'GBR', 'England'),
(463, 'Leeds', 'GBR', 'England'),
(464, 'Bristol', 'GBR', 'England'),
(465, 'Cardiff', 'GBR', 'Wales'),
(466, 'Coventry', 'GBR', 'England'),
(467, 'Leicester', 'GBR', 'England'),
(468, 'Bradford', 'GBR', 'England'),
(469, 'Belfast', 'GBR', 'North Ireland'),
(470, 'Nottingham', 'GBR', 'England'),
(471, 'Kingston upon Hull', 'GBR', 'England'),
(472, 'Plymouth', 'GBR', 'England'),
(473, 'Stoke-on-Trent', 'GBR', 'England'),
(474, 'Wolverhampton', 'GBR', 'England'),
(475, 'Derby', 'GBR', 'England'),
(476, 'Swansea', 'GBR', 'Wales'),
(477, 'Southampton', 'GBR', 'England'),
(478, 'Aberdeen', 'GBR', 'Scotland'),
(479, 'Northampton', 'GBR', 'England'),
(480, 'Dudley', 'GBR', 'England'),
(481, 'Portsmouth', 'GBR', 'England'),
(482, 'Newcastle upon Tyne', 'GBR', 'England'),
(483, 'Sunderland', 'GBR', 'England'),
(484, 'Luton', 'GBR', 'England'),
(485, 'Swindon', 'GBR', 'England'),
(486, 'Southend-on-Sea', 'GBR', 'England'),
(487, 'Walsall', 'GBR', 'England'),
(488, 'Bournemouth', 'GBR', 'England'),
(489, 'Peterborough', 'GBR', 'England'),
(490, 'Brighton', 'GBR', 'England'),
(491, 'Blackpool', 'GBR', 'England'),
(492, 'Dundee', 'GBR', 'Scotland'),
(493, 'West Bromwich', 'GBR', 'England'),
(494, 'Reading', 'GBR', 'England'),
(495, 'Oldbury/Smethwick (Warley)', 'GBR', 'England'),
(496, 'Middlesbrough', 'GBR', 'England'),
(497, 'Huddersfield', 'GBR', 'England'),
(498, 'Oxford', 'GBR', 'England'),
(499, 'Poole', 'GBR', 'England'),
(500, 'Bolton', 'GBR', 'England'),
(501, 'Blackburn', 'GBR', 'England'),
(502, 'Newport', 'GBR', 'Wales'),
(503, 'Preston', 'GBR', 'England'),
(504, 'Stockport', 'GBR', 'England'),
(505, 'Norwich', 'GBR', 'England'),
(506, 'Rotherham', 'GBR', 'England'),
(507, 'Cambridge', 'GBR', 'England'),
(508, 'Watford', 'GBR', 'England'),
(509, 'Ipswich', 'GBR', 'England'),
(510, 'Slough', 'GBR', 'England'),
(511, 'Exeter', 'GBR', 'England'),
(512, 'Cheltenham', 'GBR', 'England'),
(513, 'Gloucester', 'GBR', 'England'),
(514, 'Saint Helens', 'GBR', 'England'),
(515, 'Sutton Coldfield', 'GBR', 'England'),
(516, 'York', 'GBR', 'England'),
(517, 'Oldham', 'GBR', 'England'),
(518, 'Basildon', 'GBR', 'England'),
(519, 'Worthing', 'GBR', 'England'),
(520, 'Chelmsford', 'GBR', 'England'),
(521, 'Colchester', 'GBR', 'England'),
(522, 'Crawley', 'GBR', 'England'),
(523, 'Gillingham', 'GBR', 'England'),
(524, 'Solihull', 'GBR', 'England'),
(525, 'Rochdale', 'GBR', 'England'),
(526, 'Birkenhead', 'GBR', 'England'),
(527, 'Worcester', 'GBR', 'England'),
(528, 'Hartlepool', 'GBR', 'England'),
(529, 'Halifax', 'GBR', 'England'),
(530, 'Woking/Byfleet', 'GBR', 'England'),
(531, 'Southport', 'GBR', 'England'),
(532, 'Maidstone', 'GBR', 'England'),
(533, 'Eastbourne', 'GBR', 'England'),
(534, 'Grimsby', 'GBR', 'England'),
(535, 'Saint Helier', 'GBR', 'Jersey'),
(536, 'Douglas', 'GBR', '–'),
(537, 'Road Town', 'VGB', 'Tortola'),
(538, 'Bandar Seri Begawan', 'BRN', 'Brunei and Muara'),
(539, 'Sofija', 'BGR', 'Grad Sofija'),
(540, 'Plovdiv', 'BGR', 'Plovdiv'),
(541, 'Varna', 'BGR', 'Varna'),
(542, 'Burgas', 'BGR', 'Burgas'),
(543, 'Ruse', 'BGR', 'Ruse'),
(544, 'Stara Zagora', 'BGR', 'Haskovo'),
(545, 'Pleven', 'BGR', 'Lovec'),
(546, 'Sliven', 'BGR', 'Burgas'),
(547, 'Dobric', 'BGR', 'Varna'),
(548, 'Šumen', 'BGR', 'Varna'),
(549, 'Ouagadougou', 'BFA', 'Kadiogo'),
(550, 'Bobo-Dioulasso', 'BFA', 'Houet'),
(551, 'Koudougou', 'BFA', 'Boulkiemdé'),
(552, 'Bujumbura', 'BDI', 'Bujumbura'),
(553, 'George Town', 'CYM', 'Grand Cayman'),
(554, 'Santiago de Chile', 'CHL', 'Santiago'),
(555, 'Puente Alto', 'CHL', 'Santiago'),
(556, 'Viña del Mar', 'CHL', 'Valparaíso'),
(557, 'Valparaíso', 'CHL', 'Valparaíso'),
(558, 'Talcahuano', 'CHL', 'Bíobío'),
(559, 'Antofagasta', 'CHL', 'Antofagasta'),
(560, 'San Bernardo', 'CHL', 'Santiago'),
(561, 'Temuco', 'CHL', 'La Araucanía'),
(562, 'Concepción', 'CHL', 'Bíobío'),
(563, 'Rancagua', 'CHL', 'O´Higgins'),
(564, 'Arica', 'CHL', 'Tarapacá'),
(565, 'Talca', 'CHL', 'Maule'),
(566, 'Chillán', 'CHL', 'Bíobío'),
(567, 'Iquique', 'CHL', 'Tarapacá'),
(568, 'Los Angeles', 'CHL', 'Bíobío'),
(569, 'Puerto Montt', 'CHL', 'Los Lagos'),
(570, 'Coquimbo', 'CHL', 'Coquimbo'),
(571, 'Osorno', 'CHL', 'Los Lagos'),
(572, 'La Serena', 'CHL', 'Coquimbo'),
(573, 'Calama', 'CHL', 'Antofagasta'),
(574, 'Valdivia', 'CHL', 'Los Lagos'),
(575, 'Punta Arenas', 'CHL', 'Magallanes'),
(576, 'Copiapó', 'CHL', 'Atacama'),
(577, 'Quilpué', 'CHL', 'Valparaíso'),
(578, 'Curicó', 'CHL', 'Maule'),
(579, 'Ovalle', 'CHL', 'Coquimbo'),
(580, 'Coronel', 'CHL', 'Bíobío'),
(581, 'San Pedro de la Paz', 'CHL', 'Bíobío'),
(582, 'Melipilla', 'CHL', 'Santiago'),
(583, 'Avarua', 'COK', 'Rarotonga'),
(584, 'San José', 'CRI', 'San José'),
(585, 'Djibouti', 'DJI', 'Djibouti'),
(586, 'Roseau', 'DMA', 'St George'),
(587, 'Santo Domingo de Guzmán', 'DOM', 'Distrito Nacional'),
(588, 'Santiago de los Caballeros', 'DOM', 'Santiago'),
(589, 'La Romana', 'DOM', 'La Romana'),
(590, 'San Pedro de Macorís', 'DOM', 'San Pedro de Macorís'),
(591, 'San Francisco de Macorís', 'DOM', 'Duarte'),
(592, 'San Felipe de Puerto Plata', 'DOM', 'Puerto Plata'),
(593, 'Guayaquil', 'ECU', 'Guayas'),
(594, 'Quito', 'ECU', 'Pichincha'),
(595, 'Cuenca', 'ECU', 'Azuay'),
(596, 'Machala', 'ECU', 'El Oro'),
(597, 'Santo Domingo de los Colorados', 'ECU', 'Pichincha'),
(598, 'Portoviejo', 'ECU', 'Manabí'),
(599, 'Ambato', 'ECU', 'Tungurahua'),
(600, 'Manta', 'ECU', 'Manabí'),
(601, 'Duran [Eloy Alfaro]', 'ECU', 'Guayas'),
(602, 'Ibarra', 'ECU', 'Imbabura'),
(603, 'Quevedo', 'ECU', 'Los Ríos'),
(604, 'Milagro', 'ECU', 'Guayas'),
(605, 'Loja', 'ECU', 'Loja'),
(606, 'Ríobamba', 'ECU', 'Chimborazo'),
(607, 'Esmeraldas', 'ECU', 'Esmeraldas'),
(608, 'Cairo', 'EGY', 'Kairo'),
(609, 'Alexandria', 'EGY', 'Aleksandria'),
(610, 'Giza', 'EGY', 'Giza'),
(611, 'Shubra al-Khayma', 'EGY', 'al-Qalyubiya'),
(612, 'Port Said', 'EGY', 'Port Said'),
(613, 'Suez', 'EGY', 'Suez'),
(614, 'al-Mahallat al-Kubra', 'EGY', 'al-Gharbiya'),
(615, 'Tanta', 'EGY', 'al-Gharbiya'),
(616, 'al-Mansura', 'EGY', 'al-Daqahliya'),
(617, 'Luxor', 'EGY', 'Luxor'),
(618, 'Asyut', 'EGY', 'Asyut'),
(619, 'Bahtim', 'EGY', 'al-Qalyubiya'),
(620, 'Zagazig', 'EGY', 'al-Sharqiya'),
(621, 'al-Faiyum', 'EGY', 'al-Faiyum'),
(622, 'Ismailia', 'EGY', 'Ismailia'),
(623, 'Kafr al-Dawwar', 'EGY', 'al-Buhayra'),
(624, 'Assuan', 'EGY', 'Assuan'),
(625, 'Damanhur', 'EGY', 'al-Buhayra'),
(626, 'al-Minya', 'EGY', 'al-Minya'),
(627, 'Bani Suwayf', 'EGY', 'Bani Suwayf'),
(628, 'Qina', 'EGY', 'Qina'),
(629, 'Sawhaj', 'EGY', 'Sawhaj'),
(630, 'Shibin al-Kawm', 'EGY', 'al-Minufiya'),
(631, 'Bulaq al-Dakrur', 'EGY', 'Giza'),
(632, 'Banha', 'EGY', 'al-Qalyubiya'),
(633, 'Warraq al-Arab', 'EGY', 'Giza'),
(634, 'Kafr al-Shaykh', 'EGY', 'Kafr al-Shaykh'),
(635, 'Mallawi', 'EGY', 'al-Minya'),
(636, 'Bilbays', 'EGY', 'al-Sharqiya'),
(637, 'Mit Ghamr', 'EGY', 'al-Daqahliya'),
(638, 'al-Arish', 'EGY', 'Shamal Sina'),
(639, 'Talkha', 'EGY', 'al-Daqahliya'),
(640, 'Qalyub', 'EGY', 'al-Qalyubiya'),
(641, 'Jirja', 'EGY', 'Sawhaj'),
(642, 'Idfu', 'EGY', 'Qina'),
(643, 'al-Hawamidiya', 'EGY', 'Giza'),
(644, 'Disuq', 'EGY', 'Kafr al-Shaykh'),
(645, 'San Salvador', 'SLV', 'San Salvador'),
(646, 'Santa Ana', 'SLV', 'Santa Ana'),
(647, 'Mejicanos', 'SLV', 'San Salvador'),
(648, 'Soyapango', 'SLV', 'San Salvador'),
(649, 'San Miguel', 'SLV', 'San Miguel'),
(650, 'Nueva San Salvador', 'SLV', 'La Libertad'),
(651, 'Apopa', 'SLV', 'San Salvador'),
(652, 'Asmara', 'ERI', 'Maekel'),
(653, 'Madrid', 'ESP', 'Madrid'),
(654, 'Barcelona', 'ESP', 'Katalonia'),
(655, 'Valencia', 'ESP', 'Valencia'),
(656, 'Sevilla', 'ESP', 'Andalusia'),
(657, 'Zaragoza', 'ESP', 'Aragonia'),
(658, 'Málaga', 'ESP', 'Andalusia'),
(659, 'Bilbao', 'ESP', 'Baskimaa'),
(660, 'Las Palmas de Gran Canaria', 'ESP', 'Canary Islands'),
(661, 'Murcia', 'ESP', 'Murcia'),
(662, 'Palma de Mallorca', 'ESP', 'Balears'),
(663, 'Valladolid', 'ESP', 'Castilla and León'),
(664, 'Córdoba', 'ESP', 'Andalusia'),
(665, 'Vigo', 'ESP', 'Galicia'),
(666, 'Alicante [Alacant]', 'ESP', 'Valencia'),
(667, 'Gijón', 'ESP', 'Asturia'),
(668, 'L´Hospitalet de Llobregat', 'ESP', 'Katalonia'),
(669, 'Granada', 'ESP', 'Andalusia'),
(670, 'A Coruña (La Coruña)', 'ESP', 'Galicia'),
(671, 'Vitoria-Gasteiz', 'ESP', 'Baskimaa'),
(672, 'Santa Cruz de Tenerife', 'ESP', 'Canary Islands'),
(673, 'Badalona', 'ESP', 'Katalonia'),
(674, 'Oviedo', 'ESP', 'Asturia'),
(675, 'Móstoles', 'ESP', 'Madrid'),
(676, 'Elche [Elx]', 'ESP', 'Valencia'),
(677, 'Sabadell', 'ESP', 'Katalonia'),
(678, 'Santander', 'ESP', 'Cantabria'),
(679, 'Jerez de la Frontera', 'ESP', 'Andalusia'),
(680, 'Pamplona [Iruña]', 'ESP', 'Navarra'),
(681, 'Donostia-San Sebastián', 'ESP', 'Baskimaa'),
(682, 'Cartagena', 'ESP', 'Murcia'),
(683, 'Leganés', 'ESP', 'Madrid'),
(684, 'Fuenlabrada', 'ESP', 'Madrid'),
(685, 'Almería', 'ESP', 'Andalusia'),
(686, 'Terrassa', 'ESP', 'Katalonia'),
(687, 'Alcalá de Henares', 'ESP', 'Madrid'),
(688, 'Burgos', 'ESP', 'Castilla and León'),
(689, 'Salamanca', 'ESP', 'Castilla and León'),
(690, 'Albacete', 'ESP', 'Kastilia-La Mancha'),
(691, 'Getafe', 'ESP', 'Madrid'),
(692, 'Cádiz', 'ESP', 'Andalusia'),
(693, 'Alcorcón', 'ESP', 'Madrid'),
(694, 'Huelva', 'ESP', 'Andalusia'),
(695, 'León', 'ESP', 'Castilla and León'),
(696, 'Castellón de la Plana [Castell', 'ESP', 'Valencia'),
(697, 'Badajoz', 'ESP', 'Extremadura'),
(698, '[San Cristóbal de] la Laguna', 'ESP', 'Canary Islands'),
(699, 'Logroño', 'ESP', 'La Rioja'),
(700, 'Santa Coloma de Gramenet', 'ESP', 'Katalonia'),
(701, 'Tarragona', 'ESP', 'Katalonia'),
(702, 'Lleida (Lérida)', 'ESP', 'Katalonia'),
(703, 'Jaén', 'ESP', 'Andalusia'),
(704, 'Ourense (Orense)', 'ESP', 'Galicia'),
(705, 'Mataró', 'ESP', 'Katalonia'),
(706, 'Algeciras', 'ESP', 'Andalusia'),
(707, 'Marbella', 'ESP', 'Andalusia'),
(708, 'Barakaldo', 'ESP', 'Baskimaa'),
(709, 'Dos Hermanas', 'ESP', 'Andalusia'),
(710, 'Santiago de Compostela', 'ESP', 'Galicia'),
(711, 'Torrejón de Ardoz', 'ESP', 'Madrid'),
(712, 'Cape Town', 'ZAF', 'Western Cape'),
(713, 'Soweto', 'ZAF', 'Gauteng'),
(714, 'Johannesburg', 'ZAF', 'Gauteng'),
(715, 'Port Elizabeth', 'ZAF', 'Eastern Cape'),
(716, 'Pretoria', 'ZAF', 'Gauteng'),
(717, 'Inanda', 'ZAF', 'KwaZulu-Natal'),
(718, 'Durban', 'ZAF', 'KwaZulu-Natal'),
(719, 'Vanderbijlpark', 'ZAF', 'Gauteng'),
(720, 'Kempton Park', 'ZAF', 'Gauteng'),
(721, 'Alberton', 'ZAF', 'Gauteng'),
(722, 'Pinetown', 'ZAF', 'KwaZulu-Natal'),
(723, 'Pietermaritzburg', 'ZAF', 'KwaZulu-Natal'),
(724, 'Benoni', 'ZAF', 'Gauteng'),
(725, 'Randburg', 'ZAF', 'Gauteng'),
(726, 'Umlazi', 'ZAF', 'KwaZulu-Natal'),
(727, 'Bloemfontein', 'ZAF', 'Free State'),
(728, 'Vereeniging', 'ZAF', 'Gauteng'),
(729, 'Wonderboom', 'ZAF', 'Gauteng'),
(730, 'Roodepoort', 'ZAF', 'Gauteng'),
(731, 'Boksburg', 'ZAF', 'Gauteng'),
(732, 'Klerksdorp', 'ZAF', 'North West'),
(733, 'Soshanguve', 'ZAF', 'Gauteng'),
(734, 'Newcastle', 'ZAF', 'KwaZulu-Natal'),
(735, 'East London', 'ZAF', 'Eastern Cape'),
(736, 'Welkom', 'ZAF', 'Free State'),
(737, 'Kimberley', 'ZAF', 'Northern Cape'),
(738, 'Uitenhage', 'ZAF', 'Eastern Cape'),
(739, 'Chatsworth', 'ZAF', 'KwaZulu-Natal'),
(740, 'Mdantsane', 'ZAF', 'Eastern Cape'),
(741, 'Krugersdorp', 'ZAF', 'Gauteng'),
(742, 'Botshabelo', 'ZAF', 'Free State'),
(743, 'Brakpan', 'ZAF', 'Gauteng'),
(744, 'Witbank', 'ZAF', 'Mpumalanga'),
(745, 'Oberholzer', 'ZAF', 'Gauteng'),
(746, 'Germiston', 'ZAF', 'Gauteng'),
(747, 'Springs', 'ZAF', 'Gauteng'),
(748, 'Westonaria', 'ZAF', 'Gauteng'),
(749, 'Randfontein', 'ZAF', 'Gauteng'),
(750, 'Paarl', 'ZAF', 'Western Cape'),
(751, 'Potchefstroom', 'ZAF', 'North West'),
(752, 'Rustenburg', 'ZAF', 'North West'),
(753, 'Nigel', 'ZAF', 'Gauteng'),
(754, 'George', 'ZAF', 'Western Cape'),
(755, 'Ladysmith', 'ZAF', 'KwaZulu-Natal'),
(756, 'Addis Abeba', 'ETH', 'Addis Abeba'),
(757, 'Dire Dawa', 'ETH', 'Dire Dawa'),
(758, 'Nazret', 'ETH', 'Oromia'),
(759, 'Gonder', 'ETH', 'Amhara'),
(760, 'Dese', 'ETH', 'Amhara'),
(761, 'Mekele', 'ETH', 'Tigray'),
(762, 'Bahir Dar', 'ETH', 'Amhara'),
(763, 'Stanley', 'FLK', 'East Falkland'),
(764, 'Suva', 'FJI', 'Central'),
(765, 'Quezon', 'PHL', 'National Capital Reg'),
(766, 'Manila', 'PHL', 'National Capital Reg'),
(767, 'Kalookan', 'PHL', 'National Capital Reg'),
(768, 'Davao', 'PHL', 'Southern Mindanao'),
(769, 'Cebu', 'PHL', 'Central Visayas'),
(770, 'Zamboanga', 'PHL', 'Western Mindanao'),
(771, 'Pasig', 'PHL', 'National Capital Reg'),
(772, 'Valenzuela', 'PHL', 'National Capital Reg'),
(773, 'Las Piñas', 'PHL', 'National Capital Reg'),
(774, 'Antipolo', 'PHL', 'Southern Tagalog'),
(775, 'Taguig', 'PHL', 'National Capital Reg'),
(776, 'Cagayan de Oro', 'PHL', 'Northern Mindanao'),
(777, 'Parañaque', 'PHL', 'National Capital Reg'),
(778, 'Makati', 'PHL', 'National Capital Reg'),
(779, 'Bacolod', 'PHL', 'Western Visayas'),
(780, 'General Santos', 'PHL', 'Southern Mindanao'),
(781, 'Marikina', 'PHL', 'National Capital Reg'),
(782, 'Dasmariñas', 'PHL', 'Southern Tagalog'),
(783, 'Muntinlupa', 'PHL', 'National Capital Reg'),
(784, 'Iloilo', 'PHL', 'Western Visayas'),
(785, 'Pasay', 'PHL', 'National Capital Reg'),
(786, 'Malabon', 'PHL', 'National Capital Reg'),
(787, 'San José del Monte', 'PHL', 'Central Luzon'),
(788, 'Bacoor', 'PHL', 'Southern Tagalog'),
(789, 'Iligan', 'PHL', 'Central Mindanao'),
(790, 'Calamba', 'PHL', 'Southern Tagalog'),
(791, 'Mandaluyong', 'PHL', 'National Capital Reg'),
(792, 'Butuan', 'PHL', 'Caraga'),
(793, 'Angeles', 'PHL', 'Central Luzon'),
(794, 'Tarlac', 'PHL', 'Central Luzon'),
(795, 'Mandaue', 'PHL', 'Central Visayas'),
(796, 'Baguio', 'PHL', 'CAR'),
(797, 'Batangas', 'PHL', 'Southern Tagalog'),
(798, 'Cainta', 'PHL', 'Southern Tagalog'),
(799, 'San Pedro', 'PHL', 'Southern Tagalog'),
(800, 'Navotas', 'PHL', 'National Capital Reg'),
(801, 'Cabanatuan', 'PHL', 'Central Luzon'),
(802, 'San Fernando', 'PHL', 'Central Luzon'),
(803, 'Lipa', 'PHL', 'Southern Tagalog'),
(804, 'Lapu-Lapu', 'PHL', 'Central Visayas'),
(805, 'San Pablo', 'PHL', 'Southern Tagalog'),
(806, 'Biñan', 'PHL', 'Southern Tagalog'),
(807, 'Taytay', 'PHL', 'Southern Tagalog'),
(808, 'Lucena', 'PHL', 'Southern Tagalog'),
(809, 'Imus', 'PHL', 'Southern Tagalog'),
(810, 'Olongapo', 'PHL', 'Central Luzon'),
(811, 'Binangonan', 'PHL', 'Southern Tagalog'),
(812, 'Santa Rosa', 'PHL', 'Southern Tagalog'),
(813, 'Tagum', 'PHL', 'Southern Mindanao'),
(814, 'Tacloban', 'PHL', 'Eastern Visayas'),
(815, 'Malolos', 'PHL', 'Central Luzon'),
(816, 'Mabalacat', 'PHL', 'Central Luzon'),
(817, 'Cotabato', 'PHL', 'Central Mindanao'),
(818, 'Meycauayan', 'PHL', 'Central Luzon'),
(819, 'Puerto Princesa', 'PHL', 'Southern Tagalog'),
(820, 'Legazpi', 'PHL', 'Bicol'),
(821, 'Silang', 'PHL', 'Southern Tagalog'),
(822, 'Ormoc', 'PHL', 'Eastern Visayas'),
(823, 'San Carlos', 'PHL', 'Ilocos'),
(824, 'Kabankalan', 'PHL', 'Western Visayas'),
(825, 'Talisay', 'PHL', 'Central Visayas'),
(826, 'Valencia', 'PHL', 'Northern Mindanao'),
(827, 'Calbayog', 'PHL', 'Eastern Visayas'),
(828, 'Santa Maria', 'PHL', 'Central Luzon'),
(829, 'Pagadian', 'PHL', 'Western Mindanao'),
(830, 'Cadiz', 'PHL', 'Western Visayas'),
(831, 'Bago', 'PHL', 'Western Visayas'),
(832, 'Toledo', 'PHL', 'Central Visayas'),
(833, 'Naga', 'PHL', 'Bicol'),
(834, 'San Mateo', 'PHL', 'Southern Tagalog'),
(835, 'Panabo', 'PHL', 'Southern Mindanao'),
(836, 'Koronadal', 'PHL', 'Southern Mindanao'),
(837, 'Marawi', 'PHL', 'Central Mindanao'),
(838, 'Dagupan', 'PHL', 'Ilocos'),
(839, 'Sagay', 'PHL', 'Western Visayas'),
(840, 'Roxas', 'PHL', 'Western Visayas'),
(841, 'Lubao', 'PHL', 'Central Luzon'),
(842, 'Digos', 'PHL', 'Southern Mindanao'),
(843, 'San Miguel', 'PHL', 'Central Luzon'),
(844, 'Malaybalay', 'PHL', 'Northern Mindanao'),
(845, 'Tuguegarao', 'PHL', 'Cagayan Valley'),
(846, 'Ilagan', 'PHL', 'Cagayan Valley'),
(847, 'Baliuag', 'PHL', 'Central Luzon'),
(848, 'Surigao', 'PHL', 'Caraga'),
(849, 'San Carlos', 'PHL', 'Western Visayas'),
(850, 'San Juan del Monte', 'PHL', 'National Capital Reg'),
(851, 'Tanauan', 'PHL', 'Southern Tagalog'),
(852, 'Concepcion', 'PHL', 'Central Luzon'),
(853, 'Rodriguez (Montalban)', 'PHL', 'Southern Tagalog'),
(854, 'Sariaya', 'PHL', 'Southern Tagalog'),
(855, 'Malasiqui', 'PHL', 'Ilocos'),
(856, 'General Mariano Alvarez', 'PHL', 'Southern Tagalog'),
(857, 'Urdaneta', 'PHL', 'Ilocos'),
(858, 'Hagonoy', 'PHL', 'Central Luzon'),
(859, 'San Jose', 'PHL', 'Southern Tagalog'),
(860, 'Polomolok', 'PHL', 'Southern Mindanao'),
(861, 'Santiago', 'PHL', 'Cagayan Valley'),
(862, 'Tanza', 'PHL', 'Southern Tagalog'),
(863, 'Ozamis', 'PHL', 'Northern Mindanao'),
(864, 'Mexico', 'PHL', 'Central Luzon'),
(865, 'San Jose', 'PHL', 'Central Luzon'),
(866, 'Silay', 'PHL', 'Western Visayas'),
(867, 'General Trias', 'PHL', 'Southern Tagalog'),
(868, 'Tabaco', 'PHL', 'Bicol'),
(869, 'Cabuyao', 'PHL', 'Southern Tagalog'),
(870, 'Calapan', 'PHL', 'Southern Tagalog'),
(871, 'Mati', 'PHL', 'Southern Mindanao'),
(872, 'Midsayap', 'PHL', 'Central Mindanao'),
(873, 'Cauayan', 'PHL', 'Cagayan Valley'),
(874, 'Gingoog', 'PHL', 'Northern Mindanao'),
(875, 'Dumaguete', 'PHL', 'Central Visayas'),
(876, 'San Fernando', 'PHL', 'Ilocos'),
(877, 'Arayat', 'PHL', 'Central Luzon'),
(878, 'Bayawan (Tulong)', 'PHL', 'Central Visayas'),
(879, 'Kidapawan', 'PHL', 'Central Mindanao'),
(880, 'Daraga (Locsin)', 'PHL', 'Bicol'),
(881, 'Marilao', 'PHL', 'Central Luzon'),
(882, 'Malita', 'PHL', 'Southern Mindanao'),
(883, 'Dipolog', 'PHL', 'Western Mindanao'),
(884, 'Cavite', 'PHL', 'Southern Tagalog'),
(885, 'Danao', 'PHL', 'Central Visayas'),
(886, 'Bislig', 'PHL', 'Caraga'),
(887, 'Talavera', 'PHL', 'Central Luzon'),
(888, 'Guagua', 'PHL', 'Central Luzon'),
(889, 'Bayambang', 'PHL', 'Ilocos'),
(890, 'Nasugbu', 'PHL', 'Southern Tagalog'),
(891, 'Baybay', 'PHL', 'Eastern Visayas'),
(892, 'Capas', 'PHL', 'Central Luzon'),
(893, 'Sultan Kudarat', 'PHL', 'ARMM'),
(894, 'Laoag', 'PHL', 'Ilocos'),
(895, 'Bayugan', 'PHL', 'Caraga'),
(896, 'Malungon', 'PHL', 'Southern Mindanao'),
(897, 'Santa Cruz', 'PHL', 'Southern Tagalog'),
(898, 'Sorsogon', 'PHL', 'Bicol'),
(899, 'Candelaria', 'PHL', 'Southern Tagalog'),
(900, 'Ligao', 'PHL', 'Bicol'),
(901, 'Tórshavn', 'FRO', 'Streymoyar'),
(902, 'Libreville', 'GAB', 'Estuaire'),
(903, 'Serekunda', 'GMB', 'Kombo St Mary'),
(904, 'Banjul', 'GMB', 'Banjul'),
(905, 'Tbilisi', 'GEO', 'Tbilisi'),
(906, 'Kutaisi', 'GEO', 'Imereti'),
(907, 'Rustavi', 'GEO', 'Kvemo Kartli'),
(908, 'Batumi', 'GEO', 'Adzaria [Atšara]'),
(909, 'Sohumi', 'GEO', 'Abhasia [Aphazeti]'),
(910, 'Accra', 'GHA', 'Greater Accra'),
(911, 'Kumasi', 'GHA', 'Ashanti'),
(912, 'Tamale', 'GHA', 'Northern'),
(913, 'Tema', 'GHA', 'Greater Accra'),
(914, 'Sekondi-Takoradi', 'GHA', 'Western'),
(915, 'Gibraltar', 'GIB', '–'),
(916, 'Saint George´s', 'GRD', 'St George'),
(917, 'Nuuk', 'GRL', 'Kitaa'),
(918, 'Les Abymes', 'GLP', 'Grande-Terre'),
(919, 'Basse-Terre', 'GLP', 'Basse-Terre'),
(920, 'Tamuning', 'GUM', '–'),
(921, 'Agaña', 'GUM', '–'),
(922, 'Ciudad de Guatemala', 'GTM', 'Guatemala'),
(923, 'Mixco', 'GTM', 'Guatemala'),
(924, 'Villa Nueva', 'GTM', 'Guatemala'),
(925, 'Quetzaltenango', 'GTM', 'Quetzaltenango'),
(926, 'Conakry', 'GIN', 'Conakry'),
(927, 'Bissau', 'GNB', 'Bissau'),
(928, 'Georgetown', 'GUY', 'Georgetown'),
(929, 'Port-au-Prince', 'HTI', 'Ouest'),
(930, 'Carrefour', 'HTI', 'Ouest'),
(931, 'Delmas', 'HTI', 'Ouest'),
(932, 'Le-Cap-Haïtien', 'HTI', 'Nord'),
(933, 'Tegucigalpa', 'HND', 'Distrito Central'),
(934, 'San Pedro Sula', 'HND', 'Cortés'),
(935, 'La Ceiba', 'HND', 'Atlántida'),
(936, 'Kowloon and New Kowloon', 'HKG', 'Kowloon and New Kowl'),
(937, 'Victoria', 'HKG', 'Hongkong'),
(938, 'Longyearbyen', 'SJM', 'Länsimaa'),
(939, 'Jakarta', 'IDN', 'Jakarta Raya'),
(940, 'Surabaya', 'IDN', 'East Java'),
(941, 'Bandung', 'IDN', 'West Java'),
(942, 'Medan', 'IDN', 'Sumatera Utara'),
(943, 'Palembang', 'IDN', 'Sumatera Selatan'),
(944, 'Tangerang', 'IDN', 'West Java'),
(945, 'Semarang', 'IDN', 'Central Java'),
(946, 'Ujung Pandang', 'IDN', 'Sulawesi Selatan'),
(947, 'Malang', 'IDN', 'East Java'),
(948, 'Bandar Lampung', 'IDN', 'Lampung'),
(949, 'Bekasi', 'IDN', 'West Java'),
(950, 'Padang', 'IDN', 'Sumatera Barat'),
(951, 'Surakarta', 'IDN', 'Central Java'),
(952, 'Banjarmasin', 'IDN', 'Kalimantan Selatan'),
(953, 'Pekan Baru', 'IDN', 'Riau'),
(954, 'Denpasar', 'IDN', 'Bali'),
(955, 'Yogyakarta', 'IDN', 'Yogyakarta'),
(956, 'Pontianak', 'IDN', 'Kalimantan Barat'),
(957, 'Samarinda', 'IDN', 'Kalimantan Timur'),
(958, 'Jambi', 'IDN', 'Jambi'),
(959, 'Depok', 'IDN', 'West Java'),
(960, 'Cimahi', 'IDN', 'West Java'),
(961, 'Balikpapan', 'IDN', 'Kalimantan Timur'),
(962, 'Manado', 'IDN', 'Sulawesi Utara'),
(963, 'Mataram', 'IDN', 'Nusa Tenggara Barat'),
(964, 'Pekalongan', 'IDN', 'Central Java'),
(965, 'Tegal', 'IDN', 'Central Java'),
(966, 'Bogor', 'IDN', 'West Java'),
(967, 'Ciputat', 'IDN', 'West Java'),
(968, 'Pondokgede', 'IDN', 'West Java'),
(969, 'Cirebon', 'IDN', 'West Java'),
(970, 'Kediri', 'IDN', 'East Java'),
(971, 'Ambon', 'IDN', 'Molukit'),
(972, 'Jember', 'IDN', 'East Java'),
(973, 'Cilacap', 'IDN', 'Central Java'),
(974, 'Cimanggis', 'IDN', 'West Java'),
(975, 'Pematang Siantar', 'IDN', 'Sumatera Utara'),
(976, 'Purwokerto', 'IDN', 'Central Java'),
(977, 'Ciomas', 'IDN', 'West Java'),
(978, 'Tasikmalaya', 'IDN', 'West Java'),
(979, 'Madiun', 'IDN', 'East Java'),
(980, 'Bengkulu', 'IDN', 'Bengkulu'),
(981, 'Karawang', 'IDN', 'West Java'),
(982, 'Banda Aceh', 'IDN', 'Aceh'),
(983, 'Palu', 'IDN', 'Sulawesi Tengah'),
(984, 'Pasuruan', 'IDN', 'East Java'),
(985, 'Kupang', 'IDN', 'Nusa Tenggara Timur'),
(986, 'Tebing Tinggi', 'IDN', 'Sumatera Utara'),
(987, 'Percut Sei Tuan', 'IDN', 'Sumatera Utara'),
(988, 'Binjai', 'IDN', 'Sumatera Utara'),
(989, 'Sukabumi', 'IDN', 'West Java'),
(990, 'Waru', 'IDN', 'East Java'),
(991, 'Pangkal Pinang', 'IDN', 'Sumatera Selatan'),
(992, 'Magelang', 'IDN', 'Central Java'),
(993, 'Blitar', 'IDN', 'East Java'),
(994, 'Serang', 'IDN', 'West Java'),
(995, 'Probolinggo', 'IDN', 'East Java'),
(996, 'Cilegon', 'IDN', 'West Java'),
(997, 'Cianjur', 'IDN', 'West Java'),
(998, 'Ciparay', 'IDN', 'West Java'),
(999, 'Lhokseumawe', 'IDN', 'Aceh'),
(1000, 'Taman', 'IDN', 'East Java'),
(1001, 'Depok', 'IDN', 'Yogyakarta'),
(1002, 'Citeureup', 'IDN', 'West Java'),
(1003, 'Pemalang', 'IDN', 'Central Java'),
(1004, 'Klaten', 'IDN', 'Central Java'),
(1005, 'Salatiga', 'IDN', 'Central Java'),
(1006, 'Cibinong', 'IDN', 'West Java'),
(1007, 'Palangka Raya', 'IDN', 'Kalimantan Tengah'),
(1008, 'Mojokerto', 'IDN', 'East Java'),
(1009, 'Purwakarta', 'IDN', 'West Java'),
(1010, 'Garut', 'IDN', 'West Java'),
(1011, 'Kudus', 'IDN', 'Central Java'),
(1012, 'Kendari', 'IDN', 'Sulawesi Tenggara'),
(1013, 'Jaya Pura', 'IDN', 'West Irian'),
(1014, 'Gorontalo', 'IDN', 'Sulawesi Utara'),
(1015, 'Majalaya', 'IDN', 'West Java'),
(1016, 'Pondok Aren', 'IDN', 'West Java'),
(1017, 'Jombang', 'IDN', 'East Java'),
(1018, 'Sunggal', 'IDN', 'Sumatera Utara'),
(1019, 'Batam', 'IDN', 'Riau'),
(1020, 'Padang Sidempuan', 'IDN', 'Sumatera Utara'),
(1021, 'Sawangan', 'IDN', 'West Java'),
(1022, 'Banyuwangi', 'IDN', 'East Java'),
(1023, 'Tanjung Pinang', 'IDN', 'Riau'),
(1024, 'Mumbai (Bombay)', 'IND', 'Maharashtra'),
(1025, 'Delhi', 'IND', 'Delhi'),
(1026, 'Calcutta [Kolkata]', 'IND', 'West Bengali'),
(1027, 'Chennai (Madras)', 'IND', 'Tamil Nadu'),
(1028, 'Hyderabad', 'IND', 'Andhra Pradesh'),
(1029, 'Ahmedabad', 'IND', 'Gujarat'),
(1030, 'Bangalore', 'IND', 'Karnataka'),
(1031, 'Kanpur', 'IND', 'Uttar Pradesh'),
(1032, 'Nagpur', 'IND', 'Maharashtra'),
(1033, 'Lucknow', 'IND', 'Uttar Pradesh'),
(1034, 'Pune', 'IND', 'Maharashtra'),
(1035, 'Surat', 'IND', 'Gujarat'),
(1036, 'Jaipur', 'IND', 'Rajasthan'),
(1037, 'Indore', 'IND', 'Madhya Pradesh'),
(1038, 'Bhopal', 'IND', 'Madhya Pradesh'),
(1039, 'Ludhiana', 'IND', 'Punjab'),
(1040, 'Vadodara (Baroda)', 'IND', 'Gujarat'),
(1041, 'Kalyan', 'IND', 'Maharashtra'),
(1042, 'Madurai', 'IND', 'Tamil Nadu'),
(1043, 'Haora (Howrah)', 'IND', 'West Bengali'),
(1044, 'Varanasi (Benares)', 'IND', 'Uttar Pradesh'),
(1045, 'Patna', 'IND', 'Bihar'),
(1046, 'Srinagar', 'IND', 'Jammu and Kashmir'),
(1047, 'Agra', 'IND', 'Uttar Pradesh'),
(1048, 'Coimbatore', 'IND', 'Tamil Nadu'),
(1049, 'Thane (Thana)', 'IND', 'Maharashtra'),
(1050, 'Allahabad', 'IND', 'Uttar Pradesh'),
(1051, 'Meerut', 'IND', 'Uttar Pradesh'),
(1052, 'Vishakhapatnam', 'IND', 'Andhra Pradesh'),
(1053, 'Jabalpur', 'IND', 'Madhya Pradesh'),
(1054, 'Amritsar', 'IND', 'Punjab'),
(1055, 'Faridabad', 'IND', 'Haryana'),
(1056, 'Vijayawada', 'IND', 'Andhra Pradesh'),
(1057, 'Gwalior', 'IND', 'Madhya Pradesh'),
(1058, 'Jodhpur', 'IND', 'Rajasthan'),
(1059, 'Nashik (Nasik)', 'IND', 'Maharashtra'),
(1060, 'Hubli-Dharwad', 'IND', 'Karnataka'),
(1061, 'Solapur (Sholapur)', 'IND', 'Maharashtra'),
(1062, 'Ranchi', 'IND', 'Jharkhand'),
(1063, 'Bareilly', 'IND', 'Uttar Pradesh'),
(1064, 'Guwahati (Gauhati)', 'IND', 'Assam'),
(1065, 'Shambajinagar (Aurangabad)', 'IND', 'Maharashtra'),
(1066, 'Cochin (Kochi)', 'IND', 'Kerala'),
(1067, 'Rajkot', 'IND', 'Gujarat'),
(1068, 'Kota', 'IND', 'Rajasthan'),
(1069, 'Thiruvananthapuram (Trivandrum', 'IND', 'Kerala'),
(1070, 'Pimpri-Chinchwad', 'IND', 'Maharashtra'),
(1071, 'Jalandhar (Jullundur)', 'IND', 'Punjab'),
(1072, 'Gorakhpur', 'IND', 'Uttar Pradesh'),
(1073, 'Chandigarh', 'IND', 'Chandigarh'),
(1074, 'Mysore', 'IND', 'Karnataka'),
(1075, 'Aligarh', 'IND', 'Uttar Pradesh'),
(1076, 'Guntur', 'IND', 'Andhra Pradesh'),
(1077, 'Jamshedpur', 'IND', 'Jharkhand'),
(1078, 'Ghaziabad', 'IND', 'Uttar Pradesh'),
(1079, 'Warangal', 'IND', 'Andhra Pradesh'),
(1080, 'Raipur', 'IND', 'Chhatisgarh'),
(1081, 'Moradabad', 'IND', 'Uttar Pradesh'),
(1082, 'Durgapur', 'IND', 'West Bengali'),
(1083, 'Amravati', 'IND', 'Maharashtra'),
(1084, 'Calicut (Kozhikode)', 'IND', 'Kerala'),
(1085, 'Bikaner', 'IND', 'Rajasthan'),
(1086, 'Bhubaneswar', 'IND', 'Orissa'),
(1087, 'Kolhapur', 'IND', 'Maharashtra'),
(1088, 'Kataka (Cuttack)', 'IND', 'Orissa'),
(1089, 'Ajmer', 'IND', 'Rajasthan'),
(1090, 'Bhavnagar', 'IND', 'Gujarat'),
(1091, 'Tiruchirapalli', 'IND', 'Tamil Nadu'),
(1092, 'Bhilai', 'IND', 'Chhatisgarh'),
(1093, 'Bhiwandi', 'IND', 'Maharashtra'),
(1094, 'Saharanpur', 'IND', 'Uttar Pradesh'),
(1095, 'Ulhasnagar', 'IND', 'Maharashtra'),
(1096, 'Salem', 'IND', 'Tamil Nadu'),
(1097, 'Ujjain', 'IND', 'Madhya Pradesh'),
(1098, 'Malegaon', 'IND', 'Maharashtra'),
(1099, 'Jamnagar', 'IND', 'Gujarat'),
(1100, 'Bokaro Steel City', 'IND', 'Jharkhand'),
(1101, 'Akola', 'IND', 'Maharashtra'),
(1102, 'Belgaum', 'IND', 'Karnataka'),
(1103, 'Rajahmundry', 'IND', 'Andhra Pradesh'),
(1104, 'Nellore', 'IND', 'Andhra Pradesh'),
(1105, 'Udaipur', 'IND', 'Rajasthan'),
(1106, 'New Bombay', 'IND', 'Maharashtra'),
(1107, 'Bhatpara', 'IND', 'West Bengali'),
(1108, 'Gulbarga', 'IND', 'Karnataka'),
(1109, 'New Delhi', 'IND', 'Delhi'),
(1110, 'Jhansi', 'IND', 'Uttar Pradesh'),
(1111, 'Gaya', 'IND', 'Bihar'),
(1112, 'Kakinada', 'IND', 'Andhra Pradesh'),
(1113, 'Dhule (Dhulia)', 'IND', 'Maharashtra'),
(1114, 'Panihati', 'IND', 'West Bengali'),
(1115, 'Nanded (Nander)', 'IND', 'Maharashtra'),
(1116, 'Mangalore', 'IND', 'Karnataka'),
(1117, 'Dehra Dun', 'IND', 'Uttaranchal'),
(1118, 'Kamarhati', 'IND', 'West Bengali'),
(1119, 'Davangere', 'IND', 'Karnataka'),
(1120, 'Asansol', 'IND', 'West Bengali'),
(1121, 'Bhagalpur', 'IND', 'Bihar'),
(1122, 'Bellary', 'IND', 'Karnataka'),
(1123, 'Barddhaman (Burdwan)', 'IND', 'West Bengali'),
(1124, 'Rampur', 'IND', 'Uttar Pradesh'),
(1125, 'Jalgaon', 'IND', 'Maharashtra'),
(1126, 'Muzaffarpur', 'IND', 'Bihar'),
(1127, 'Nizamabad', 'IND', 'Andhra Pradesh'),
(1128, 'Muzaffarnagar', 'IND', 'Uttar Pradesh'),
(1129, 'Patiala', 'IND', 'Punjab'),
(1130, 'Shahjahanpur', 'IND', 'Uttar Pradesh'),
(1131, 'Kurnool', 'IND', 'Andhra Pradesh'),
(1132, 'Tiruppur (Tirupper)', 'IND', 'Tamil Nadu'),
(1133, 'Rohtak', 'IND', 'Haryana'),
(1134, 'South Dum Dum', 'IND', 'West Bengali'),
(1135, 'Mathura', 'IND', 'Uttar Pradesh'),
(1136, 'Chandrapur', 'IND', 'Maharashtra'),
(1137, 'Barahanagar (Baranagar)', 'IND', 'West Bengali'),
(1138, 'Darbhanga', 'IND', 'Bihar'),
(1139, 'Siliguri (Shiliguri)', 'IND', 'West Bengali'),
(1140, 'Raurkela', 'IND', 'Orissa'),
(1141, 'Ambattur', 'IND', 'Tamil Nadu'),
(1142, 'Panipat', 'IND', 'Haryana'),
(1143, 'Firozabad', 'IND', 'Uttar Pradesh'),
(1144, 'Ichalkaranji', 'IND', 'Maharashtra'),
(1145, 'Jammu', 'IND', 'Jammu and Kashmir'),
(1146, 'Ramagundam', 'IND', 'Andhra Pradesh'),
(1147, 'Eluru', 'IND', 'Andhra Pradesh'),
(1148, 'Brahmapur', 'IND', 'Orissa'),
(1149, 'Alwar', 'IND', 'Rajasthan'),
(1150, 'Pondicherry', 'IND', 'Pondicherry'),
(1151, 'Thanjavur', 'IND', 'Tamil Nadu'),
(1152, 'Bihar Sharif', 'IND', 'Bihar'),
(1153, 'Tuticorin', 'IND', 'Tamil Nadu'),
(1154, 'Imphal', 'IND', 'Manipur'),
(1155, 'Latur', 'IND', 'Maharashtra'),
(1156, 'Sagar', 'IND', 'Madhya Pradesh'),
(1157, 'Farrukhabad-cum-Fatehgarh', 'IND', 'Uttar Pradesh'),
(1158, 'Sangli', 'IND', 'Maharashtra'),
(1159, 'Parbhani', 'IND', 'Maharashtra'),
(1160, 'Nagar Coil', 'IND', 'Tamil Nadu'),
(1161, 'Bijapur', 'IND', 'Karnataka'),
(1162, 'Kukatpalle', 'IND', 'Andhra Pradesh'),
(1163, 'Bally', 'IND', 'West Bengali'),
(1164, 'Bhilwara', 'IND', 'Rajasthan'),
(1165, 'Ratlam', 'IND', 'Madhya Pradesh'),
(1166, 'Avadi', 'IND', 'Tamil Nadu'),
(1167, 'Dindigul', 'IND', 'Tamil Nadu'),
(1168, 'Ahmadnagar', 'IND', 'Maharashtra'),
(1169, 'Bilaspur', 'IND', 'Chhatisgarh'),
(1170, 'Shimoga', 'IND', 'Karnataka'),
(1171, 'Kharagpur', 'IND', 'West Bengali'),
(1172, 'Mira Bhayandar', 'IND', 'Maharashtra'),
(1173, 'Vellore', 'IND', 'Tamil Nadu'),
(1174, 'Jalna', 'IND', 'Maharashtra'),
(1175, 'Burnpur', 'IND', 'West Bengali'),
(1176, 'Anantapur', 'IND', 'Andhra Pradesh'),
(1177, 'Allappuzha (Alleppey)', 'IND', 'Kerala'),
(1178, 'Tirupati', 'IND', 'Andhra Pradesh'),
(1179, 'Karnal', 'IND', 'Haryana'),
(1180, 'Burhanpur', 'IND', 'Madhya Pradesh'),
(1181, 'Hisar (Hissar)', 'IND', 'Haryana'),
(1182, 'Tiruvottiyur', 'IND', 'Tamil Nadu'),
(1183, 'Mirzapur-cum-Vindhyachal', 'IND', 'Uttar Pradesh'),
(1184, 'Secunderabad', 'IND', 'Andhra Pradesh'),
(1185, 'Nadiad', 'IND', 'Gujarat'),
(1186, 'Dewas', 'IND', 'Madhya Pradesh'),
(1187, 'Murwara (Katni)', 'IND', 'Madhya Pradesh'),
(1188, 'Ganganagar', 'IND', 'Rajasthan'),
(1189, 'Vizianagaram', 'IND', 'Andhra Pradesh'),
(1190, 'Erode', 'IND', 'Tamil Nadu'),
(1191, 'Machilipatnam (Masulipatam)', 'IND', 'Andhra Pradesh'),
(1192, 'Bhatinda (Bathinda)', 'IND', 'Punjab'),
(1193, 'Raichur', 'IND', 'Karnataka'),
(1194, 'Agartala', 'IND', 'Tripura'),
(1195, 'Arrah (Ara)', 'IND', 'Bihar'),
(1196, 'Satna', 'IND', 'Madhya Pradesh'),
(1197, 'Lalbahadur Nagar', 'IND', 'Andhra Pradesh'),
(1198, 'Aizawl', 'IND', 'Mizoram'),
(1199, 'Uluberia', 'IND', 'West Bengali'),
(1200, 'Katihar', 'IND', 'Bihar'),
(1201, 'Cuddalore', 'IND', 'Tamil Nadu'),
(1202, 'Hugli-Chinsurah', 'IND', 'West Bengali'),
(1203, 'Dhanbad', 'IND', 'Jharkhand'),
(1204, 'Raiganj', 'IND', 'West Bengali'),
(1205, 'Sambhal', 'IND', 'Uttar Pradesh'),
(1206, 'Durg', 'IND', 'Chhatisgarh'),
(1207, 'Munger (Monghyr)', 'IND', 'Bihar'),
(1208, 'Kanchipuram', 'IND', 'Tamil Nadu'),
(1209, 'North Dum Dum', 'IND', 'West Bengali'),
(1210, 'Karimnagar', 'IND', 'Andhra Pradesh'),
(1211, 'Bharatpur', 'IND', 'Rajasthan'),
(1212, 'Sikar', 'IND', 'Rajasthan'),
(1213, 'Hardwar (Haridwar)', 'IND', 'Uttaranchal'),
(1214, 'Dabgram', 'IND', 'West Bengali'),
(1215, 'Morena', 'IND', 'Madhya Pradesh'),
(1216, 'Noida', 'IND', 'Uttar Pradesh'),
(1217, 'Hapur', 'IND', 'Uttar Pradesh'),
(1218, 'Bhusawal', 'IND', 'Maharashtra'),
(1219, 'Khandwa', 'IND', 'Madhya Pradesh'),
(1220, 'Yamuna Nagar', 'IND', 'Haryana'),
(1221, 'Sonipat (Sonepat)', 'IND', 'Haryana'),
(1222, 'Tenali', 'IND', 'Andhra Pradesh'),
(1223, 'Raurkela Civil Township', 'IND', 'Orissa'),
(1224, 'Kollam (Quilon)', 'IND', 'Kerala'),
(1225, 'Kumbakonam', 'IND', 'Tamil Nadu'),
(1226, 'Ingraj Bazar (English Bazar)', 'IND', 'West Bengali'),
(1227, 'Timkur', 'IND', 'Karnataka'),
(1228, 'Amroha', 'IND', 'Uttar Pradesh'),
(1229, 'Serampore', 'IND', 'West Bengali'),
(1230, 'Chapra', 'IND', 'Bihar'),
(1231, 'Pali', 'IND', 'Rajasthan'),
(1232, 'Maunath Bhanjan', 'IND', 'Uttar Pradesh'),
(1233, 'Adoni', 'IND', 'Andhra Pradesh'),
(1234, 'Jaunpur', 'IND', 'Uttar Pradesh'),
(1235, 'Tirunelveli', 'IND', 'Tamil Nadu'),
(1236, 'Bahraich', 'IND', 'Uttar Pradesh'),
(1237, 'Gadag Betigeri', 'IND', 'Karnataka'),
(1238, 'Proddatur', 'IND', 'Andhra Pradesh'),
(1239, 'Chittoor', 'IND', 'Andhra Pradesh'),
(1240, 'Barrackpur', 'IND', 'West Bengali'),
(1241, 'Bharuch (Broach)', 'IND', 'Gujarat'),
(1242, 'Naihati', 'IND', 'West Bengali'),
(1243, 'Shillong', 'IND', 'Meghalaya'),
(1244, 'Sambalpur', 'IND', 'Orissa'),
(1245, 'Junagadh', 'IND', 'Gujarat'),
(1246, 'Rae Bareli', 'IND', 'Uttar Pradesh'),
(1247, 'Rewa', 'IND', 'Madhya Pradesh'),
(1248, 'Gurgaon', 'IND', 'Haryana'),
(1249, 'Khammam', 'IND', 'Andhra Pradesh'),
(1250, 'Bulandshahr', 'IND', 'Uttar Pradesh'),
(1251, 'Navsari', 'IND', 'Gujarat'),
(1252, 'Malkajgiri', 'IND', 'Andhra Pradesh'),
(1253, 'Midnapore (Medinipur)', 'IND', 'West Bengali'),
(1254, 'Miraj', 'IND', 'Maharashtra'),
(1255, 'Raj Nandgaon', 'IND', 'Chhatisgarh'),
(1256, 'Alandur', 'IND', 'Tamil Nadu'),
(1257, 'Puri', 'IND', 'Orissa'),
(1258, 'Navadwip', 'IND', 'West Bengali'),
(1259, 'Sirsa', 'IND', 'Haryana'),
(1260, 'Korba', 'IND', 'Chhatisgarh'),
(1261, 'Faizabad', 'IND', 'Uttar Pradesh'),
(1262, 'Etawah', 'IND', 'Uttar Pradesh'),
(1263, 'Pathankot', 'IND', 'Punjab'),
(1264, 'Gandhinagar', 'IND', 'Gujarat');
INSERT INTO `city` (`ID`, `Name`, `CountryCode`, `District`) VALUES
(1265, 'Palghat (Palakkad)', 'IND', 'Kerala'),
(1266, 'Veraval', 'IND', 'Gujarat'),
(1267, 'Hoshiarpur', 'IND', 'Punjab'),
(1268, 'Ambala', 'IND', 'Haryana'),
(1269, 'Sitapur', 'IND', 'Uttar Pradesh'),
(1270, 'Bhiwani', 'IND', 'Haryana'),
(1271, 'Cuddapah', 'IND', 'Andhra Pradesh'),
(1272, 'Bhimavaram', 'IND', 'Andhra Pradesh'),
(1273, 'Krishnanagar', 'IND', 'West Bengali'),
(1274, 'Chandannagar', 'IND', 'West Bengali'),
(1275, 'Mandya', 'IND', 'Karnataka'),
(1276, 'Dibrugarh', 'IND', 'Assam'),
(1277, 'Nandyal', 'IND', 'Andhra Pradesh'),
(1278, 'Balurghat', 'IND', 'West Bengali'),
(1279, 'Neyveli', 'IND', 'Tamil Nadu'),
(1280, 'Fatehpur', 'IND', 'Uttar Pradesh'),
(1281, 'Mahbubnagar', 'IND', 'Andhra Pradesh'),
(1282, 'Budaun', 'IND', 'Uttar Pradesh'),
(1283, 'Porbandar', 'IND', 'Gujarat'),
(1284, 'Silchar', 'IND', 'Assam'),
(1285, 'Berhampore (Baharampur)', 'IND', 'West Bengali'),
(1286, 'Purnea (Purnia)', 'IND', 'Jharkhand'),
(1287, 'Bankura', 'IND', 'West Bengali'),
(1288, 'Rajapalaiyam', 'IND', 'Tamil Nadu'),
(1289, 'Titagarh', 'IND', 'West Bengali'),
(1290, 'Halisahar', 'IND', 'West Bengali'),
(1291, 'Hathras', 'IND', 'Uttar Pradesh'),
(1292, 'Bhir (Bid)', 'IND', 'Maharashtra'),
(1293, 'Pallavaram', 'IND', 'Tamil Nadu'),
(1294, 'Anand', 'IND', 'Gujarat'),
(1295, 'Mango', 'IND', 'Jharkhand'),
(1296, 'Santipur', 'IND', 'West Bengali'),
(1297, 'Bhind', 'IND', 'Madhya Pradesh'),
(1298, 'Gondiya', 'IND', 'Maharashtra'),
(1299, 'Tiruvannamalai', 'IND', 'Tamil Nadu'),
(1300, 'Yeotmal (Yavatmal)', 'IND', 'Maharashtra'),
(1301, 'Kulti-Barakar', 'IND', 'West Bengali'),
(1302, 'Moga', 'IND', 'Punjab'),
(1303, 'Shivapuri', 'IND', 'Madhya Pradesh'),
(1304, 'Bidar', 'IND', 'Karnataka'),
(1305, 'Guntakal', 'IND', 'Andhra Pradesh'),
(1306, 'Unnao', 'IND', 'Uttar Pradesh'),
(1307, 'Barasat', 'IND', 'West Bengali'),
(1308, 'Tambaram', 'IND', 'Tamil Nadu'),
(1309, 'Abohar', 'IND', 'Punjab'),
(1310, 'Pilibhit', 'IND', 'Uttar Pradesh'),
(1311, 'Valparai', 'IND', 'Tamil Nadu'),
(1312, 'Gonda', 'IND', 'Uttar Pradesh'),
(1313, 'Surendranagar', 'IND', 'Gujarat'),
(1314, 'Qutubullapur', 'IND', 'Andhra Pradesh'),
(1315, 'Beawar', 'IND', 'Rajasthan'),
(1316, 'Hindupur', 'IND', 'Andhra Pradesh'),
(1317, 'Gandhidham', 'IND', 'Gujarat'),
(1318, 'Haldwani-cum-Kathgodam', 'IND', 'Uttaranchal'),
(1319, 'Tellicherry (Thalassery)', 'IND', 'Kerala'),
(1320, 'Wardha', 'IND', 'Maharashtra'),
(1321, 'Rishra', 'IND', 'West Bengali'),
(1322, 'Bhuj', 'IND', 'Gujarat'),
(1323, 'Modinagar', 'IND', 'Uttar Pradesh'),
(1324, 'Gudivada', 'IND', 'Andhra Pradesh'),
(1325, 'Basirhat', 'IND', 'West Bengali'),
(1326, 'Uttarpara-Kotrung', 'IND', 'West Bengali'),
(1327, 'Ongole', 'IND', 'Andhra Pradesh'),
(1328, 'North Barrackpur', 'IND', 'West Bengali'),
(1329, 'Guna', 'IND', 'Madhya Pradesh'),
(1330, 'Haldia', 'IND', 'West Bengali'),
(1331, 'Habra', 'IND', 'West Bengali'),
(1332, 'Kanchrapara', 'IND', 'West Bengali'),
(1333, 'Tonk', 'IND', 'Rajasthan'),
(1334, 'Champdani', 'IND', 'West Bengali'),
(1335, 'Orai', 'IND', 'Uttar Pradesh'),
(1336, 'Pudukkottai', 'IND', 'Tamil Nadu'),
(1337, 'Sasaram', 'IND', 'Bihar'),
(1338, 'Hazaribag', 'IND', 'Jharkhand'),
(1339, 'Palayankottai', 'IND', 'Tamil Nadu'),
(1340, 'Banda', 'IND', 'Uttar Pradesh'),
(1341, 'Godhra', 'IND', 'Gujarat'),
(1342, 'Hospet', 'IND', 'Karnataka'),
(1343, 'Ashoknagar-Kalyangarh', 'IND', 'West Bengali'),
(1344, 'Achalpur', 'IND', 'Maharashtra'),
(1345, 'Patan', 'IND', 'Gujarat'),
(1346, 'Mandasor', 'IND', 'Madhya Pradesh'),
(1347, 'Damoh', 'IND', 'Madhya Pradesh'),
(1348, 'Satara', 'IND', 'Maharashtra'),
(1349, 'Meerut Cantonment', 'IND', 'Uttar Pradesh'),
(1350, 'Dehri', 'IND', 'Bihar'),
(1351, 'Delhi Cantonment', 'IND', 'Delhi'),
(1352, 'Chhindwara', 'IND', 'Madhya Pradesh'),
(1353, 'Bansberia', 'IND', 'West Bengali'),
(1354, 'Nagaon', 'IND', 'Assam'),
(1355, 'Kanpur Cantonment', 'IND', 'Uttar Pradesh'),
(1356, 'Vidisha', 'IND', 'Madhya Pradesh'),
(1357, 'Bettiah', 'IND', 'Bihar'),
(1358, 'Purulia', 'IND', 'Jharkhand'),
(1359, 'Hassan', 'IND', 'Karnataka'),
(1360, 'Ambala Sadar', 'IND', 'Haryana'),
(1361, 'Baidyabati', 'IND', 'West Bengali'),
(1362, 'Morvi', 'IND', 'Gujarat'),
(1363, 'Raigarh', 'IND', 'Chhatisgarh'),
(1364, 'Vejalpur', 'IND', 'Gujarat'),
(1365, 'Baghdad', 'IRQ', 'Baghdad'),
(1366, 'Mosul', 'IRQ', 'Ninawa'),
(1367, 'Irbil', 'IRQ', 'Irbil'),
(1368, 'Kirkuk', 'IRQ', 'al-Tamim'),
(1369, 'Basra', 'IRQ', 'Basra'),
(1370, 'al-Sulaymaniya', 'IRQ', 'al-Sulaymaniya'),
(1371, 'al-Najaf', 'IRQ', 'al-Najaf'),
(1372, 'Karbala', 'IRQ', 'Karbala'),
(1373, 'al-Hilla', 'IRQ', 'Babil'),
(1374, 'al-Nasiriya', 'IRQ', 'DhiQar'),
(1375, 'al-Amara', 'IRQ', 'Maysan'),
(1376, 'al-Diwaniya', 'IRQ', 'al-Qadisiya'),
(1377, 'al-Ramadi', 'IRQ', 'al-Anbar'),
(1378, 'al-Kut', 'IRQ', 'Wasit'),
(1379, 'Baquba', 'IRQ', 'Diyala'),
(1380, 'Teheran', 'IRN', 'Teheran'),
(1381, 'Mashhad', 'IRN', 'Khorasan'),
(1382, 'Esfahan', 'IRN', 'Esfahan'),
(1383, 'Tabriz', 'IRN', 'East Azerbaidzan'),
(1384, 'Shiraz', 'IRN', 'Fars'),
(1385, 'Karaj', 'IRN', 'Teheran'),
(1386, 'Ahvaz', 'IRN', 'Khuzestan'),
(1387, 'Qom', 'IRN', 'Qom'),
(1388, 'Kermanshah', 'IRN', 'Kermanshah'),
(1389, 'Urmia', 'IRN', 'West Azerbaidzan'),
(1390, 'Zahedan', 'IRN', 'Sistan va Baluchesta'),
(1391, 'Rasht', 'IRN', 'Gilan'),
(1392, 'Hamadan', 'IRN', 'Hamadan'),
(1393, 'Kerman', 'IRN', 'Kerman'),
(1394, 'Arak', 'IRN', 'Markazi'),
(1395, 'Ardebil', 'IRN', 'Ardebil'),
(1396, 'Yazd', 'IRN', 'Yazd'),
(1397, 'Qazvin', 'IRN', 'Qazvin'),
(1398, 'Zanjan', 'IRN', 'Zanjan'),
(1399, 'Sanandaj', 'IRN', 'Kordestan'),
(1400, 'Bandar-e-Abbas', 'IRN', 'Hormozgan'),
(1401, 'Khorramabad', 'IRN', 'Lorestan'),
(1402, 'Eslamshahr', 'IRN', 'Teheran'),
(1403, 'Borujerd', 'IRN', 'Lorestan'),
(1404, 'Abadan', 'IRN', 'Khuzestan'),
(1405, 'Dezful', 'IRN', 'Khuzestan'),
(1406, 'Kashan', 'IRN', 'Esfahan'),
(1407, 'Sari', 'IRN', 'Mazandaran'),
(1408, 'Gorgan', 'IRN', 'Golestan'),
(1409, 'Najafabad', 'IRN', 'Esfahan'),
(1410, 'Sabzevar', 'IRN', 'Khorasan'),
(1411, 'Khomeynishahr', 'IRN', 'Esfahan'),
(1412, 'Amol', 'IRN', 'Mazandaran'),
(1413, 'Neyshabur', 'IRN', 'Khorasan'),
(1414, 'Babol', 'IRN', 'Mazandaran'),
(1415, 'Khoy', 'IRN', 'West Azerbaidzan'),
(1416, 'Malayer', 'IRN', 'Hamadan'),
(1417, 'Bushehr', 'IRN', 'Bushehr'),
(1418, 'Qaemshahr', 'IRN', 'Mazandaran'),
(1419, 'Qarchak', 'IRN', 'Teheran'),
(1420, 'Qods', 'IRN', 'Teheran'),
(1421, 'Sirjan', 'IRN', 'Kerman'),
(1422, 'Bojnurd', 'IRN', 'Khorasan'),
(1423, 'Maragheh', 'IRN', 'East Azerbaidzan'),
(1424, 'Birjand', 'IRN', 'Khorasan'),
(1425, 'Ilam', 'IRN', 'Ilam'),
(1426, 'Bukan', 'IRN', 'West Azerbaidzan'),
(1427, 'Masjed-e-Soleyman', 'IRN', 'Khuzestan'),
(1428, 'Saqqez', 'IRN', 'Kordestan'),
(1429, 'Gonbad-e Qabus', 'IRN', 'Mazandaran'),
(1430, 'Saveh', 'IRN', 'Qom'),
(1431, 'Mahabad', 'IRN', 'West Azerbaidzan'),
(1432, 'Varamin', 'IRN', 'Teheran'),
(1433, 'Andimeshk', 'IRN', 'Khuzestan'),
(1434, 'Khorramshahr', 'IRN', 'Khuzestan'),
(1435, 'Shahrud', 'IRN', 'Semnan'),
(1436, 'Marv Dasht', 'IRN', 'Fars'),
(1437, 'Zabol', 'IRN', 'Sistan va Baluchesta'),
(1438, 'Shahr-e Kord', 'IRN', 'Chaharmahal va Bakht'),
(1439, 'Bandar-e Anzali', 'IRN', 'Gilan'),
(1440, 'Rafsanjan', 'IRN', 'Kerman'),
(1441, 'Marand', 'IRN', 'East Azerbaidzan'),
(1442, 'Torbat-e Heydariyeh', 'IRN', 'Khorasan'),
(1443, 'Jahrom', 'IRN', 'Fars'),
(1444, 'Semnan', 'IRN', 'Semnan'),
(1445, 'Miandoab', 'IRN', 'West Azerbaidzan'),
(1446, 'Qomsheh', 'IRN', 'Esfahan'),
(1447, 'Dublin', 'IRL', 'Leinster'),
(1448, 'Cork', 'IRL', 'Munster'),
(1449, 'Reykjavík', 'ISL', 'Höfuðborgarsvæði'),
(1450, 'Jerusalem', 'ISR', 'Jerusalem'),
(1451, 'Tel Aviv-Jaffa', 'ISR', 'Tel Aviv'),
(1452, 'Haifa', 'ISR', 'Haifa'),
(1453, 'Rishon Le Ziyyon', 'ISR', 'Ha Merkaz'),
(1454, 'Beerseba', 'ISR', 'Ha Darom'),
(1455, 'Holon', 'ISR', 'Tel Aviv'),
(1456, 'Petah Tiqwa', 'ISR', 'Ha Merkaz'),
(1457, 'Ashdod', 'ISR', 'Ha Darom'),
(1458, 'Netanya', 'ISR', 'Ha Merkaz'),
(1459, 'Bat Yam', 'ISR', 'Tel Aviv'),
(1460, 'Bene Beraq', 'ISR', 'Tel Aviv'),
(1461, 'Ramat Gan', 'ISR', 'Tel Aviv'),
(1462, 'Ashqelon', 'ISR', 'Ha Darom'),
(1463, 'Rehovot', 'ISR', 'Ha Merkaz'),
(1464, 'Roma', 'ITA', 'Latium'),
(1465, 'Milano', 'ITA', 'Lombardia'),
(1466, 'Napoli', 'ITA', 'Campania'),
(1467, 'Torino', 'ITA', 'Piemonte'),
(1468, 'Palermo', 'ITA', 'Sisilia'),
(1469, 'Genova', 'ITA', 'Liguria'),
(1470, 'Bologna', 'ITA', 'Emilia-Romagna'),
(1471, 'Firenze', 'ITA', 'Toscana'),
(1472, 'Catania', 'ITA', 'Sisilia'),
(1473, 'Bari', 'ITA', 'Apulia'),
(1474, 'Venezia', 'ITA', 'Veneto'),
(1475, 'Messina', 'ITA', 'Sisilia'),
(1476, 'Verona', 'ITA', 'Veneto'),
(1477, 'Trieste', 'ITA', 'Friuli-Venezia Giuli'),
(1478, 'Padova', 'ITA', 'Veneto'),
(1479, 'Taranto', 'ITA', 'Apulia'),
(1480, 'Brescia', 'ITA', 'Lombardia'),
(1481, 'Reggio di Calabria', 'ITA', 'Calabria'),
(1482, 'Modena', 'ITA', 'Emilia-Romagna'),
(1483, 'Prato', 'ITA', 'Toscana'),
(1484, 'Parma', 'ITA', 'Emilia-Romagna'),
(1485, 'Cagliari', 'ITA', 'Sardinia'),
(1486, 'Livorno', 'ITA', 'Toscana'),
(1487, 'Perugia', 'ITA', 'Umbria'),
(1488, 'Foggia', 'ITA', 'Apulia'),
(1489, 'Reggio nell´ Emilia', 'ITA', 'Emilia-Romagna'),
(1490, 'Salerno', 'ITA', 'Campania'),
(1491, 'Ravenna', 'ITA', 'Emilia-Romagna'),
(1492, 'Ferrara', 'ITA', 'Emilia-Romagna'),
(1493, 'Rimini', 'ITA', 'Emilia-Romagna'),
(1494, 'Syrakusa', 'ITA', 'Sisilia'),
(1495, 'Sassari', 'ITA', 'Sardinia'),
(1496, 'Monza', 'ITA', 'Lombardia'),
(1497, 'Bergamo', 'ITA', 'Lombardia'),
(1498, 'Pescara', 'ITA', 'Abruzzit'),
(1499, 'Latina', 'ITA', 'Latium'),
(1500, 'Vicenza', 'ITA', 'Veneto'),
(1501, 'Terni', 'ITA', 'Umbria'),
(1502, 'Forlì', 'ITA', 'Emilia-Romagna'),
(1503, 'Trento', 'ITA', 'Trentino-Alto Adige'),
(1504, 'Novara', 'ITA', 'Piemonte'),
(1505, 'Piacenza', 'ITA', 'Emilia-Romagna'),
(1506, 'Ancona', 'ITA', 'Marche'),
(1507, 'Lecce', 'ITA', 'Apulia'),
(1508, 'Bolzano', 'ITA', 'Trentino-Alto Adige'),
(1509, 'Catanzaro', 'ITA', 'Calabria'),
(1510, 'La Spezia', 'ITA', 'Liguria'),
(1511, 'Udine', 'ITA', 'Friuli-Venezia Giuli'),
(1512, 'Torre del Greco', 'ITA', 'Campania'),
(1513, 'Andria', 'ITA', 'Apulia'),
(1514, 'Brindisi', 'ITA', 'Apulia'),
(1515, 'Giugliano in Campania', 'ITA', 'Campania'),
(1516, 'Pisa', 'ITA', 'Toscana'),
(1517, 'Barletta', 'ITA', 'Apulia'),
(1518, 'Arezzo', 'ITA', 'Toscana'),
(1519, 'Alessandria', 'ITA', 'Piemonte'),
(1520, 'Cesena', 'ITA', 'Emilia-Romagna'),
(1521, 'Pesaro', 'ITA', 'Marche'),
(1522, 'Dili', 'TMP', 'Dili'),
(1523, 'Wien', 'AUT', 'Wien'),
(1524, 'Graz', 'AUT', 'Steiermark'),
(1525, 'Linz', 'AUT', 'North Austria'),
(1526, 'Salzburg', 'AUT', 'Salzburg'),
(1527, 'Innsbruck', 'AUT', 'Tiroli'),
(1528, 'Klagenfurt', 'AUT', 'Kärnten'),
(1529, 'Spanish Town', 'JAM', 'St. Catherine'),
(1530, 'Kingston', 'JAM', 'St. Andrew'),
(1531, 'Portmore', 'JAM', 'St. Andrew'),
(1532, 'Tokyo', 'JPN', 'Tokyo-to'),
(1533, 'Jokohama [Yokohama]', 'JPN', 'Kanagawa'),
(1534, 'Osaka', 'JPN', 'Osaka'),
(1535, 'Nagoya', 'JPN', 'Aichi'),
(1536, 'Sapporo', 'JPN', 'Hokkaido'),
(1537, 'Kioto', 'JPN', 'Kyoto'),
(1538, 'Kobe', 'JPN', 'Hyogo'),
(1539, 'Fukuoka', 'JPN', 'Fukuoka'),
(1540, 'Kawasaki', 'JPN', 'Kanagawa'),
(1541, 'Hiroshima', 'JPN', 'Hiroshima'),
(1542, 'Kitakyushu', 'JPN', 'Fukuoka'),
(1543, 'Sendai', 'JPN', 'Miyagi'),
(1544, 'Chiba', 'JPN', 'Chiba'),
(1545, 'Sakai', 'JPN', 'Osaka'),
(1546, 'Kumamoto', 'JPN', 'Kumamoto'),
(1547, 'Okayama', 'JPN', 'Okayama'),
(1548, 'Sagamihara', 'JPN', 'Kanagawa'),
(1549, 'Hamamatsu', 'JPN', 'Shizuoka'),
(1550, 'Kagoshima', 'JPN', 'Kagoshima'),
(1551, 'Funabashi', 'JPN', 'Chiba'),
(1552, 'Higashiosaka', 'JPN', 'Osaka'),
(1553, 'Hachioji', 'JPN', 'Tokyo-to'),
(1554, 'Niigata', 'JPN', 'Niigata'),
(1555, 'Amagasaki', 'JPN', 'Hyogo'),
(1556, 'Himeji', 'JPN', 'Hyogo'),
(1557, 'Shizuoka', 'JPN', 'Shizuoka'),
(1558, 'Urawa', 'JPN', 'Saitama'),
(1559, 'Matsuyama', 'JPN', 'Ehime'),
(1560, 'Matsudo', 'JPN', 'Chiba'),
(1561, 'Kanazawa', 'JPN', 'Ishikawa'),
(1562, 'Kawaguchi', 'JPN', 'Saitama'),
(1563, 'Ichikawa', 'JPN', 'Chiba'),
(1564, 'Omiya', 'JPN', 'Saitama'),
(1565, 'Utsunomiya', 'JPN', 'Tochigi'),
(1566, 'Oita', 'JPN', 'Oita'),
(1567, 'Nagasaki', 'JPN', 'Nagasaki'),
(1568, 'Yokosuka', 'JPN', 'Kanagawa'),
(1569, 'Kurashiki', 'JPN', 'Okayama'),
(1570, 'Gifu', 'JPN', 'Gifu'),
(1571, 'Hirakata', 'JPN', 'Osaka'),
(1572, 'Nishinomiya', 'JPN', 'Hyogo'),
(1573, 'Toyonaka', 'JPN', 'Osaka'),
(1574, 'Wakayama', 'JPN', 'Wakayama'),
(1575, 'Fukuyama', 'JPN', 'Hiroshima'),
(1576, 'Fujisawa', 'JPN', 'Kanagawa'),
(1577, 'Asahikawa', 'JPN', 'Hokkaido'),
(1578, 'Machida', 'JPN', 'Tokyo-to'),
(1579, 'Nara', 'JPN', 'Nara'),
(1580, 'Takatsuki', 'JPN', 'Osaka'),
(1581, 'Iwaki', 'JPN', 'Fukushima'),
(1582, 'Nagano', 'JPN', 'Nagano'),
(1583, 'Toyohashi', 'JPN', 'Aichi'),
(1584, 'Toyota', 'JPN', 'Aichi'),
(1585, 'Suita', 'JPN', 'Osaka'),
(1586, 'Takamatsu', 'JPN', 'Kagawa'),
(1587, 'Koriyama', 'JPN', 'Fukushima'),
(1588, 'Okazaki', 'JPN', 'Aichi'),
(1589, 'Kawagoe', 'JPN', 'Saitama'),
(1590, 'Tokorozawa', 'JPN', 'Saitama'),
(1591, 'Toyama', 'JPN', 'Toyama'),
(1592, 'Kochi', 'JPN', 'Kochi'),
(1593, 'Kashiwa', 'JPN', 'Chiba'),
(1594, 'Akita', 'JPN', 'Akita'),
(1595, 'Miyazaki', 'JPN', 'Miyazaki'),
(1596, 'Koshigaya', 'JPN', 'Saitama'),
(1597, 'Naha', 'JPN', 'Okinawa'),
(1598, 'Aomori', 'JPN', 'Aomori'),
(1599, 'Hakodate', 'JPN', 'Hokkaido'),
(1600, 'Akashi', 'JPN', 'Hyogo'),
(1601, 'Yokkaichi', 'JPN', 'Mie'),
(1602, 'Fukushima', 'JPN', 'Fukushima'),
(1603, 'Morioka', 'JPN', 'Iwate'),
(1604, 'Maebashi', 'JPN', 'Gumma'),
(1605, 'Kasugai', 'JPN', 'Aichi'),
(1606, 'Otsu', 'JPN', 'Shiga'),
(1607, 'Ichihara', 'JPN', 'Chiba'),
(1608, 'Yao', 'JPN', 'Osaka'),
(1609, 'Ichinomiya', 'JPN', 'Aichi'),
(1610, 'Tokushima', 'JPN', 'Tokushima'),
(1611, 'Kakogawa', 'JPN', 'Hyogo'),
(1612, 'Ibaraki', 'JPN', 'Osaka'),
(1613, 'Neyagawa', 'JPN', 'Osaka'),
(1614, 'Shimonoseki', 'JPN', 'Yamaguchi'),
(1615, 'Yamagata', 'JPN', 'Yamagata'),
(1616, 'Fukui', 'JPN', 'Fukui'),
(1617, 'Hiratsuka', 'JPN', 'Kanagawa'),
(1618, 'Mito', 'JPN', 'Ibaragi'),
(1619, 'Sasebo', 'JPN', 'Nagasaki'),
(1620, 'Hachinohe', 'JPN', 'Aomori'),
(1621, 'Takasaki', 'JPN', 'Gumma'),
(1622, 'Shimizu', 'JPN', 'Shizuoka'),
(1623, 'Kurume', 'JPN', 'Fukuoka'),
(1624, 'Fuji', 'JPN', 'Shizuoka'),
(1625, 'Soka', 'JPN', 'Saitama'),
(1626, 'Fuchu', 'JPN', 'Tokyo-to'),
(1627, 'Chigasaki', 'JPN', 'Kanagawa'),
(1628, 'Atsugi', 'JPN', 'Kanagawa'),
(1629, 'Numazu', 'JPN', 'Shizuoka'),
(1630, 'Ageo', 'JPN', 'Saitama'),
(1631, 'Yamato', 'JPN', 'Kanagawa'),
(1632, 'Matsumoto', 'JPN', 'Nagano'),
(1633, 'Kure', 'JPN', 'Hiroshima'),
(1634, 'Takarazuka', 'JPN', 'Hyogo'),
(1635, 'Kasukabe', 'JPN', 'Saitama'),
(1636, 'Chofu', 'JPN', 'Tokyo-to'),
(1637, 'Odawara', 'JPN', 'Kanagawa'),
(1638, 'Kofu', 'JPN', 'Yamanashi'),
(1639, 'Kushiro', 'JPN', 'Hokkaido'),
(1640, 'Kishiwada', 'JPN', 'Osaka'),
(1641, 'Hitachi', 'JPN', 'Ibaragi'),
(1642, 'Nagaoka', 'JPN', 'Niigata'),
(1643, 'Itami', 'JPN', 'Hyogo'),
(1644, 'Uji', 'JPN', 'Kyoto'),
(1645, 'Suzuka', 'JPN', 'Mie'),
(1646, 'Hirosaki', 'JPN', 'Aomori'),
(1647, 'Ube', 'JPN', 'Yamaguchi'),
(1648, 'Kodaira', 'JPN', 'Tokyo-to'),
(1649, 'Takaoka', 'JPN', 'Toyama'),
(1650, 'Obihiro', 'JPN', 'Hokkaido'),
(1651, 'Tomakomai', 'JPN', 'Hokkaido'),
(1652, 'Saga', 'JPN', 'Saga'),
(1653, 'Sakura', 'JPN', 'Chiba'),
(1654, 'Kamakura', 'JPN', 'Kanagawa'),
(1655, 'Mitaka', 'JPN', 'Tokyo-to'),
(1656, 'Izumi', 'JPN', 'Osaka'),
(1657, 'Hino', 'JPN', 'Tokyo-to'),
(1658, 'Hadano', 'JPN', 'Kanagawa'),
(1659, 'Ashikaga', 'JPN', 'Tochigi'),
(1660, 'Tsu', 'JPN', 'Mie'),
(1661, 'Sayama', 'JPN', 'Saitama'),
(1662, 'Yachiyo', 'JPN', 'Chiba'),
(1663, 'Tsukuba', 'JPN', 'Ibaragi'),
(1664, 'Tachikawa', 'JPN', 'Tokyo-to'),
(1665, 'Kumagaya', 'JPN', 'Saitama'),
(1666, 'Moriguchi', 'JPN', 'Osaka'),
(1667, 'Otaru', 'JPN', 'Hokkaido'),
(1668, 'Anjo', 'JPN', 'Aichi'),
(1669, 'Narashino', 'JPN', 'Chiba'),
(1670, 'Oyama', 'JPN', 'Tochigi'),
(1671, 'Ogaki', 'JPN', 'Gifu'),
(1672, 'Matsue', 'JPN', 'Shimane'),
(1673, 'Kawanishi', 'JPN', 'Hyogo'),
(1674, 'Hitachinaka', 'JPN', 'Tokyo-to'),
(1675, 'Niiza', 'JPN', 'Saitama'),
(1676, 'Nagareyama', 'JPN', 'Chiba'),
(1677, 'Tottori', 'JPN', 'Tottori'),
(1678, 'Tama', 'JPN', 'Ibaragi'),
(1679, 'Iruma', 'JPN', 'Saitama'),
(1680, 'Ota', 'JPN', 'Gumma'),
(1681, 'Omuta', 'JPN', 'Fukuoka'),
(1682, 'Komaki', 'JPN', 'Aichi'),
(1683, 'Ome', 'JPN', 'Tokyo-to'),
(1684, 'Kadoma', 'JPN', 'Osaka'),
(1685, 'Yamaguchi', 'JPN', 'Yamaguchi'),
(1686, 'Higashimurayama', 'JPN', 'Tokyo-to'),
(1687, 'Yonago', 'JPN', 'Tottori'),
(1688, 'Matsubara', 'JPN', 'Osaka'),
(1689, 'Musashino', 'JPN', 'Tokyo-to'),
(1690, 'Tsuchiura', 'JPN', 'Ibaragi'),
(1691, 'Joetsu', 'JPN', 'Niigata'),
(1692, 'Miyakonojo', 'JPN', 'Miyazaki'),
(1693, 'Misato', 'JPN', 'Saitama'),
(1694, 'Kakamigahara', 'JPN', 'Gifu'),
(1695, 'Daito', 'JPN', 'Osaka'),
(1696, 'Seto', 'JPN', 'Aichi'),
(1697, 'Kariya', 'JPN', 'Aichi'),
(1698, 'Urayasu', 'JPN', 'Chiba'),
(1699, 'Beppu', 'JPN', 'Oita'),
(1700, 'Niihama', 'JPN', 'Ehime'),
(1701, 'Minoo', 'JPN', 'Osaka'),
(1702, 'Fujieda', 'JPN', 'Shizuoka'),
(1703, 'Abiko', 'JPN', 'Chiba'),
(1704, 'Nobeoka', 'JPN', 'Miyazaki'),
(1705, 'Tondabayashi', 'JPN', 'Osaka'),
(1706, 'Ueda', 'JPN', 'Nagano'),
(1707, 'Kashihara', 'JPN', 'Nara'),
(1708, 'Matsusaka', 'JPN', 'Mie'),
(1709, 'Isesaki', 'JPN', 'Gumma'),
(1710, 'Zama', 'JPN', 'Kanagawa'),
(1711, 'Kisarazu', 'JPN', 'Chiba'),
(1712, 'Noda', 'JPN', 'Chiba'),
(1713, 'Ishinomaki', 'JPN', 'Miyagi'),
(1714, 'Fujinomiya', 'JPN', 'Shizuoka'),
(1715, 'Kawachinagano', 'JPN', 'Osaka'),
(1716, 'Imabari', 'JPN', 'Ehime'),
(1717, 'Aizuwakamatsu', 'JPN', 'Fukushima'),
(1718, 'Higashihiroshima', 'JPN', 'Hiroshima'),
(1719, 'Habikino', 'JPN', 'Osaka'),
(1720, 'Ebetsu', 'JPN', 'Hokkaido'),
(1721, 'Hofu', 'JPN', 'Yamaguchi'),
(1722, 'Kiryu', 'JPN', 'Gumma'),
(1723, 'Okinawa', 'JPN', 'Okinawa'),
(1724, 'Yaizu', 'JPN', 'Shizuoka'),
(1725, 'Toyokawa', 'JPN', 'Aichi'),
(1726, 'Ebina', 'JPN', 'Kanagawa'),
(1727, 'Asaka', 'JPN', 'Saitama'),
(1728, 'Higashikurume', 'JPN', 'Tokyo-to'),
(1729, 'Ikoma', 'JPN', 'Nara'),
(1730, 'Kitami', 'JPN', 'Hokkaido'),
(1731, 'Koganei', 'JPN', 'Tokyo-to'),
(1732, 'Iwatsuki', 'JPN', 'Saitama'),
(1733, 'Mishima', 'JPN', 'Shizuoka'),
(1734, 'Handa', 'JPN', 'Aichi'),
(1735, 'Muroran', 'JPN', 'Hokkaido'),
(1736, 'Komatsu', 'JPN', 'Ishikawa'),
(1737, 'Yatsushiro', 'JPN', 'Kumamoto'),
(1738, 'Iida', 'JPN', 'Nagano'),
(1739, 'Tokuyama', 'JPN', 'Yamaguchi'),
(1740, 'Kokubunji', 'JPN', 'Tokyo-to'),
(1741, 'Akishima', 'JPN', 'Tokyo-to'),
(1742, 'Iwakuni', 'JPN', 'Yamaguchi'),
(1743, 'Kusatsu', 'JPN', 'Shiga'),
(1744, 'Kuwana', 'JPN', 'Mie'),
(1745, 'Sanda', 'JPN', 'Hyogo'),
(1746, 'Hikone', 'JPN', 'Shiga'),
(1747, 'Toda', 'JPN', 'Saitama'),
(1748, 'Tajimi', 'JPN', 'Gifu'),
(1749, 'Ikeda', 'JPN', 'Osaka'),
(1750, 'Fukaya', 'JPN', 'Saitama'),
(1751, 'Ise', 'JPN', 'Mie'),
(1752, 'Sakata', 'JPN', 'Yamagata'),
(1753, 'Kasuga', 'JPN', 'Fukuoka'),
(1754, 'Kamagaya', 'JPN', 'Chiba'),
(1755, 'Tsuruoka', 'JPN', 'Yamagata'),
(1756, 'Hoya', 'JPN', 'Tokyo-to'),
(1757, 'Nishio', 'JPN', 'Chiba'),
(1758, 'Tokai', 'JPN', 'Aichi'),
(1759, 'Inazawa', 'JPN', 'Aichi'),
(1760, 'Sakado', 'JPN', 'Saitama'),
(1761, 'Isehara', 'JPN', 'Kanagawa'),
(1762, 'Takasago', 'JPN', 'Hyogo'),
(1763, 'Fujimi', 'JPN', 'Saitama'),
(1764, 'Urasoe', 'JPN', 'Okinawa'),
(1765, 'Yonezawa', 'JPN', 'Yamagata'),
(1766, 'Konan', 'JPN', 'Aichi'),
(1767, 'Yamatokoriyama', 'JPN', 'Nara'),
(1768, 'Maizuru', 'JPN', 'Kyoto'),
(1769, 'Onomichi', 'JPN', 'Hiroshima'),
(1770, 'Higashimatsuyama', 'JPN', 'Saitama'),
(1771, 'Kimitsu', 'JPN', 'Chiba'),
(1772, 'Isahaya', 'JPN', 'Nagasaki'),
(1773, 'Kanuma', 'JPN', 'Tochigi'),
(1774, 'Izumisano', 'JPN', 'Osaka'),
(1775, 'Kameoka', 'JPN', 'Kyoto'),
(1776, 'Mobara', 'JPN', 'Chiba'),
(1777, 'Narita', 'JPN', 'Chiba'),
(1778, 'Kashiwazaki', 'JPN', 'Niigata'),
(1779, 'Tsuyama', 'JPN', 'Okayama'),
(1780, 'Sanaa', 'YEM', 'Sanaa'),
(1781, 'Aden', 'YEM', 'Aden'),
(1782, 'Taizz', 'YEM', 'Taizz'),
(1783, 'Hodeida', 'YEM', 'Hodeida'),
(1784, 'al-Mukalla', 'YEM', 'Hadramawt'),
(1785, 'Ibb', 'YEM', 'Ibb'),
(1786, 'Amman', 'JOR', 'Amman'),
(1787, 'al-Zarqa', 'JOR', 'al-Zarqa'),
(1788, 'Irbid', 'JOR', 'Irbid'),
(1789, 'al-Rusayfa', 'JOR', 'al-Zarqa'),
(1790, 'Wadi al-Sir', 'JOR', 'Amman'),
(1791, 'Flying Fish Cove', 'CXR', '–'),
(1792, 'Beograd', 'YUG', 'Central Serbia'),
(1793, 'Novi Sad', 'YUG', 'Vojvodina'),
(1794, 'Niš', 'YUG', 'Central Serbia'),
(1795, 'Priština', 'YUG', 'Kosovo and Metohija'),
(1796, 'Kragujevac', 'YUG', 'Central Serbia'),
(1797, 'Podgorica', 'YUG', 'Montenegro'),
(1798, 'Subotica', 'YUG', 'Vojvodina'),
(1799, 'Prizren', 'YUG', 'Kosovo and Metohija'),
(1800, 'Phnom Penh', 'KHM', 'Phnom Penh'),
(1801, 'Battambang', 'KHM', 'Battambang'),
(1802, 'Siem Reap', 'KHM', 'Siem Reap'),
(1803, 'Douala', 'CMR', 'Littoral'),
(1804, 'Yaoundé', 'CMR', 'Centre'),
(1805, 'Garoua', 'CMR', 'Nord'),
(1806, 'Maroua', 'CMR', 'Extrême-Nord'),
(1807, 'Bamenda', 'CMR', 'Nord-Ouest'),
(1808, 'Bafoussam', 'CMR', 'Ouest'),
(1809, 'Nkongsamba', 'CMR', 'Littoral'),
(1810, 'Montréal', 'CAN', 'Québec'),
(1811, 'Calgary', 'CAN', 'Alberta'),
(1812, 'Toronto', 'CAN', 'Ontario'),
(1813, 'North York', 'CAN', 'Ontario'),
(1814, 'Winnipeg', 'CAN', 'Manitoba'),
(1815, 'Edmonton', 'CAN', 'Alberta'),
(1816, 'Mississauga', 'CAN', 'Ontario'),
(1817, 'Scarborough', 'CAN', 'Ontario'),
(1818, 'Vancouver', 'CAN', 'British Colombia'),
(1819, 'Etobicoke', 'CAN', 'Ontario'),
(1820, 'London', 'CAN', 'Ontario'),
(1821, 'Hamilton', 'CAN', 'Ontario'),
(1822, 'Ottawa', 'CAN', 'Ontario'),
(1823, 'Laval', 'CAN', 'Québec'),
(1824, 'Surrey', 'CAN', 'British Colombia'),
(1825, 'Brampton', 'CAN', 'Ontario'),
(1826, 'Windsor', 'CAN', 'Ontario'),
(1827, 'Saskatoon', 'CAN', 'Saskatchewan'),
(1828, 'Kitchener', 'CAN', 'Ontario'),
(1829, 'Markham', 'CAN', 'Ontario'),
(1830, 'Regina', 'CAN', 'Saskatchewan'),
(1831, 'Burnaby', 'CAN', 'British Colombia'),
(1832, 'Québec', 'CAN', 'Québec'),
(1833, 'York', 'CAN', 'Ontario'),
(1834, 'Richmond', 'CAN', 'British Colombia'),
(1835, 'Vaughan', 'CAN', 'Ontario'),
(1836, 'Burlington', 'CAN', 'Ontario'),
(1837, 'Oshawa', 'CAN', 'Ontario'),
(1838, 'Oakville', 'CAN', 'Ontario'),
(1839, 'Saint Catharines', 'CAN', 'Ontario'),
(1840, 'Longueuil', 'CAN', 'Québec'),
(1841, 'Richmond Hill', 'CAN', 'Ontario'),
(1842, 'Thunder Bay', 'CAN', 'Ontario'),
(1843, 'Nepean', 'CAN', 'Ontario'),
(1844, 'Cape Breton', 'CAN', 'Nova Scotia'),
(1845, 'East York', 'CAN', 'Ontario'),
(1846, 'Halifax', 'CAN', 'Nova Scotia'),
(1847, 'Cambridge', 'CAN', 'Ontario'),
(1848, 'Gloucester', 'CAN', 'Ontario'),
(1849, 'Abbotsford', 'CAN', 'British Colombia'),
(1850, 'Guelph', 'CAN', 'Ontario'),
(1851, 'Saint John´s', 'CAN', 'Newfoundland'),
(1852, 'Coquitlam', 'CAN', 'British Colombia'),
(1853, 'Saanich', 'CAN', 'British Colombia'),
(1854, 'Gatineau', 'CAN', 'Québec'),
(1855, 'Delta', 'CAN', 'British Colombia'),
(1856, 'Sudbury', 'CAN', 'Ontario'),
(1857, 'Kelowna', 'CAN', 'British Colombia'),
(1858, 'Barrie', 'CAN', 'Ontario'),
(1859, 'Praia', 'CPV', 'São Tiago'),
(1860, 'Almaty', 'KAZ', 'Almaty Qalasy'),
(1861, 'Qaraghandy', 'KAZ', 'Qaraghandy'),
(1862, 'Shymkent', 'KAZ', 'South Kazakstan'),
(1863, 'Taraz', 'KAZ', 'Taraz'),
(1864, 'Astana', 'KAZ', 'Astana'),
(1865, 'Öskemen', 'KAZ', 'East Kazakstan'),
(1866, 'Pavlodar', 'KAZ', 'Pavlodar'),
(1867, 'Semey', 'KAZ', 'East Kazakstan'),
(1868, 'Aqtöbe', 'KAZ', 'Aqtöbe'),
(1869, 'Qostanay', 'KAZ', 'Qostanay'),
(1870, 'Petropavl', 'KAZ', 'North Kazakstan'),
(1871, 'Oral', 'KAZ', 'West Kazakstan'),
(1872, 'Temirtau', 'KAZ', 'Qaraghandy'),
(1873, 'Qyzylorda', 'KAZ', 'Qyzylorda'),
(1874, 'Aqtau', 'KAZ', 'Mangghystau'),
(1875, 'Atyrau', 'KAZ', 'Atyrau'),
(1876, 'Ekibastuz', 'KAZ', 'Pavlodar'),
(1877, 'Kökshetau', 'KAZ', 'North Kazakstan'),
(1878, 'Rudnyy', 'KAZ', 'Qostanay'),
(1879, 'Taldyqorghan', 'KAZ', 'Almaty'),
(1880, 'Zhezqazghan', 'KAZ', 'Qaraghandy'),
(1881, 'Nairobi', 'KEN', 'Nairobi'),
(1882, 'Mombasa', 'KEN', 'Coast'),
(1883, 'Kisumu', 'KEN', 'Nyanza'),
(1884, 'Nakuru', 'KEN', 'Rift Valley'),
(1885, 'Machakos', 'KEN', 'Eastern'),
(1886, 'Eldoret', 'KEN', 'Rift Valley'),
(1887, 'Meru', 'KEN', 'Eastern'),
(1888, 'Nyeri', 'KEN', 'Central'),
(1889, 'Bangui', 'CAF', 'Bangui'),
(1890, 'Shanghai', 'CHN', 'Shanghai'),
(1891, 'Peking', 'CHN', 'Peking'),
(1892, 'Chongqing', 'CHN', 'Chongqing'),
(1893, 'Tianjin', 'CHN', 'Tianjin'),
(1894, 'Wuhan', 'CHN', 'Hubei'),
(1895, 'Harbin', 'CHN', 'Heilongjiang'),
(1896, 'Shenyang', 'CHN', 'Liaoning'),
(1897, 'Kanton [Guangzhou]', 'CHN', 'Guangdong'),
(1898, 'Chengdu', 'CHN', 'Sichuan'),
(1899, 'Nanking [Nanjing]', 'CHN', 'Jiangsu'),
(1900, 'Changchun', 'CHN', 'Jilin'),
(1901, 'Xi´an', 'CHN', 'Shaanxi'),
(1902, 'Dalian', 'CHN', 'Liaoning'),
(1903, 'Qingdao', 'CHN', 'Shandong'),
(1904, 'Jinan', 'CHN', 'Shandong'),
(1905, 'Hangzhou', 'CHN', 'Zhejiang'),
(1906, 'Zhengzhou', 'CHN', 'Henan'),
(1907, 'Shijiazhuang', 'CHN', 'Hebei'),
(1908, 'Taiyuan', 'CHN', 'Shanxi'),
(1909, 'Kunming', 'CHN', 'Yunnan'),
(1910, 'Changsha', 'CHN', 'Hunan'),
(1911, 'Nanchang', 'CHN', 'Jiangxi'),
(1912, 'Fuzhou', 'CHN', 'Fujian'),
(1913, 'Lanzhou', 'CHN', 'Gansu'),
(1914, 'Guiyang', 'CHN', 'Guizhou'),
(1915, 'Ningbo', 'CHN', 'Zhejiang'),
(1916, 'Hefei', 'CHN', 'Anhui'),
(1917, 'Urumtši [Ürümqi]', 'CHN', 'Xinxiang'),
(1918, 'Anshan', 'CHN', 'Liaoning'),
(1919, 'Fushun', 'CHN', 'Liaoning'),
(1920, 'Nanning', 'CHN', 'Guangxi'),
(1921, 'Zibo', 'CHN', 'Shandong'),
(1922, 'Qiqihar', 'CHN', 'Heilongjiang'),
(1923, 'Jilin', 'CHN', 'Jilin'),
(1924, 'Tangshan', 'CHN', 'Hebei'),
(1925, 'Baotou', 'CHN', 'Inner Mongolia'),
(1926, 'Shenzhen', 'CHN', 'Guangdong'),
(1927, 'Hohhot', 'CHN', 'Inner Mongolia'),
(1928, 'Handan', 'CHN', 'Hebei'),
(1929, 'Wuxi', 'CHN', 'Jiangsu'),
(1930, 'Xuzhou', 'CHN', 'Jiangsu'),
(1931, 'Datong', 'CHN', 'Shanxi'),
(1932, 'Yichun', 'CHN', 'Heilongjiang'),
(1933, 'Benxi', 'CHN', 'Liaoning'),
(1934, 'Luoyang', 'CHN', 'Henan'),
(1935, 'Suzhou', 'CHN', 'Jiangsu'),
(1936, 'Xining', 'CHN', 'Qinghai'),
(1937, 'Huainan', 'CHN', 'Anhui'),
(1938, 'Jixi', 'CHN', 'Heilongjiang'),
(1939, 'Daqing', 'CHN', 'Heilongjiang'),
(1940, 'Fuxin', 'CHN', 'Liaoning'),
(1941, 'Amoy [Xiamen]', 'CHN', 'Fujian'),
(1942, 'Liuzhou', 'CHN', 'Guangxi'),
(1943, 'Shantou', 'CHN', 'Guangdong'),
(1944, 'Jinzhou', 'CHN', 'Liaoning'),
(1945, 'Mudanjiang', 'CHN', 'Heilongjiang'),
(1946, 'Yinchuan', 'CHN', 'Ningxia'),
(1947, 'Changzhou', 'CHN', 'Jiangsu'),
(1948, 'Zhangjiakou', 'CHN', 'Hebei'),
(1949, 'Dandong', 'CHN', 'Liaoning'),
(1950, 'Hegang', 'CHN', 'Heilongjiang'),
(1951, 'Kaifeng', 'CHN', 'Henan'),
(1952, 'Jiamusi', 'CHN', 'Heilongjiang'),
(1953, 'Liaoyang', 'CHN', 'Liaoning'),
(1954, 'Hengyang', 'CHN', 'Hunan'),
(1955, 'Baoding', 'CHN', 'Hebei'),
(1956, 'Hunjiang', 'CHN', 'Jilin'),
(1957, 'Xinxiang', 'CHN', 'Henan'),
(1958, 'Huangshi', 'CHN', 'Hubei'),
(1959, 'Haikou', 'CHN', 'Hainan'),
(1960, 'Yantai', 'CHN', 'Shandong'),
(1961, 'Bengbu', 'CHN', 'Anhui'),
(1962, 'Xiangtan', 'CHN', 'Hunan'),
(1963, 'Weifang', 'CHN', 'Shandong'),
(1964, 'Wuhu', 'CHN', 'Anhui'),
(1965, 'Pingxiang', 'CHN', 'Jiangxi'),
(1966, 'Yingkou', 'CHN', 'Liaoning'),
(1967, 'Anyang', 'CHN', 'Henan'),
(1968, 'Panzhihua', 'CHN', 'Sichuan'),
(1969, 'Pingdingshan', 'CHN', 'Henan'),
(1970, 'Xiangfan', 'CHN', 'Hubei'),
(1971, 'Zhuzhou', 'CHN', 'Hunan'),
(1972, 'Jiaozuo', 'CHN', 'Henan'),
(1973, 'Wenzhou', 'CHN', 'Zhejiang'),
(1974, 'Zhangjiang', 'CHN', 'Guangdong'),
(1975, 'Zigong', 'CHN', 'Sichuan'),
(1976, 'Shuangyashan', 'CHN', 'Heilongjiang'),
(1977, 'Zaozhuang', 'CHN', 'Shandong'),
(1978, 'Yakeshi', 'CHN', 'Inner Mongolia'),
(1979, 'Yichang', 'CHN', 'Hubei'),
(1980, 'Zhenjiang', 'CHN', 'Jiangsu'),
(1981, 'Huaibei', 'CHN', 'Anhui'),
(1982, 'Qinhuangdao', 'CHN', 'Hebei'),
(1983, 'Guilin', 'CHN', 'Guangxi'),
(1984, 'Liupanshui', 'CHN', 'Guizhou'),
(1985, 'Panjin', 'CHN', 'Liaoning'),
(1986, 'Yangquan', 'CHN', 'Shanxi'),
(1987, 'Jinxi', 'CHN', 'Liaoning'),
(1988, 'Liaoyuan', 'CHN', 'Jilin'),
(1989, 'Lianyungang', 'CHN', 'Jiangsu'),
(1990, 'Xianyang', 'CHN', 'Shaanxi'),
(1991, 'Tai´an', 'CHN', 'Shandong'),
(1992, 'Chifeng', 'CHN', 'Inner Mongolia'),
(1993, 'Shaoguan', 'CHN', 'Guangdong'),
(1994, 'Nantong', 'CHN', 'Jiangsu'),
(1995, 'Leshan', 'CHN', 'Sichuan'),
(1996, 'Baoji', 'CHN', 'Shaanxi'),
(1997, 'Linyi', 'CHN', 'Shandong'),
(1998, 'Tonghua', 'CHN', 'Jilin'),
(1999, 'Siping', 'CHN', 'Jilin'),
(2000, 'Changzhi', 'CHN', 'Shanxi'),
(2001, 'Tengzhou', 'CHN', 'Shandong'),
(2002, 'Chaozhou', 'CHN', 'Guangdong'),
(2003, 'Yangzhou', 'CHN', 'Jiangsu'),
(2004, 'Dongwan', 'CHN', 'Guangdong'),
(2005, 'Ma´anshan', 'CHN', 'Anhui'),
(2006, 'Foshan', 'CHN', 'Guangdong'),
(2007, 'Yueyang', 'CHN', 'Hunan'),
(2008, 'Xingtai', 'CHN', 'Hebei'),
(2009, 'Changde', 'CHN', 'Hunan'),
(2010, 'Shihezi', 'CHN', 'Xinxiang'),
(2011, 'Yancheng', 'CHN', 'Jiangsu'),
(2012, 'Jiujiang', 'CHN', 'Jiangxi'),
(2013, 'Dongying', 'CHN', 'Shandong'),
(2014, 'Shashi', 'CHN', 'Hubei'),
(2015, 'Xintai', 'CHN', 'Shandong'),
(2016, 'Jingdezhen', 'CHN', 'Jiangxi'),
(2017, 'Tongchuan', 'CHN', 'Shaanxi'),
(2018, 'Zhongshan', 'CHN', 'Guangdong'),
(2019, 'Shiyan', 'CHN', 'Hubei'),
(2020, 'Tieli', 'CHN', 'Heilongjiang'),
(2021, 'Jining', 'CHN', 'Shandong'),
(2022, 'Wuhai', 'CHN', 'Inner Mongolia'),
(2023, 'Mianyang', 'CHN', 'Sichuan'),
(2024, 'Luzhou', 'CHN', 'Sichuan'),
(2025, 'Zunyi', 'CHN', 'Guizhou'),
(2026, 'Shizuishan', 'CHN', 'Ningxia'),
(2027, 'Neijiang', 'CHN', 'Sichuan'),
(2028, 'Tongliao', 'CHN', 'Inner Mongolia'),
(2029, 'Tieling', 'CHN', 'Liaoning'),
(2030, 'Wafangdian', 'CHN', 'Liaoning'),
(2031, 'Anqing', 'CHN', 'Anhui'),
(2032, 'Shaoyang', 'CHN', 'Hunan'),
(2033, 'Laiwu', 'CHN', 'Shandong'),
(2034, 'Chengde', 'CHN', 'Hebei'),
(2035, 'Tianshui', 'CHN', 'Gansu'),
(2036, 'Nanyang', 'CHN', 'Henan'),
(2037, 'Cangzhou', 'CHN', 'Hebei'),
(2038, 'Yibin', 'CHN', 'Sichuan'),
(2039, 'Huaiyin', 'CHN', 'Jiangsu'),
(2040, 'Dunhua', 'CHN', 'Jilin'),
(2041, 'Yanji', 'CHN', 'Jilin'),
(2042, 'Jiangmen', 'CHN', 'Guangdong'),
(2043, 'Tongling', 'CHN', 'Anhui'),
(2044, 'Suihua', 'CHN', 'Heilongjiang'),
(2045, 'Gongziling', 'CHN', 'Jilin'),
(2046, 'Xiantao', 'CHN', 'Hubei'),
(2047, 'Chaoyang', 'CHN', 'Liaoning'),
(2048, 'Ganzhou', 'CHN', 'Jiangxi'),
(2049, 'Huzhou', 'CHN', 'Zhejiang'),
(2050, 'Baicheng', 'CHN', 'Jilin'),
(2051, 'Shangzi', 'CHN', 'Heilongjiang'),
(2052, 'Yangjiang', 'CHN', 'Guangdong'),
(2053, 'Qitaihe', 'CHN', 'Heilongjiang'),
(2054, 'Gejiu', 'CHN', 'Yunnan'),
(2055, 'Jiangyin', 'CHN', 'Jiangsu'),
(2056, 'Hebi', 'CHN', 'Henan'),
(2057, 'Jiaxing', 'CHN', 'Zhejiang'),
(2058, 'Wuzhou', 'CHN', 'Guangxi'),
(2059, 'Meihekou', 'CHN', 'Jilin'),
(2060, 'Xuchang', 'CHN', 'Henan'),
(2061, 'Liaocheng', 'CHN', 'Shandong'),
(2062, 'Haicheng', 'CHN', 'Liaoning'),
(2063, 'Qianjiang', 'CHN', 'Hubei'),
(2064, 'Baiyin', 'CHN', 'Gansu'),
(2065, 'Bei´an', 'CHN', 'Heilongjiang'),
(2066, 'Yixing', 'CHN', 'Jiangsu'),
(2067, 'Laizhou', 'CHN', 'Shandong'),
(2068, 'Qaramay', 'CHN', 'Xinxiang'),
(2069, 'Acheng', 'CHN', 'Heilongjiang'),
(2070, 'Dezhou', 'CHN', 'Shandong'),
(2071, 'Nanping', 'CHN', 'Fujian'),
(2072, 'Zhaoqing', 'CHN', 'Guangdong'),
(2073, 'Beipiao', 'CHN', 'Liaoning'),
(2074, 'Fengcheng', 'CHN', 'Jiangxi'),
(2075, 'Fuyu', 'CHN', 'Jilin'),
(2076, 'Xinyang', 'CHN', 'Henan'),
(2077, 'Dongtai', 'CHN', 'Jiangsu'),
(2078, 'Yuci', 'CHN', 'Shanxi'),
(2079, 'Honghu', 'CHN', 'Hubei'),
(2080, 'Ezhou', 'CHN', 'Hubei'),
(2081, 'Heze', 'CHN', 'Shandong'),
(2082, 'Daxian', 'CHN', 'Sichuan'),
(2083, 'Linfen', 'CHN', 'Shanxi'),
(2084, 'Tianmen', 'CHN', 'Hubei'),
(2085, 'Yiyang', 'CHN', 'Hunan'),
(2086, 'Quanzhou', 'CHN', 'Fujian'),
(2087, 'Rizhao', 'CHN', 'Shandong'),
(2088, 'Deyang', 'CHN', 'Sichuan'),
(2089, 'Guangyuan', 'CHN', 'Sichuan'),
(2090, 'Changshu', 'CHN', 'Jiangsu'),
(2091, 'Zhangzhou', 'CHN', 'Fujian'),
(2092, 'Hailar', 'CHN', 'Inner Mongolia'),
(2093, 'Nanchong', 'CHN', 'Sichuan'),
(2094, 'Jiutai', 'CHN', 'Jilin'),
(2095, 'Zhaodong', 'CHN', 'Heilongjiang'),
(2096, 'Shaoxing', 'CHN', 'Zhejiang'),
(2097, 'Fuyang', 'CHN', 'Anhui'),
(2098, 'Maoming', 'CHN', 'Guangdong'),
(2099, 'Qujing', 'CHN', 'Yunnan'),
(2100, 'Ghulja', 'CHN', 'Xinxiang'),
(2101, 'Jiaohe', 'CHN', 'Jilin'),
(2102, 'Puyang', 'CHN', 'Henan'),
(2103, 'Huadian', 'CHN', 'Jilin'),
(2104, 'Jiangyou', 'CHN', 'Sichuan'),
(2105, 'Qashqar', 'CHN', 'Xinxiang'),
(2106, 'Anshun', 'CHN', 'Guizhou'),
(2107, 'Fuling', 'CHN', 'Sichuan'),
(2108, 'Xinyu', 'CHN', 'Jiangxi'),
(2109, 'Hanzhong', 'CHN', 'Shaanxi'),
(2110, 'Danyang', 'CHN', 'Jiangsu'),
(2111, 'Chenzhou', 'CHN', 'Hunan'),
(2112, 'Xiaogan', 'CHN', 'Hubei'),
(2113, 'Shangqiu', 'CHN', 'Henan'),
(2114, 'Zhuhai', 'CHN', 'Guangdong'),
(2115, 'Qingyuan', 'CHN', 'Guangdong'),
(2116, 'Aqsu', 'CHN', 'Xinxiang'),
(2117, 'Jining', 'CHN', 'Inner Mongolia'),
(2118, 'Xiaoshan', 'CHN', 'Zhejiang'),
(2119, 'Zaoyang', 'CHN', 'Hubei'),
(2120, 'Xinghua', 'CHN', 'Jiangsu'),
(2121, 'Hami', 'CHN', 'Xinxiang'),
(2122, 'Huizhou', 'CHN', 'Guangdong'),
(2123, 'Jinmen', 'CHN', 'Hubei'),
(2124, 'Sanming', 'CHN', 'Fujian'),
(2125, 'Ulanhot', 'CHN', 'Inner Mongolia'),
(2126, 'Korla', 'CHN', 'Xinxiang'),
(2127, 'Wanxian', 'CHN', 'Sichuan'),
(2128, 'Rui´an', 'CHN', 'Zhejiang'),
(2129, 'Zhoushan', 'CHN', 'Zhejiang'),
(2130, 'Liangcheng', 'CHN', 'Shandong'),
(2131, 'Jiaozhou', 'CHN', 'Shandong'),
(2132, 'Taizhou', 'CHN', 'Jiangsu'),
(2133, 'Suzhou', 'CHN', 'Anhui'),
(2134, 'Yichun', 'CHN', 'Jiangxi'),
(2135, 'Taonan', 'CHN', 'Jilin'),
(2136, 'Pingdu', 'CHN', 'Shandong'),
(2137, 'Ji´an', 'CHN', 'Jiangxi'),
(2138, 'Longkou', 'CHN', 'Shandong'),
(2139, 'Langfang', 'CHN', 'Hebei'),
(2140, 'Zhoukou', 'CHN', 'Henan'),
(2141, 'Suining', 'CHN', 'Sichuan'),
(2142, 'Yulin', 'CHN', 'Guangxi'),
(2143, 'Jinhua', 'CHN', 'Zhejiang'),
(2144, 'Liu´an', 'CHN', 'Anhui'),
(2145, 'Shuangcheng', 'CHN', 'Heilongjiang'),
(2146, 'Suizhou', 'CHN', 'Hubei'),
(2147, 'Ankang', 'CHN', 'Shaanxi'),
(2148, 'Weinan', 'CHN', 'Shaanxi'),
(2149, 'Longjing', 'CHN', 'Jilin'),
(2150, 'Da´an', 'CHN', 'Jilin'),
(2151, 'Lengshuijiang', 'CHN', 'Hunan'),
(2152, 'Laiyang', 'CHN', 'Shandong'),
(2153, 'Xianning', 'CHN', 'Hubei'),
(2154, 'Dali', 'CHN', 'Yunnan'),
(2155, 'Anda', 'CHN', 'Heilongjiang'),
(2156, 'Jincheng', 'CHN', 'Shanxi'),
(2157, 'Longyan', 'CHN', 'Fujian'),
(2158, 'Xichang', 'CHN', 'Sichuan'),
(2159, 'Wendeng', 'CHN', 'Shandong'),
(2160, 'Hailun', 'CHN', 'Heilongjiang'),
(2161, 'Binzhou', 'CHN', 'Shandong'),
(2162, 'Linhe', 'CHN', 'Inner Mongolia'),
(2163, 'Wuwei', 'CHN', 'Gansu'),
(2164, 'Duyun', 'CHN', 'Guizhou'),
(2165, 'Mishan', 'CHN', 'Heilongjiang'),
(2166, 'Shangrao', 'CHN', 'Jiangxi'),
(2167, 'Changji', 'CHN', 'Xinxiang'),
(2168, 'Meixian', 'CHN', 'Guangdong'),
(2169, 'Yushu', 'CHN', 'Jilin'),
(2170, 'Tiefa', 'CHN', 'Liaoning'),
(2171, 'Huai´an', 'CHN', 'Jiangsu'),
(2172, 'Leiyang', 'CHN', 'Hunan'),
(2173, 'Zalantun', 'CHN', 'Inner Mongolia'),
(2174, 'Weihai', 'CHN', 'Shandong'),
(2175, 'Loudi', 'CHN', 'Hunan'),
(2176, 'Qingzhou', 'CHN', 'Shandong'),
(2177, 'Qidong', 'CHN', 'Jiangsu'),
(2178, 'Huaihua', 'CHN', 'Hunan'),
(2179, 'Luohe', 'CHN', 'Henan'),
(2180, 'Chuzhou', 'CHN', 'Anhui'),
(2181, 'Kaiyuan', 'CHN', 'Liaoning'),
(2182, 'Linqing', 'CHN', 'Shandong'),
(2183, 'Chaohu', 'CHN', 'Anhui'),
(2184, 'Laohekou', 'CHN', 'Hubei'),
(2185, 'Dujiangyan', 'CHN', 'Sichuan'),
(2186, 'Zhumadian', 'CHN', 'Henan'),
(2187, 'Linchuan', 'CHN', 'Jiangxi'),
(2188, 'Jiaonan', 'CHN', 'Shandong'),
(2189, 'Sanmenxia', 'CHN', 'Henan'),
(2190, 'Heyuan', 'CHN', 'Guangdong'),
(2191, 'Manzhouli', 'CHN', 'Inner Mongolia'),
(2192, 'Lhasa', 'CHN', 'Tibet'),
(2193, 'Lianyuan', 'CHN', 'Hunan'),
(2194, 'Kuytun', 'CHN', 'Xinxiang'),
(2195, 'Puqi', 'CHN', 'Hubei'),
(2196, 'Hongjiang', 'CHN', 'Hunan'),
(2197, 'Qinzhou', 'CHN', 'Guangxi'),
(2198, 'Renqiu', 'CHN', 'Hebei'),
(2199, 'Yuyao', 'CHN', 'Zhejiang'),
(2200, 'Guigang', 'CHN', 'Guangxi'),
(2201, 'Kaili', 'CHN', 'Guizhou'),
(2202, 'Yan´an', 'CHN', 'Shaanxi'),
(2203, 'Beihai', 'CHN', 'Guangxi'),
(2204, 'Xuangzhou', 'CHN', 'Anhui'),
(2205, 'Quzhou', 'CHN', 'Zhejiang'),
(2206, 'Yong´an', 'CHN', 'Fujian'),
(2207, 'Zixing', 'CHN', 'Hunan'),
(2208, 'Liyang', 'CHN', 'Jiangsu'),
(2209, 'Yizheng', 'CHN', 'Jiangsu'),
(2210, 'Yumen', 'CHN', 'Gansu'),
(2211, 'Liling', 'CHN', 'Hunan'),
(2212, 'Yuncheng', 'CHN', 'Shanxi'),
(2213, 'Shanwei', 'CHN', 'Guangdong'),
(2214, 'Cixi', 'CHN', 'Zhejiang'),
(2215, 'Yuanjiang', 'CHN', 'Hunan'),
(2216, 'Bozhou', 'CHN', 'Anhui'),
(2217, 'Jinchang', 'CHN', 'Gansu'),
(2218, 'Fu´an', 'CHN', 'Fujian'),
(2219, 'Suqian', 'CHN', 'Jiangsu'),
(2220, 'Shishou', 'CHN', 'Hubei'),
(2221, 'Hengshui', 'CHN', 'Hebei'),
(2222, 'Danjiangkou', 'CHN', 'Hubei'),
(2223, 'Fujin', 'CHN', 'Heilongjiang'),
(2224, 'Sanya', 'CHN', 'Hainan'),
(2225, 'Guangshui', 'CHN', 'Hubei'),
(2226, 'Huangshan', 'CHN', 'Anhui'),
(2227, 'Xingcheng', 'CHN', 'Liaoning'),
(2228, 'Zhucheng', 'CHN', 'Shandong'),
(2229, 'Kunshan', 'CHN', 'Jiangsu'),
(2230, 'Haining', 'CHN', 'Zhejiang'),
(2231, 'Pingliang', 'CHN', 'Gansu'),
(2232, 'Fuqing', 'CHN', 'Fujian'),
(2233, 'Xinzhou', 'CHN', 'Shanxi'),
(2234, 'Jieyang', 'CHN', 'Guangdong'),
(2235, 'Zhangjiagang', 'CHN', 'Jiangsu'),
(2236, 'Tong Xian', 'CHN', 'Peking'),
(2237, 'Ya´an', 'CHN', 'Sichuan'),
(2238, 'Jinzhou', 'CHN', 'Liaoning'),
(2239, 'Emeishan', 'CHN', 'Sichuan'),
(2240, 'Enshi', 'CHN', 'Hubei'),
(2241, 'Bose', 'CHN', 'Guangxi'),
(2242, 'Yuzhou', 'CHN', 'Henan'),
(2243, 'Kaiyuan', 'CHN', 'Yunnan'),
(2244, 'Tumen', 'CHN', 'Jilin'),
(2245, 'Putian', 'CHN', 'Fujian'),
(2246, 'Linhai', 'CHN', 'Zhejiang'),
(2247, 'Xilin Hot', 'CHN', 'Inner Mongolia'),
(2248, 'Shaowu', 'CHN', 'Fujian'),
(2249, 'Junan', 'CHN', 'Shandong'),
(2250, 'Huaying', 'CHN', 'Sichuan'),
(2251, 'Pingyi', 'CHN', 'Shandong'),
(2252, 'Huangyan', 'CHN', 'Zhejiang'),
(2253, 'Bishkek', 'KGZ', 'Bishkek shaary'),
(2254, 'Osh', 'KGZ', 'Osh'),
(2255, 'Bikenibeu', 'KIR', 'South Tarawa'),
(2256, 'Bairiki', 'KIR', 'South Tarawa'),
(2257, 'Santafé de Bogotá', 'COL', 'Santafé de Bogotá'),
(2258, 'Cali', 'COL', 'Valle'),
(2259, 'Medellín', 'COL', 'Antioquia'),
(2260, 'Barranquilla', 'COL', 'Atlántico'),
(2261, 'Cartagena', 'COL', 'Bolívar'),
(2262, 'Cúcuta', 'COL', 'Norte de Santander'),
(2263, 'Bucaramanga', 'COL', 'Santander'),
(2264, 'Ibagué', 'COL', 'Tolima'),
(2265, 'Pereira', 'COL', 'Risaralda'),
(2266, 'Santa Marta', 'COL', 'Magdalena'),
(2267, 'Manizales', 'COL', 'Caldas'),
(2268, 'Bello', 'COL', 'Antioquia'),
(2269, 'Pasto', 'COL', 'Nariño'),
(2270, 'Neiva', 'COL', 'Huila'),
(2271, 'Soledad', 'COL', 'Atlántico'),
(2272, 'Armenia', 'COL', 'Quindío'),
(2273, 'Villavicencio', 'COL', 'Meta'),
(2274, 'Soacha', 'COL', 'Cundinamarca'),
(2275, 'Valledupar', 'COL', 'Cesar'),
(2276, 'Montería', 'COL', 'Córdoba'),
(2277, 'Itagüí', 'COL', 'Antioquia'),
(2278, 'Palmira', 'COL', 'Valle'),
(2279, 'Buenaventura', 'COL', 'Valle'),
(2280, 'Floridablanca', 'COL', 'Santander'),
(2281, 'Sincelejo', 'COL', 'Sucre'),
(2282, 'Popayán', 'COL', 'Cauca'),
(2283, 'Barrancabermeja', 'COL', 'Santander'),
(2284, 'Dos Quebradas', 'COL', 'Risaralda'),
(2285, 'Tuluá', 'COL', 'Valle'),
(2286, 'Envigado', 'COL', 'Antioquia'),
(2287, 'Cartago', 'COL', 'Valle'),
(2288, 'Girardot', 'COL', 'Cundinamarca'),
(2289, 'Buga', 'COL', 'Valle'),
(2290, 'Tunja', 'COL', 'Boyacá'),
(2291, 'Florencia', 'COL', 'Caquetá'),
(2292, 'Maicao', 'COL', 'La Guajira'),
(2293, 'Sogamoso', 'COL', 'Boyacá'),
(2294, 'Giron', 'COL', 'Santander'),
(2295, 'Moroni', 'COM', 'Njazidja'),
(2296, 'Brazzaville', 'COG', 'Brazzaville'),
(2297, 'Pointe-Noire', 'COG', 'Kouilou'),
(2298, 'Kinshasa', 'COD', 'Kinshasa'),
(2299, 'Lubumbashi', 'COD', 'Shaba'),
(2300, 'Mbuji-Mayi', 'COD', 'East Kasai'),
(2301, 'Kolwezi', 'COD', 'Shaba'),
(2302, 'Kisangani', 'COD', 'Haute-Zaïre'),
(2303, 'Kananga', 'COD', 'West Kasai'),
(2304, 'Likasi', 'COD', 'Shaba'),
(2305, 'Bukavu', 'COD', 'South Kivu'),
(2306, 'Kikwit', 'COD', 'Bandundu'),
(2307, 'Tshikapa', 'COD', 'West Kasai'),
(2308, 'Matadi', 'COD', 'Bas-Zaïre'),
(2309, 'Mbandaka', 'COD', 'Equateur'),
(2310, 'Mwene-Ditu', 'COD', 'East Kasai'),
(2311, 'Boma', 'COD', 'Bas-Zaïre'),
(2312, 'Uvira', 'COD', 'South Kivu'),
(2313, 'Butembo', 'COD', 'North Kivu'),
(2314, 'Goma', 'COD', 'North Kivu'),
(2315, 'Kalemie', 'COD', 'Shaba'),
(2316, 'Bantam', 'CCK', 'Home Island'),
(2317, 'West Island', 'CCK', 'West Island'),
(2318, 'Pyongyang', 'PRK', 'Pyongyang-si'),
(2319, 'Hamhung', 'PRK', 'Hamgyong N'),
(2320, 'Chongjin', 'PRK', 'Hamgyong P'),
(2321, 'Nampo', 'PRK', 'Nampo-si'),
(2322, 'Sinuiju', 'PRK', 'Pyongan P'),
(2323, 'Wonsan', 'PRK', 'Kangwon'),
(2324, 'Phyongsong', 'PRK', 'Pyongan N'),
(2325, 'Sariwon', 'PRK', 'Hwanghae P'),
(2326, 'Haeju', 'PRK', 'Hwanghae N'),
(2327, 'Kanggye', 'PRK', 'Chagang'),
(2328, 'Kimchaek', 'PRK', 'Hamgyong P'),
(2329, 'Hyesan', 'PRK', 'Yanggang'),
(2330, 'Kaesong', 'PRK', 'Kaesong-si'),
(2331, 'Seoul', 'KOR', 'Seoul'),
(2332, 'Pusan', 'KOR', 'Pusan'),
(2333, 'Inchon', 'KOR', 'Inchon'),
(2334, 'Taegu', 'KOR', 'Taegu'),
(2335, 'Taejon', 'KOR', 'Taejon'),
(2336, 'Kwangju', 'KOR', 'Kwangju'),
(2337, 'Ulsan', 'KOR', 'Kyongsangnam'),
(2338, 'Songnam', 'KOR', 'Kyonggi'),
(2339, 'Puchon', 'KOR', 'Kyonggi'),
(2340, 'Suwon', 'KOR', 'Kyonggi'),
(2341, 'Anyang', 'KOR', 'Kyonggi'),
(2342, 'Chonju', 'KOR', 'Chollabuk'),
(2343, 'Chongju', 'KOR', 'Chungchongbuk'),
(2344, 'Koyang', 'KOR', 'Kyonggi'),
(2345, 'Ansan', 'KOR', 'Kyonggi'),
(2346, 'Pohang', 'KOR', 'Kyongsangbuk'),
(2347, 'Chang-won', 'KOR', 'Kyongsangnam'),
(2348, 'Masan', 'KOR', 'Kyongsangnam'),
(2349, 'Kwangmyong', 'KOR', 'Kyonggi'),
(2350, 'Chonan', 'KOR', 'Chungchongnam'),
(2351, 'Chinju', 'KOR', 'Kyongsangnam'),
(2352, 'Iksan', 'KOR', 'Chollabuk'),
(2353, 'Pyongtaek', 'KOR', 'Kyonggi'),
(2354, 'Kumi', 'KOR', 'Kyongsangbuk'),
(2355, 'Uijongbu', 'KOR', 'Kyonggi'),
(2356, 'Kyongju', 'KOR', 'Kyongsangbuk'),
(2357, 'Kunsan', 'KOR', 'Chollabuk'),
(2358, 'Cheju', 'KOR', 'Cheju'),
(2359, 'Kimhae', 'KOR', 'Kyongsangnam'),
(2360, 'Sunchon', 'KOR', 'Chollanam'),
(2361, 'Mokpo', 'KOR', 'Chollanam'),
(2362, 'Yong-in', 'KOR', 'Kyonggi'),
(2363, 'Wonju', 'KOR', 'Kang-won'),
(2364, 'Kunpo', 'KOR', 'Kyonggi'),
(2365, 'Chunchon', 'KOR', 'Kang-won'),
(2366, 'Namyangju', 'KOR', 'Kyonggi'),
(2367, 'Kangnung', 'KOR', 'Kang-won'),
(2368, 'Chungju', 'KOR', 'Chungchongbuk'),
(2369, 'Andong', 'KOR', 'Kyongsangbuk'),
(2370, 'Yosu', 'KOR', 'Chollanam'),
(2371, 'Kyongsan', 'KOR', 'Kyongsangbuk'),
(2372, 'Paju', 'KOR', 'Kyonggi'),
(2373, 'Yangsan', 'KOR', 'Kyongsangnam'),
(2374, 'Ichon', 'KOR', 'Kyonggi'),
(2375, 'Asan', 'KOR', 'Chungchongnam'),
(2376, 'Koje', 'KOR', 'Kyongsangnam'),
(2377, 'Kimchon', 'KOR', 'Kyongsangbuk'),
(2378, 'Nonsan', 'KOR', 'Chungchongnam'),
(2379, 'Kuri', 'KOR', 'Kyonggi'),
(2380, 'Chong-up', 'KOR', 'Chollabuk'),
(2381, 'Chechon', 'KOR', 'Chungchongbuk'),
(2382, 'Sosan', 'KOR', 'Chungchongnam'),
(2383, 'Shihung', 'KOR', 'Kyonggi'),
(2384, 'Tong-yong', 'KOR', 'Kyongsangnam'),
(2385, 'Kongju', 'KOR', 'Chungchongnam'),
(2386, 'Yongju', 'KOR', 'Kyongsangbuk'),
(2387, 'Chinhae', 'KOR', 'Kyongsangnam'),
(2388, 'Sangju', 'KOR', 'Kyongsangbuk'),
(2389, 'Poryong', 'KOR', 'Chungchongnam'),
(2390, 'Kwang-yang', 'KOR', 'Chollanam'),
(2391, 'Miryang', 'KOR', 'Kyongsangnam'),
(2392, 'Hanam', 'KOR', 'Kyonggi'),
(2393, 'Kimje', 'KOR', 'Chollabuk'),
(2394, 'Yongchon', 'KOR', 'Kyongsangbuk'),
(2395, 'Sachon', 'KOR', 'Kyongsangnam'),
(2396, 'Uiwang', 'KOR', 'Kyonggi'),
(2397, 'Naju', 'KOR', 'Chollanam'),
(2398, 'Namwon', 'KOR', 'Chollabuk'),
(2399, 'Tonghae', 'KOR', 'Kang-won'),
(2400, 'Mun-gyong', 'KOR', 'Kyongsangbuk'),
(2401, 'Athenai', 'GRC', 'Attika'),
(2402, 'Thessaloniki', 'GRC', 'Central Macedonia'),
(2403, 'Pireus', 'GRC', 'Attika'),
(2404, 'Patras', 'GRC', 'West Greece'),
(2405, 'Peristerion', 'GRC', 'Attika'),
(2406, 'Herakleion', 'GRC', 'Crete'),
(2407, 'Kallithea', 'GRC', 'Attika'),
(2408, 'Larisa', 'GRC', 'Thessalia'),
(2409, 'Zagreb', 'HRV', 'Grad Zagreb'),
(2410, 'Split', 'HRV', 'Split-Dalmatia'),
(2411, 'Rijeka', 'HRV', 'Primorje-Gorski Kota'),
(2412, 'Osijek', 'HRV', 'Osijek-Baranja'),
(2413, 'La Habana', 'CUB', 'La Habana'),
(2414, 'Santiago de Cuba', 'CUB', 'Santiago de Cuba'),
(2415, 'Camagüey', 'CUB', 'Camagüey'),
(2416, 'Holguín', 'CUB', 'Holguín'),
(2417, 'Santa Clara', 'CUB', 'Villa Clara'),
(2418, 'Guantánamo', 'CUB', 'Guantánamo'),
(2419, 'Pinar del Río', 'CUB', 'Pinar del Río'),
(2420, 'Bayamo', 'CUB', 'Granma'),
(2421, 'Cienfuegos', 'CUB', 'Cienfuegos'),
(2422, 'Victoria de las Tunas', 'CUB', 'Las Tunas'),
(2423, 'Matanzas', 'CUB', 'Matanzas'),
(2424, 'Manzanillo', 'CUB', 'Granma'),
(2425, 'Sancti-Spíritus', 'CUB', 'Sancti-Spíritus'),
(2426, 'Ciego de Ávila', 'CUB', 'Ciego de Ávila'),
(2427, 'al-Salimiya', 'KWT', 'Hawalli'),
(2428, 'Jalib al-Shuyukh', 'KWT', 'Hawalli'),
(2429, 'Kuwait', 'KWT', 'al-Asima'),
(2430, 'Nicosia', 'CYP', 'Nicosia'),
(2431, 'Limassol', 'CYP', 'Limassol'),
(2432, 'Vientiane', 'LAO', 'Viangchan'),
(2433, 'Savannakhet', 'LAO', 'Savannakhet'),
(2434, 'Riga', 'LVA', 'Riika'),
(2435, 'Daugavpils', 'LVA', 'Daugavpils'),
(2436, 'Liepaja', 'LVA', 'Liepaja'),
(2437, 'Maseru', 'LSO', 'Maseru'),
(2438, 'Beirut', 'LBN', 'Beirut'),
(2439, 'Tripoli', 'LBN', 'al-Shamal'),
(2440, 'Monrovia', 'LBR', 'Montserrado'),
(2441, 'Tripoli', 'LBY', 'Tripoli'),
(2442, 'Bengasi', 'LBY', 'Bengasi'),
(2443, 'Misrata', 'LBY', 'Misrata'),
(2444, 'al-Zawiya', 'LBY', 'al-Zawiya'),
(2445, 'Schaan', 'LIE', 'Schaan'),
(2446, 'Vaduz', 'LIE', 'Vaduz'),
(2447, 'Vilnius', 'LTU', 'Vilna'),
(2448, 'Kaunas', 'LTU', 'Kaunas'),
(2449, 'Klaipeda', 'LTU', 'Klaipeda'),
(2450, 'Šiauliai', 'LTU', 'Šiauliai'),
(2451, 'Panevezys', 'LTU', 'Panevezys'),
(2452, 'Luxembourg [Luxemburg/Lëtzebuerg]', 'LUX', 'Luxembourg'),
(2453, 'El-Aaiún', 'ESH', 'El-Aaiún'),
(2454, 'Macao', 'MAC', 'Macau'),
(2455, 'Antananarivo', 'MDG', 'Antananarivo'),
(2456, 'Toamasina', 'MDG', 'Toamasina'),
(2457, 'Antsirabé', 'MDG', 'Antananarivo'),
(2458, 'Mahajanga', 'MDG', 'Mahajanga'),
(2459, 'Fianarantsoa', 'MDG', 'Fianarantsoa'),
(2460, 'Skopje', 'MKD', 'Skopje'),
(2461, 'Blantyre', 'MWI', 'Blantyre'),
(2462, 'Lilongwe', 'MWI', 'Lilongwe'),
(2463, 'Male', 'MDV', 'Maale'),
(2464, 'Kuala Lumpur', 'MYS', 'Wilayah Persekutuan'),
(2465, 'Ipoh', 'MYS', 'Perak'),
(2466, 'Johor Baharu', 'MYS', 'Johor'),
(2467, 'Petaling Jaya', 'MYS', 'Selangor'),
(2468, 'Kelang', 'MYS', 'Selangor'),
(2469, 'Kuala Terengganu', 'MYS', 'Terengganu'),
(2470, 'Pinang', 'MYS', 'Pulau Pinang'),
(2471, 'Kota Bharu', 'MYS', 'Kelantan'),
(2472, 'Kuantan', 'MYS', 'Pahang'),
(2473, 'Taiping', 'MYS', 'Perak'),
(2474, 'Seremban', 'MYS', 'Negeri Sembilan'),
(2475, 'Kuching', 'MYS', 'Sarawak'),
(2476, 'Sibu', 'MYS', 'Sarawak'),
(2477, 'Sandakan', 'MYS', 'Sabah'),
(2478, 'Alor Setar', 'MYS', 'Kedah'),
(2479, 'Selayang Baru', 'MYS', 'Selangor'),
(2480, 'Sungai Petani', 'MYS', 'Kedah'),
(2481, 'Shah Alam', 'MYS', 'Selangor'),
(2482, 'Bamako', 'MLI', 'Bamako'),
(2483, 'Birkirkara', 'MLT', 'Outer Harbour'),
(2484, 'Valletta', 'MLT', 'Inner Harbour'),
(2485, 'Casablanca', 'MAR', 'Casablanca'),
(2486, 'Rabat', 'MAR', 'Rabat-Salé-Zammour-Z'),
(2487, 'Marrakech', 'MAR', 'Marrakech-Tensift-Al'),
(2488, 'Fès', 'MAR', 'Fès-Boulemane'),
(2489, 'Tanger', 'MAR', 'Tanger-Tétouan'),
(2490, 'Salé', 'MAR', 'Rabat-Salé-Zammour-Z'),
(2491, 'Meknès', 'MAR', 'Meknès-Tafilalet'),
(2492, 'Oujda', 'MAR', 'Oriental'),
(2493, 'Kénitra', 'MAR', 'Gharb-Chrarda-Béni H'),
(2494, 'Tétouan', 'MAR', 'Tanger-Tétouan'),
(2495, 'Safi', 'MAR', 'Doukkala-Abda'),
(2496, 'Agadir', 'MAR', 'Souss Massa-Draâ'),
(2497, 'Mohammedia', 'MAR', 'Casablanca'),
(2498, 'Khouribga', 'MAR', 'Chaouia-Ouardigha'),
(2499, 'Beni-Mellal', 'MAR', 'Tadla-Azilal'),
(2500, 'Témara', 'MAR', 'Rabat-Salé-Zammour-Z'),
(2501, 'El Jadida', 'MAR', 'Doukkala-Abda'),
(2502, 'Nador', 'MAR', 'Oriental'),
(2503, 'Ksar el Kebir', 'MAR', 'Tanger-Tétouan'),
(2504, 'Settat', 'MAR', 'Chaouia-Ouardigha'),
(2505, 'Taza', 'MAR', 'Taza-Al Hoceima-Taou'),
(2506, 'El Araich', 'MAR', 'Tanger-Tétouan'),
(2507, 'Dalap-Uliga-Darrit', 'MHL', 'Majuro'),
(2508, 'Fort-de-France', 'MTQ', 'Fort-de-France'),
(2509, 'Nouakchott', 'MRT', 'Nouakchott'),
(2510, 'Nouâdhibou', 'MRT', 'Dakhlet Nouâdhibou'),
(2511, 'Port-Louis', 'MUS', 'Port-Louis'),
(2512, 'Beau Bassin-Rose Hill', 'MUS', 'Plaines Wilhelms'),
(2513, 'Vacoas-Phoenix', 'MUS', 'Plaines Wilhelms'),
(2514, 'Mamoutzou', 'MYT', 'Mamoutzou'),
(2515, 'Ciudad de México', 'MEX', 'Distrito Federal'),
(2516, 'Guadalajara', 'MEX', 'Jalisco'),
(2517, 'Ecatepec de Morelos', 'MEX', 'México'),
(2518, 'Puebla', 'MEX', 'Puebla'),
(2519, 'Nezahualcóyotl', 'MEX', 'México'),
(2520, 'Juárez', 'MEX', 'Chihuahua'),
(2521, 'Tijuana', 'MEX', 'Baja California'),
(2522, 'León', 'MEX', 'Guanajuato'),
(2523, 'Monterrey', 'MEX', 'Nuevo León'),
(2524, 'Zapopan', 'MEX', 'Jalisco'),
(2525, 'Naucalpan de Juárez', 'MEX', 'México'),
(2526, 'Mexicali', 'MEX', 'Baja California'),
(2527, 'Culiacán', 'MEX', 'Sinaloa'),
(2528, 'Acapulco de Juárez', 'MEX', 'Guerrero'),
(2529, 'Tlalnepantla de Baz', 'MEX', 'México'),
(2530, 'Mérida', 'MEX', 'Yucatán'),
(2531, 'Chihuahua', 'MEX', 'Chihuahua'),
(2532, 'San Luis Potosí', 'MEX', 'San Luis Potosí'),
(2533, 'Guadalupe', 'MEX', 'Nuevo León'),
(2534, 'Toluca', 'MEX', 'México'),
(2535, 'Aguascalientes', 'MEX', 'Aguascalientes'),
(2536, 'Querétaro', 'MEX', 'Querétaro de Arteaga'),
(2537, 'Morelia', 'MEX', 'Michoacán de Ocampo'),
(2538, 'Hermosillo', 'MEX', 'Sonora'),
(2539, 'Saltillo', 'MEX', 'Coahuila de Zaragoza'),
(2540, 'Torreón', 'MEX', 'Coahuila de Zaragoza'),
(2541, 'Centro (Villahermosa)', 'MEX', 'Tabasco'),
(2542, 'San Nicolás de los Garza', 'MEX', 'Nuevo León'),
(2543, 'Durango', 'MEX', 'Durango'),
(2544, 'Chimalhuacán', 'MEX', 'México'),
(2545, 'Tlaquepaque', 'MEX', 'Jalisco'),
(2546, 'Atizapán de Zaragoza', 'MEX', 'México'),
(2547, 'Veracruz', 'MEX', 'Veracruz'),
(2548, 'Cuautitlán Izcalli', 'MEX', 'México'),
(2549, 'Irapuato', 'MEX', 'Guanajuato'),
(2550, 'Tuxtla Gutiérrez', 'MEX', 'Chiapas'),
(2551, 'Tultitlán', 'MEX', 'México'),
(2552, 'Reynosa', 'MEX', 'Tamaulipas'),
(2553, 'Benito Juárez', 'MEX', 'Quintana Roo'),
(2554, 'Matamoros', 'MEX', 'Tamaulipas'),
(2555, 'Xalapa', 'MEX', 'Veracruz'),
(2556, 'Celaya', 'MEX', 'Guanajuato'),
(2557, 'Mazatlán', 'MEX', 'Sinaloa'),
(2558, 'Ensenada', 'MEX', 'Baja California'),
(2559, 'Ahome', 'MEX', 'Sinaloa'),
(2560, 'Cajeme', 'MEX', 'Sonora'),
(2561, 'Cuernavaca', 'MEX', 'Morelos'),
(2562, 'Tonalá', 'MEX', 'Jalisco'),
(2563, 'Valle de Chalco Solidaridad', 'MEX', 'México'),
(2564, 'Nuevo Laredo', 'MEX', 'Tamaulipas'),
(2565, 'Tepic', 'MEX', 'Nayarit'),
(2566, 'Tampico', 'MEX', 'Tamaulipas'),
(2567, 'Ixtapaluca', 'MEX', 'México'),
(2568, 'Apodaca', 'MEX', 'Nuevo León'),
(2569, 'Guasave', 'MEX', 'Sinaloa'),
(2570, 'Gómez Palacio', 'MEX', 'Durango'),
(2571, 'Tapachula', 'MEX', 'Chiapas'),
(2572, 'Nicolás Romero', 'MEX', 'México'),
(2573, 'Coatzacoalcos', 'MEX', 'Veracruz'),
(2574, 'Uruapan', 'MEX', 'Michoacán de Ocampo'),
(2575, 'Victoria', 'MEX', 'Tamaulipas'),
(2576, 'Oaxaca de Juárez', 'MEX', 'Oaxaca'),
(2577, 'Coacalco de Berriozábal', 'MEX', 'México'),
(2578, 'Pachuca de Soto', 'MEX', 'Hidalgo'),
(2579, 'General Escobedo', 'MEX', 'Nuevo León'),
(2580, 'Salamanca', 'MEX', 'Guanajuato'),
(2581, 'Santa Catarina', 'MEX', 'Nuevo León'),
(2582, 'Tehuacán', 'MEX', 'Puebla'),
(2583, 'Chalco', 'MEX', 'México'),
(2584, 'Cárdenas', 'MEX', 'Tabasco'),
(2585, 'Campeche', 'MEX', 'Campeche'),
(2586, 'La Paz', 'MEX', 'México'),
(2587, 'Othón P. Blanco (Chetumal)', 'MEX', 'Quintana Roo'),
(2588, 'Texcoco', 'MEX', 'México'),
(2589, 'La Paz', 'MEX', 'Baja California Sur'),
(2590, 'Metepec', 'MEX', 'México'),
(2591, 'Monclova', 'MEX', 'Coahuila de Zaragoza'),
(2592, 'Huixquilucan', 'MEX', 'México'),
(2593, 'Chilpancingo de los Bravo', 'MEX', 'Guerrero'),
(2594, 'Puerto Vallarta', 'MEX', 'Jalisco'),
(2595, 'Fresnillo', 'MEX', 'Zacatecas'),
(2596, 'Ciudad Madero', 'MEX', 'Tamaulipas'),
(2597, 'Soledad de Graciano Sánchez', 'MEX', 'San Luis Potosí'),
(2598, 'San Juan del Río', 'MEX', 'Querétaro'),
(2599, 'San Felipe del Progreso', 'MEX', 'México'),
(2600, 'Córdoba', 'MEX', 'Veracruz'),
(2601, 'Tecámac', 'MEX', 'México'),
(2602, 'Ocosingo', 'MEX', 'Chiapas'),
(2603, 'Carmen', 'MEX', 'Campeche'),
(2604, 'Lázaro Cárdenas', 'MEX', 'Michoacán de Ocampo'),
(2605, 'Jiutepec', 'MEX', 'Morelos'),
(2606, 'Papantla', 'MEX', 'Veracruz'),
(2607, 'Comalcalco', 'MEX', 'Tabasco'),
(2608, 'Zamora', 'MEX', 'Michoacán de Ocampo'),
(2609, 'Nogales', 'MEX', 'Sonora'),
(2610, 'Huimanguillo', 'MEX', 'Tabasco'),
(2611, 'Cuautla', 'MEX', 'Morelos'),
(2612, 'Minatitlán', 'MEX', 'Veracruz'),
(2613, 'Poza Rica de Hidalgo', 'MEX', 'Veracruz');
INSERT INTO `city` (`ID`, `Name`, `CountryCode`, `District`) VALUES
(2614, 'Ciudad Valles', 'MEX', 'San Luis Potosí'),
(2615, 'Navolato', 'MEX', 'Sinaloa'),
(2616, 'San Luis Río Colorado', 'MEX', 'Sonora'),
(2617, 'Pénjamo', 'MEX', 'Guanajuato'),
(2618, 'San Andrés Tuxtla', 'MEX', 'Veracruz'),
(2619, 'Guanajuato', 'MEX', 'Guanajuato'),
(2620, 'Navojoa', 'MEX', 'Sonora'),
(2621, 'Zitácuaro', 'MEX', 'Michoacán de Ocampo'),
(2622, 'Boca del Río', 'MEX', 'Veracruz-Llave'),
(2623, 'Allende', 'MEX', 'Guanajuato'),
(2624, 'Silao', 'MEX', 'Guanajuato'),
(2625, 'Macuspana', 'MEX', 'Tabasco'),
(2626, 'San Juan Bautista Tuxtepec', 'MEX', 'Oaxaca'),
(2627, 'San Cristóbal de las Casas', 'MEX', 'Chiapas'),
(2628, 'Valle de Santiago', 'MEX', 'Guanajuato'),
(2629, 'Guaymas', 'MEX', 'Sonora'),
(2630, 'Colima', 'MEX', 'Colima'),
(2631, 'Dolores Hidalgo', 'MEX', 'Guanajuato'),
(2632, 'Lagos de Moreno', 'MEX', 'Jalisco'),
(2633, 'Piedras Negras', 'MEX', 'Coahuila de Zaragoza'),
(2634, 'Altamira', 'MEX', 'Tamaulipas'),
(2635, 'Túxpam', 'MEX', 'Veracruz'),
(2636, 'San Pedro Garza García', 'MEX', 'Nuevo León'),
(2637, 'Cuauhtémoc', 'MEX', 'Chihuahua'),
(2638, 'Manzanillo', 'MEX', 'Colima'),
(2639, 'Iguala de la Independencia', 'MEX', 'Guerrero'),
(2640, 'Zacatecas', 'MEX', 'Zacatecas'),
(2641, 'Tlajomulco de Zúñiga', 'MEX', 'Jalisco'),
(2642, 'Tulancingo de Bravo', 'MEX', 'Hidalgo'),
(2643, 'Zinacantepec', 'MEX', 'México'),
(2644, 'San Martín Texmelucan', 'MEX', 'Puebla'),
(2645, 'Tepatitlán de Morelos', 'MEX', 'Jalisco'),
(2646, 'Martínez de la Torre', 'MEX', 'Veracruz'),
(2647, 'Orizaba', 'MEX', 'Veracruz'),
(2648, 'Apatzingán', 'MEX', 'Michoacán de Ocampo'),
(2649, 'Atlixco', 'MEX', 'Puebla'),
(2650, 'Delicias', 'MEX', 'Chihuahua'),
(2651, 'Ixtlahuaca', 'MEX', 'México'),
(2652, 'El Mante', 'MEX', 'Tamaulipas'),
(2653, 'Lerdo', 'MEX', 'Durango'),
(2654, 'Almoloya de Juárez', 'MEX', 'México'),
(2655, 'Acámbaro', 'MEX', 'Guanajuato'),
(2656, 'Acuña', 'MEX', 'Coahuila de Zaragoza'),
(2657, 'Guadalupe', 'MEX', 'Zacatecas'),
(2658, 'Huejutla de Reyes', 'MEX', 'Hidalgo'),
(2659, 'Hidalgo', 'MEX', 'Michoacán de Ocampo'),
(2660, 'Los Cabos', 'MEX', 'Baja California Sur'),
(2661, 'Comitán de Domínguez', 'MEX', 'Chiapas'),
(2662, 'Cunduacán', 'MEX', 'Tabasco'),
(2663, 'Río Bravo', 'MEX', 'Tamaulipas'),
(2664, 'Temapache', 'MEX', 'Veracruz'),
(2665, 'Chilapa de Alvarez', 'MEX', 'Guerrero'),
(2666, 'Hidalgo del Parral', 'MEX', 'Chihuahua'),
(2667, 'San Francisco del Rincón', 'MEX', 'Guanajuato'),
(2668, 'Taxco de Alarcón', 'MEX', 'Guerrero'),
(2669, 'Zumpango', 'MEX', 'México'),
(2670, 'San Pedro Cholula', 'MEX', 'Puebla'),
(2671, 'Lerma', 'MEX', 'México'),
(2672, 'Tecomán', 'MEX', 'Colima'),
(2673, 'Las Margaritas', 'MEX', 'Chiapas'),
(2674, 'Cosoleacaque', 'MEX', 'Veracruz'),
(2675, 'San Luis de la Paz', 'MEX', 'Guanajuato'),
(2676, 'José Azueta', 'MEX', 'Guerrero'),
(2677, 'Santiago Ixcuintla', 'MEX', 'Nayarit'),
(2678, 'San Felipe', 'MEX', 'Guanajuato'),
(2679, 'Tejupilco', 'MEX', 'México'),
(2680, 'Tantoyuca', 'MEX', 'Veracruz'),
(2681, 'Salvatierra', 'MEX', 'Guanajuato'),
(2682, 'Tultepec', 'MEX', 'México'),
(2683, 'Temixco', 'MEX', 'Morelos'),
(2684, 'Matamoros', 'MEX', 'Coahuila de Zaragoza'),
(2685, 'Pánuco', 'MEX', 'Veracruz'),
(2686, 'El Fuerte', 'MEX', 'Sinaloa'),
(2687, 'Tierra Blanca', 'MEX', 'Veracruz'),
(2688, 'Weno', 'FSM', 'Chuuk'),
(2689, 'Palikir', 'FSM', 'Pohnpei'),
(2690, 'Chisinau', 'MDA', 'Chisinau'),
(2691, 'Tiraspol', 'MDA', 'Dnjestria'),
(2692, 'Balti', 'MDA', 'Balti'),
(2693, 'Bender (Tîghina)', 'MDA', 'Bender (Tîghina)'),
(2694, 'Monte-Carlo', 'MCO', '–'),
(2695, 'Monaco-Ville', 'MCO', '–'),
(2696, 'Ulan Bator', 'MNG', 'Ulaanbaatar'),
(2697, 'Plymouth', 'MSR', 'Plymouth'),
(2698, 'Maputo', 'MOZ', 'Maputo'),
(2699, 'Matola', 'MOZ', 'Maputo'),
(2700, 'Beira', 'MOZ', 'Sofala'),
(2701, 'Nampula', 'MOZ', 'Nampula'),
(2702, 'Chimoio', 'MOZ', 'Manica'),
(2703, 'Naçala-Porto', 'MOZ', 'Nampula'),
(2704, 'Quelimane', 'MOZ', 'Zambézia'),
(2705, 'Mocuba', 'MOZ', 'Zambézia'),
(2706, 'Tete', 'MOZ', 'Tete'),
(2707, 'Xai-Xai', 'MOZ', 'Gaza'),
(2708, 'Gurue', 'MOZ', 'Zambézia'),
(2709, 'Maxixe', 'MOZ', 'Inhambane'),
(2710, 'Rangoon (Yangon)', 'MMR', 'Rangoon [Yangon]'),
(2711, 'Mandalay', 'MMR', 'Mandalay'),
(2712, 'Moulmein (Mawlamyine)', 'MMR', 'Mon'),
(2713, 'Pegu (Bago)', 'MMR', 'Pegu [Bago]'),
(2714, 'Bassein (Pathein)', 'MMR', 'Irrawaddy [Ayeyarwad'),
(2715, 'Monywa', 'MMR', 'Sagaing'),
(2716, 'Sittwe (Akyab)', 'MMR', 'Rakhine'),
(2717, 'Taunggyi (Taunggye)', 'MMR', 'Shan'),
(2718, 'Meikhtila', 'MMR', 'Mandalay'),
(2719, 'Mergui (Myeik)', 'MMR', 'Tenasserim [Tanintha'),
(2720, 'Lashio (Lasho)', 'MMR', 'Shan'),
(2721, 'Prome (Pyay)', 'MMR', 'Pegu [Bago]'),
(2722, 'Henzada (Hinthada)', 'MMR', 'Irrawaddy [Ayeyarwad'),
(2723, 'Myingyan', 'MMR', 'Mandalay'),
(2724, 'Tavoy (Dawei)', 'MMR', 'Tenasserim [Tanintha'),
(2725, 'Pagakku (Pakokku)', 'MMR', 'Magwe [Magway]'),
(2726, 'Windhoek', 'NAM', 'Khomas'),
(2727, 'Yangor', 'NRU', '–'),
(2728, 'Yaren', 'NRU', '–'),
(2729, 'Kathmandu', 'NPL', 'Central'),
(2730, 'Biratnagar', 'NPL', 'Eastern'),
(2731, 'Pokhara', 'NPL', 'Western'),
(2732, 'Lalitapur', 'NPL', 'Central'),
(2733, 'Birgunj', 'NPL', 'Central'),
(2734, 'Managua', 'NIC', 'Managua'),
(2735, 'León', 'NIC', 'León'),
(2736, 'Chinandega', 'NIC', 'Chinandega'),
(2737, 'Masaya', 'NIC', 'Masaya'),
(2738, 'Niamey', 'NER', 'Niamey'),
(2739, 'Zinder', 'NER', 'Zinder'),
(2740, 'Maradi', 'NER', 'Maradi'),
(2741, 'Lagos', 'NGA', 'Lagos'),
(2742, 'Ibadan', 'NGA', 'Oyo & Osun'),
(2743, 'Ogbomosho', 'NGA', 'Oyo & Osun'),
(2744, 'Kano', 'NGA', 'Kano & Jigawa'),
(2745, 'Oshogbo', 'NGA', 'Oyo & Osun'),
(2746, 'Ilorin', 'NGA', 'Kwara & Kogi'),
(2747, 'Abeokuta', 'NGA', 'Ogun'),
(2748, 'Port Harcourt', 'NGA', 'Rivers & Bayelsa'),
(2749, 'Zaria', 'NGA', 'Kaduna'),
(2750, 'Ilesha', 'NGA', 'Oyo & Osun'),
(2751, 'Onitsha', 'NGA', 'Anambra & Enugu & Eb'),
(2752, 'Iwo', 'NGA', 'Oyo & Osun'),
(2753, 'Ado-Ekiti', 'NGA', 'Ondo & Ekiti'),
(2754, 'Abuja', 'NGA', 'Federal Capital Dist'),
(2755, 'Kaduna', 'NGA', 'Kaduna'),
(2756, 'Mushin', 'NGA', 'Lagos'),
(2757, 'Maiduguri', 'NGA', 'Borno & Yobe'),
(2758, 'Enugu', 'NGA', 'Anambra & Enugu & Eb'),
(2759, 'Ede', 'NGA', 'Oyo & Osun'),
(2760, 'Aba', 'NGA', 'Imo & Abia'),
(2761, 'Ife', 'NGA', 'Oyo & Osun'),
(2762, 'Ila', 'NGA', 'Oyo & Osun'),
(2763, 'Oyo', 'NGA', 'Oyo & Osun'),
(2764, 'Ikerre', 'NGA', 'Ondo & Ekiti'),
(2765, 'Benin City', 'NGA', 'Edo & Delta'),
(2766, 'Iseyin', 'NGA', 'Oyo & Osun'),
(2767, 'Katsina', 'NGA', 'Katsina'),
(2768, 'Jos', 'NGA', 'Plateau & Nassarawa'),
(2769, 'Sokoto', 'NGA', 'Sokoto & Kebbi & Zam'),
(2770, 'Ilobu', 'NGA', 'Oyo & Osun'),
(2771, 'Offa', 'NGA', 'Kwara & Kogi'),
(2772, 'Ikorodu', 'NGA', 'Lagos'),
(2773, 'Ilawe-Ekiti', 'NGA', 'Ondo & Ekiti'),
(2774, 'Owo', 'NGA', 'Ondo & Ekiti'),
(2775, 'Ikirun', 'NGA', 'Oyo & Osun'),
(2776, 'Shaki', 'NGA', 'Oyo & Osun'),
(2777, 'Calabar', 'NGA', 'Cross River'),
(2778, 'Ondo', 'NGA', 'Ondo & Ekiti'),
(2779, 'Akure', 'NGA', 'Ondo & Ekiti'),
(2780, 'Gusau', 'NGA', 'Sokoto & Kebbi & Zam'),
(2781, 'Ijebu-Ode', 'NGA', 'Ogun'),
(2782, 'Effon-Alaiye', 'NGA', 'Oyo & Osun'),
(2783, 'Kumo', 'NGA', 'Bauchi & Gombe'),
(2784, 'Shomolu', 'NGA', 'Lagos'),
(2785, 'Oka-Akoko', 'NGA', 'Ondo & Ekiti'),
(2786, 'Ikare', 'NGA', 'Ondo & Ekiti'),
(2787, 'Sapele', 'NGA', 'Edo & Delta'),
(2788, 'Deba Habe', 'NGA', 'Bauchi & Gombe'),
(2789, 'Minna', 'NGA', 'Niger'),
(2790, 'Warri', 'NGA', 'Edo & Delta'),
(2791, 'Bida', 'NGA', 'Niger'),
(2792, 'Ikire', 'NGA', 'Oyo & Osun'),
(2793, 'Makurdi', 'NGA', 'Benue'),
(2794, 'Lafia', 'NGA', 'Plateau & Nassarawa'),
(2795, 'Inisa', 'NGA', 'Oyo & Osun'),
(2796, 'Shagamu', 'NGA', 'Ogun'),
(2797, 'Awka', 'NGA', 'Anambra & Enugu & Eb'),
(2798, 'Gombe', 'NGA', 'Bauchi & Gombe'),
(2799, 'Igboho', 'NGA', 'Oyo & Osun'),
(2800, 'Ejigbo', 'NGA', 'Oyo & Osun'),
(2801, 'Agege', 'NGA', 'Lagos'),
(2802, 'Ise-Ekiti', 'NGA', 'Ondo & Ekiti'),
(2803, 'Ugep', 'NGA', 'Cross River'),
(2804, 'Epe', 'NGA', 'Lagos'),
(2805, 'Alofi', 'NIU', '–'),
(2806, 'Kingston', 'NFK', '–'),
(2807, 'Oslo', 'NOR', 'Oslo'),
(2808, 'Bergen', 'NOR', 'Hordaland'),
(2809, 'Trondheim', 'NOR', 'Sør-Trøndelag'),
(2810, 'Stavanger', 'NOR', 'Rogaland'),
(2811, 'Bærum', 'NOR', 'Akershus'),
(2812, 'Abidjan', 'CIV', 'Abidjan'),
(2813, 'Bouaké', 'CIV', 'Bouaké'),
(2814, 'Yamoussoukro', 'CIV', 'Yamoussoukro'),
(2815, 'Daloa', 'CIV', 'Daloa'),
(2816, 'Korhogo', 'CIV', 'Korhogo'),
(2817, 'al-Sib', 'OMN', 'Masqat'),
(2818, 'Salala', 'OMN', 'Zufar'),
(2819, 'Bawshar', 'OMN', 'Masqat'),
(2820, 'Suhar', 'OMN', 'al-Batina'),
(2821, 'Masqat', 'OMN', 'Masqat'),
(2822, 'Karachi', 'PAK', 'Sindh'),
(2823, 'Lahore', 'PAK', 'Punjab'),
(2824, 'Faisalabad', 'PAK', 'Punjab'),
(2825, 'Rawalpindi', 'PAK', 'Punjab'),
(2826, 'Multan', 'PAK', 'Punjab'),
(2827, 'Hyderabad', 'PAK', 'Sindh'),
(2828, 'Gujranwala', 'PAK', 'Punjab'),
(2829, 'Peshawar', 'PAK', 'Nothwest Border Prov'),
(2830, 'Quetta', 'PAK', 'Baluchistan'),
(2831, 'Islamabad', 'PAK', 'Islamabad'),
(2832, 'Sargodha', 'PAK', 'Punjab'),
(2833, 'Sialkot', 'PAK', 'Punjab'),
(2834, 'Bahawalpur', 'PAK', 'Punjab'),
(2835, 'Sukkur', 'PAK', 'Sindh'),
(2836, 'Jhang', 'PAK', 'Punjab'),
(2837, 'Sheikhupura', 'PAK', 'Punjab'),
(2838, 'Larkana', 'PAK', 'Sindh'),
(2839, 'Gujrat', 'PAK', 'Punjab'),
(2840, 'Mardan', 'PAK', 'Nothwest Border Prov'),
(2841, 'Kasur', 'PAK', 'Punjab'),
(2842, 'Rahim Yar Khan', 'PAK', 'Punjab'),
(2843, 'Sahiwal', 'PAK', 'Punjab'),
(2844, 'Okara', 'PAK', 'Punjab'),
(2845, 'Wah', 'PAK', 'Punjab'),
(2846, 'Dera Ghazi Khan', 'PAK', 'Punjab'),
(2847, 'Mirpur Khas', 'PAK', 'Sind'),
(2848, 'Nawabshah', 'PAK', 'Sind'),
(2849, 'Mingora', 'PAK', 'Nothwest Border Prov'),
(2850, 'Chiniot', 'PAK', 'Punjab'),
(2851, 'Kamoke', 'PAK', 'Punjab'),
(2852, 'Mandi Burewala', 'PAK', 'Punjab'),
(2853, 'Jhelum', 'PAK', 'Punjab'),
(2854, 'Sadiqabad', 'PAK', 'Punjab'),
(2855, 'Jacobabad', 'PAK', 'Sind'),
(2856, 'Shikarpur', 'PAK', 'Sind'),
(2857, 'Khanewal', 'PAK', 'Punjab'),
(2858, 'Hafizabad', 'PAK', 'Punjab'),
(2859, 'Kohat', 'PAK', 'Nothwest Border Prov'),
(2860, 'Muzaffargarh', 'PAK', 'Punjab'),
(2861, 'Khanpur', 'PAK', 'Punjab'),
(2862, 'Gojra', 'PAK', 'Punjab'),
(2863, 'Bahawalnagar', 'PAK', 'Punjab'),
(2864, 'Muridke', 'PAK', 'Punjab'),
(2865, 'Pak Pattan', 'PAK', 'Punjab'),
(2866, 'Abottabad', 'PAK', 'Nothwest Border Prov'),
(2867, 'Tando Adam', 'PAK', 'Sind'),
(2868, 'Jaranwala', 'PAK', 'Punjab'),
(2869, 'Khairpur', 'PAK', 'Sind'),
(2870, 'Chishtian Mandi', 'PAK', 'Punjab'),
(2871, 'Daska', 'PAK', 'Punjab'),
(2872, 'Dadu', 'PAK', 'Sind'),
(2873, 'Mandi Bahauddin', 'PAK', 'Punjab'),
(2874, 'Ahmadpur East', 'PAK', 'Punjab'),
(2875, 'Kamalia', 'PAK', 'Punjab'),
(2876, 'Khuzdar', 'PAK', 'Baluchistan'),
(2877, 'Vihari', 'PAK', 'Punjab'),
(2878, 'Dera Ismail Khan', 'PAK', 'Nothwest Border Prov'),
(2879, 'Wazirabad', 'PAK', 'Punjab'),
(2880, 'Nowshera', 'PAK', 'Nothwest Border Prov'),
(2881, 'Koror', 'PLW', 'Koror'),
(2882, 'Ciudad de Panamá', 'PAN', 'Panamá'),
(2883, 'San Miguelito', 'PAN', 'San Miguelito'),
(2884, 'Port Moresby', 'PNG', 'National Capital Dis'),
(2885, 'Asunción', 'PRY', 'Asunción'),
(2886, 'Ciudad del Este', 'PRY', 'Alto Paraná'),
(2887, 'San Lorenzo', 'PRY', 'Central'),
(2888, 'Lambaré', 'PRY', 'Central'),
(2889, 'Fernando de la Mora', 'PRY', 'Central'),
(2890, 'Lima', 'PER', 'Lima'),
(2891, 'Arequipa', 'PER', 'Arequipa'),
(2892, 'Trujillo', 'PER', 'La Libertad'),
(2893, 'Chiclayo', 'PER', 'Lambayeque'),
(2894, 'Callao', 'PER', 'Callao'),
(2895, 'Iquitos', 'PER', 'Loreto'),
(2896, 'Chimbote', 'PER', 'Ancash'),
(2897, 'Huancayo', 'PER', 'Junín'),
(2898, 'Piura', 'PER', 'Piura'),
(2899, 'Cusco', 'PER', 'Cusco'),
(2900, 'Pucallpa', 'PER', 'Ucayali'),
(2901, 'Tacna', 'PER', 'Tacna'),
(2902, 'Ica', 'PER', 'Ica'),
(2903, 'Sullana', 'PER', 'Piura'),
(2904, 'Juliaca', 'PER', 'Puno'),
(2905, 'Huánuco', 'PER', 'Huanuco'),
(2906, 'Ayacucho', 'PER', 'Ayacucho'),
(2907, 'Chincha Alta', 'PER', 'Ica'),
(2908, 'Cajamarca', 'PER', 'Cajamarca'),
(2909, 'Puno', 'PER', 'Puno'),
(2910, 'Ventanilla', 'PER', 'Callao'),
(2911, 'Castilla', 'PER', 'Piura'),
(2912, 'Adamstown', 'PCN', '–'),
(2913, 'Garapan', 'MNP', 'Saipan'),
(2914, 'Lisboa', 'PRT', 'Lisboa'),
(2915, 'Porto', 'PRT', 'Porto'),
(2916, 'Amadora', 'PRT', 'Lisboa'),
(2917, 'Coímbra', 'PRT', 'Coímbra'),
(2918, 'Braga', 'PRT', 'Braga'),
(2919, 'San Juan', 'PRI', 'San Juan'),
(2920, 'Bayamón', 'PRI', 'Bayamón'),
(2921, 'Ponce', 'PRI', 'Ponce'),
(2922, 'Carolina', 'PRI', 'Carolina'),
(2923, 'Caguas', 'PRI', 'Caguas'),
(2924, 'Arecibo', 'PRI', 'Arecibo'),
(2925, 'Guaynabo', 'PRI', 'Guaynabo'),
(2926, 'Mayagüez', 'PRI', 'Mayagüez'),
(2927, 'Toa Baja', 'PRI', 'Toa Baja'),
(2928, 'Warszawa', 'POL', 'Mazowieckie'),
(2929, 'Lódz', 'POL', 'Lodzkie'),
(2930, 'Kraków', 'POL', 'Malopolskie'),
(2931, 'Wroclaw', 'POL', 'Dolnoslaskie'),
(2932, 'Poznan', 'POL', 'Wielkopolskie'),
(2933, 'Gdansk', 'POL', 'Pomorskie'),
(2934, 'Szczecin', 'POL', 'Zachodnio-Pomorskie'),
(2935, 'Bydgoszcz', 'POL', 'Kujawsko-Pomorskie'),
(2936, 'Lublin', 'POL', 'Lubelskie'),
(2937, 'Katowice', 'POL', 'Slaskie'),
(2938, 'Bialystok', 'POL', 'Podlaskie'),
(2939, 'Czestochowa', 'POL', 'Slaskie'),
(2940, 'Gdynia', 'POL', 'Pomorskie'),
(2941, 'Sosnowiec', 'POL', 'Slaskie'),
(2942, 'Radom', 'POL', 'Mazowieckie'),
(2943, 'Kielce', 'POL', 'Swietokrzyskie'),
(2944, 'Gliwice', 'POL', 'Slaskie'),
(2945, 'Torun', 'POL', 'Kujawsko-Pomorskie'),
(2946, 'Bytom', 'POL', 'Slaskie'),
(2947, 'Zabrze', 'POL', 'Slaskie'),
(2948, 'Bielsko-Biala', 'POL', 'Slaskie'),
(2949, 'Olsztyn', 'POL', 'Warminsko-Mazurskie'),
(2950, 'Rzeszów', 'POL', 'Podkarpackie'),
(2951, 'Ruda Slaska', 'POL', 'Slaskie'),
(2952, 'Rybnik', 'POL', 'Slaskie'),
(2953, 'Walbrzych', 'POL', 'Dolnoslaskie'),
(2954, 'Tychy', 'POL', 'Slaskie'),
(2955, 'Dabrowa Górnicza', 'POL', 'Slaskie'),
(2956, 'Plock', 'POL', 'Mazowieckie'),
(2957, 'Elblag', 'POL', 'Warminsko-Mazurskie'),
(2958, 'Opole', 'POL', 'Opolskie'),
(2959, 'Gorzów Wielkopolski', 'POL', 'Lubuskie'),
(2960, 'Wloclawek', 'POL', 'Kujawsko-Pomorskie'),
(2961, 'Chorzów', 'POL', 'Slaskie'),
(2962, 'Tarnów', 'POL', 'Malopolskie'),
(2963, 'Zielona Góra', 'POL', 'Lubuskie'),
(2964, 'Koszalin', 'POL', 'Zachodnio-Pomorskie'),
(2965, 'Legnica', 'POL', 'Dolnoslaskie'),
(2966, 'Kalisz', 'POL', 'Wielkopolskie'),
(2967, 'Grudziadz', 'POL', 'Kujawsko-Pomorskie'),
(2968, 'Slupsk', 'POL', 'Pomorskie'),
(2969, 'Jastrzebie-Zdrój', 'POL', 'Slaskie'),
(2970, 'Jaworzno', 'POL', 'Slaskie'),
(2971, 'Jelenia Góra', 'POL', 'Dolnoslaskie'),
(2972, 'Malabo', 'GNQ', 'Bioko'),
(2973, 'Doha', 'QAT', 'Doha'),
(2974, 'Paris', 'FRA', 'Île-de-France'),
(2975, 'Marseille', 'FRA', 'Provence-Alpes-Côte'),
(2976, 'Lyon', 'FRA', 'Rhône-Alpes'),
(2977, 'Toulouse', 'FRA', 'Midi-Pyrénées'),
(2978, 'Nice', 'FRA', 'Provence-Alpes-Côte'),
(2979, 'Nantes', 'FRA', 'Pays de la Loire'),
(2980, 'Strasbourg', 'FRA', 'Alsace'),
(2981, 'Montpellier', 'FRA', 'Languedoc-Roussillon'),
(2982, 'Bordeaux', 'FRA', 'Aquitaine'),
(2983, 'Rennes', 'FRA', 'Haute-Normandie'),
(2984, 'Le Havre', 'FRA', 'Champagne-Ardenne'),
(2985, 'Reims', 'FRA', 'Nord-Pas-de-Calais'),
(2986, 'Lille', 'FRA', 'Rhône-Alpes'),
(2987, 'St-Étienne', 'FRA', 'Bretagne'),
(2988, 'Toulon', 'FRA', 'Provence-Alpes-Côte'),
(2989, 'Grenoble', 'FRA', 'Rhône-Alpes'),
(2990, 'Angers', 'FRA', 'Pays de la Loire'),
(2991, 'Dijon', 'FRA', 'Bourgogne'),
(2992, 'Brest', 'FRA', 'Bretagne'),
(2993, 'Le Mans', 'FRA', 'Pays de la Loire'),
(2994, 'Clermont-Ferrand', 'FRA', 'Auvergne'),
(2995, 'Amiens', 'FRA', 'Picardie'),
(2996, 'Aix-en-Provence', 'FRA', 'Provence-Alpes-Côte'),
(2997, 'Limoges', 'FRA', 'Limousin'),
(2998, 'Nîmes', 'FRA', 'Languedoc-Roussillon'),
(2999, 'Tours', 'FRA', 'Centre'),
(3000, 'Villeurbanne', 'FRA', 'Rhône-Alpes'),
(3001, 'Metz', 'FRA', 'Lorraine'),
(3002, 'Besançon', 'FRA', 'Franche-Comté'),
(3003, 'Caen', 'FRA', 'Basse-Normandie'),
(3004, 'Orléans', 'FRA', 'Centre'),
(3005, 'Mulhouse', 'FRA', 'Alsace'),
(3006, 'Rouen', 'FRA', 'Haute-Normandie'),
(3007, 'Boulogne-Billancourt', 'FRA', 'Île-de-France'),
(3008, 'Perpignan', 'FRA', 'Languedoc-Roussillon'),
(3009, 'Nancy', 'FRA', 'Lorraine'),
(3010, 'Roubaix', 'FRA', 'Nord-Pas-de-Calais'),
(3011, 'Argenteuil', 'FRA', 'Île-de-France'),
(3012, 'Tourcoing', 'FRA', 'Nord-Pas-de-Calais'),
(3013, 'Montreuil', 'FRA', 'Île-de-France'),
(3014, 'Cayenne', 'GUF', 'Cayenne'),
(3015, 'Faaa', 'PYF', 'Tahiti'),
(3016, 'Papeete', 'PYF', 'Tahiti'),
(3017, 'Saint-Denis', 'REU', 'Saint-Denis'),
(3018, 'Bucuresti', 'ROM', 'Bukarest'),
(3019, 'Iasi', 'ROM', 'Iasi'),
(3020, 'Constanta', 'ROM', 'Constanta'),
(3021, 'Cluj-Napoca', 'ROM', 'Cluj'),
(3022, 'Galati', 'ROM', 'Galati'),
(3023, 'Timisoara', 'ROM', 'Timis'),
(3024, 'Brasov', 'ROM', 'Brasov'),
(3025, 'Craiova', 'ROM', 'Dolj'),
(3026, 'Ploiesti', 'ROM', 'Prahova'),
(3027, 'Braila', 'ROM', 'Braila'),
(3028, 'Oradea', 'ROM', 'Bihor'),
(3029, 'Bacau', 'ROM', 'Bacau'),
(3030, 'Pitesti', 'ROM', 'Arges'),
(3031, 'Arad', 'ROM', 'Arad'),
(3032, 'Sibiu', 'ROM', 'Sibiu'),
(3033, 'Târgu Mures', 'ROM', 'Mures'),
(3034, 'Baia Mare', 'ROM', 'Maramures'),
(3035, 'Buzau', 'ROM', 'Buzau'),
(3036, 'Satu Mare', 'ROM', 'Satu Mare'),
(3037, 'Botosani', 'ROM', 'Botosani'),
(3038, 'Piatra Neamt', 'ROM', 'Neamt'),
(3039, 'Râmnicu Vâlcea', 'ROM', 'Vâlcea'),
(3040, 'Suceava', 'ROM', 'Suceava'),
(3041, 'Drobeta-Turnu Severin', 'ROM', 'Mehedinti'),
(3042, 'Târgoviste', 'ROM', 'Dâmbovita'),
(3043, 'Focsani', 'ROM', 'Vrancea'),
(3044, 'Târgu Jiu', 'ROM', 'Gorj'),
(3045, 'Tulcea', 'ROM', 'Tulcea'),
(3046, 'Resita', 'ROM', 'Caras-Severin'),
(3047, 'Kigali', 'RWA', 'Kigali'),
(3048, 'Stockholm', 'SWE', 'Lisboa'),
(3049, 'Gothenburg [Göteborg]', 'SWE', 'West Götanmaan län'),
(3050, 'Malmö', 'SWE', 'Skåne län'),
(3051, 'Uppsala', 'SWE', 'Uppsala län'),
(3052, 'Linköping', 'SWE', 'East Götanmaan län'),
(3053, 'Västerås', 'SWE', 'Västmanlands län'),
(3054, 'Örebro', 'SWE', 'Örebros län'),
(3055, 'Norrköping', 'SWE', 'East Götanmaan län'),
(3056, 'Helsingborg', 'SWE', 'Skåne län'),
(3057, 'Jönköping', 'SWE', 'Jönköpings län'),
(3058, 'Umeå', 'SWE', 'Västerbottens län'),
(3059, 'Lund', 'SWE', 'Skåne län'),
(3060, 'Borås', 'SWE', 'West Götanmaan län'),
(3061, 'Sundsvall', 'SWE', 'Västernorrlands län'),
(3062, 'Gävle', 'SWE', 'Gävleborgs län'),
(3063, 'Jamestown', 'SHN', 'Saint Helena'),
(3064, 'Basseterre', 'KNA', 'St George Basseterre'),
(3065, 'Castries', 'LCA', 'Castries'),
(3066, 'Kingstown', 'VCT', 'St George'),
(3067, 'Saint-Pierre', 'SPM', 'Saint-Pierre'),
(3068, 'Berlin', 'DEU', 'Berliini'),
(3069, 'Hamburg', 'DEU', 'Hamburg'),
(3070, 'Munich [München]', 'DEU', 'Baijeri'),
(3071, 'Köln', 'DEU', 'Nordrhein-Westfalen'),
(3072, 'Frankfurt am Main', 'DEU', 'Hessen'),
(3073, 'Essen', 'DEU', 'Nordrhein-Westfalen'),
(3074, 'Dortmund', 'DEU', 'Nordrhein-Westfalen'),
(3075, 'Stuttgart', 'DEU', 'Baden-Württemberg'),
(3076, 'Düsseldorf', 'DEU', 'Nordrhein-Westfalen'),
(3077, 'Bremen', 'DEU', 'Bremen'),
(3078, 'Duisburg', 'DEU', 'Nordrhein-Westfalen'),
(3079, 'Hannover', 'DEU', 'Niedersachsen'),
(3080, 'Leipzig', 'DEU', 'Saksi'),
(3081, 'Nürnberg', 'DEU', 'Baijeri'),
(3082, 'Dresden', 'DEU', 'Saksi'),
(3083, 'Bochum', 'DEU', 'Nordrhein-Westfalen'),
(3084, 'Wuppertal', 'DEU', 'Nordrhein-Westfalen'),
(3085, 'Bielefeld', 'DEU', 'Nordrhein-Westfalen'),
(3086, 'Mannheim', 'DEU', 'Baden-Württemberg'),
(3087, 'Bonn', 'DEU', 'Nordrhein-Westfalen'),
(3088, 'Gelsenkirchen', 'DEU', 'Nordrhein-Westfalen'),
(3089, 'Karlsruhe', 'DEU', 'Baden-Württemberg'),
(3090, 'Wiesbaden', 'DEU', 'Hessen'),
(3091, 'Münster', 'DEU', 'Nordrhein-Westfalen'),
(3092, 'Mönchengladbach', 'DEU', 'Nordrhein-Westfalen'),
(3093, 'Chemnitz', 'DEU', 'Saksi'),
(3094, 'Augsburg', 'DEU', 'Baijeri'),
(3095, 'Halle/Saale', 'DEU', 'Anhalt Sachsen'),
(3096, 'Braunschweig', 'DEU', 'Niedersachsen'),
(3097, 'Aachen', 'DEU', 'Nordrhein-Westfalen'),
(3098, 'Krefeld', 'DEU', 'Nordrhein-Westfalen'),
(3099, 'Magdeburg', 'DEU', 'Anhalt Sachsen'),
(3100, 'Kiel', 'DEU', 'Schleswig-Holstein'),
(3101, 'Oberhausen', 'DEU', 'Nordrhein-Westfalen'),
(3102, 'Lübeck', 'DEU', 'Schleswig-Holstein'),
(3103, 'Hagen', 'DEU', 'Nordrhein-Westfalen'),
(3104, 'Rostock', 'DEU', 'Mecklenburg-Vorpomme'),
(3105, 'Freiburg im Breisgau', 'DEU', 'Baden-Württemberg'),
(3106, 'Erfurt', 'DEU', 'Thüringen'),
(3107, 'Kassel', 'DEU', 'Hessen'),
(3108, 'Saarbrücken', 'DEU', 'Saarland'),
(3109, 'Mainz', 'DEU', 'Rheinland-Pfalz'),
(3110, 'Hamm', 'DEU', 'Nordrhein-Westfalen'),
(3111, 'Herne', 'DEU', 'Nordrhein-Westfalen'),
(3112, 'Mülheim an der Ruhr', 'DEU', 'Nordrhein-Westfalen'),
(3113, 'Solingen', 'DEU', 'Nordrhein-Westfalen'),
(3114, 'Osnabrück', 'DEU', 'Niedersachsen'),
(3115, 'Ludwigshafen am Rhein', 'DEU', 'Rheinland-Pfalz'),
(3116, 'Leverkusen', 'DEU', 'Nordrhein-Westfalen'),
(3117, 'Oldenburg', 'DEU', 'Niedersachsen'),
(3118, 'Neuss', 'DEU', 'Nordrhein-Westfalen'),
(3119, 'Heidelberg', 'DEU', 'Baden-Württemberg'),
(3120, 'Darmstadt', 'DEU', 'Hessen'),
(3121, 'Paderborn', 'DEU', 'Nordrhein-Westfalen'),
(3122, 'Potsdam', 'DEU', 'Brandenburg'),
(3123, 'Würzburg', 'DEU', 'Baijeri'),
(3124, 'Regensburg', 'DEU', 'Baijeri'),
(3125, 'Recklinghausen', 'DEU', 'Nordrhein-Westfalen'),
(3126, 'Göttingen', 'DEU', 'Niedersachsen'),
(3127, 'Bremerhaven', 'DEU', 'Bremen'),
(3128, 'Wolfsburg', 'DEU', 'Niedersachsen'),
(3129, 'Bottrop', 'DEU', 'Nordrhein-Westfalen'),
(3130, 'Remscheid', 'DEU', 'Nordrhein-Westfalen'),
(3131, 'Heilbronn', 'DEU', 'Baden-Württemberg'),
(3132, 'Pforzheim', 'DEU', 'Baden-Württemberg'),
(3133, 'Offenbach am Main', 'DEU', 'Hessen'),
(3134, 'Ulm', 'DEU', 'Baden-Württemberg'),
(3135, 'Ingolstadt', 'DEU', 'Baijeri'),
(3136, 'Gera', 'DEU', 'Thüringen'),
(3137, 'Salzgitter', 'DEU', 'Niedersachsen'),
(3138, 'Cottbus', 'DEU', 'Brandenburg'),
(3139, 'Reutlingen', 'DEU', 'Baden-Württemberg'),
(3140, 'Fürth', 'DEU', 'Baijeri'),
(3141, 'Siegen', 'DEU', 'Nordrhein-Westfalen'),
(3142, 'Koblenz', 'DEU', 'Rheinland-Pfalz'),
(3143, 'Moers', 'DEU', 'Nordrhein-Westfalen'),
(3144, 'Bergisch Gladbach', 'DEU', 'Nordrhein-Westfalen'),
(3145, 'Zwickau', 'DEU', 'Saksi'),
(3146, 'Hildesheim', 'DEU', 'Niedersachsen'),
(3147, 'Witten', 'DEU', 'Nordrhein-Westfalen'),
(3148, 'Schwerin', 'DEU', 'Mecklenburg-Vorpomme'),
(3149, 'Erlangen', 'DEU', 'Baijeri'),
(3150, 'Kaiserslautern', 'DEU', 'Rheinland-Pfalz'),
(3151, 'Trier', 'DEU', 'Rheinland-Pfalz'),
(3152, 'Jena', 'DEU', 'Thüringen'),
(3153, 'Iserlohn', 'DEU', 'Nordrhein-Westfalen'),
(3154, 'Gütersloh', 'DEU', 'Nordrhein-Westfalen'),
(3155, 'Marl', 'DEU', 'Nordrhein-Westfalen'),
(3156, 'Lünen', 'DEU', 'Nordrhein-Westfalen'),
(3157, 'Düren', 'DEU', 'Nordrhein-Westfalen'),
(3158, 'Ratingen', 'DEU', 'Nordrhein-Westfalen'),
(3159, 'Velbert', 'DEU', 'Nordrhein-Westfalen'),
(3160, 'Esslingen am Neckar', 'DEU', 'Baden-Württemberg'),
(3161, 'Honiara', 'SLB', 'Honiara'),
(3162, 'Lusaka', 'ZMB', 'Lusaka'),
(3163, 'Ndola', 'ZMB', 'Copperbelt'),
(3164, 'Kitwe', 'ZMB', 'Copperbelt'),
(3165, 'Kabwe', 'ZMB', 'Central'),
(3166, 'Chingola', 'ZMB', 'Copperbelt'),
(3167, 'Mufulira', 'ZMB', 'Copperbelt'),
(3168, 'Luanshya', 'ZMB', 'Copperbelt'),
(3169, 'Apia', 'WSM', 'Upolu'),
(3170, 'Serravalle', 'SMR', 'Serravalle/Dogano'),
(3171, 'San Marino', 'SMR', 'San Marino'),
(3172, 'São Tomé', 'STP', 'Aqua Grande'),
(3173, 'Riyadh', 'SAU', 'Riyadh'),
(3174, 'Jedda', 'SAU', 'Mekka'),
(3175, 'Mekka', 'SAU', 'Mekka'),
(3176, 'Medina', 'SAU', 'Medina'),
(3177, 'al-Dammam', 'SAU', 'al-Sharqiya'),
(3178, 'al-Taif', 'SAU', 'Mekka'),
(3179, 'Tabuk', 'SAU', 'Tabuk'),
(3180, 'Burayda', 'SAU', 'al-Qasim'),
(3181, 'al-Hufuf', 'SAU', 'al-Sharqiya'),
(3182, 'al-Mubarraz', 'SAU', 'al-Sharqiya'),
(3183, 'Khamis Mushayt', 'SAU', 'Asir'),
(3184, 'Hail', 'SAU', 'Hail'),
(3185, 'al-Kharj', 'SAU', 'Riad'),
(3186, 'al-Khubar', 'SAU', 'al-Sharqiya'),
(3187, 'Jubayl', 'SAU', 'al-Sharqiya'),
(3188, 'Hafar al-Batin', 'SAU', 'al-Sharqiya'),
(3189, 'al-Tuqba', 'SAU', 'al-Sharqiya'),
(3190, 'Yanbu', 'SAU', 'Medina'),
(3191, 'Abha', 'SAU', 'Asir'),
(3192, 'Ara´ar', 'SAU', 'al-Khudud al-Samaliy'),
(3193, 'al-Qatif', 'SAU', 'al-Sharqiya'),
(3194, 'al-Hawiya', 'SAU', 'Mekka'),
(3195, 'Unayza', 'SAU', 'Qasim'),
(3196, 'Najran', 'SAU', 'Najran'),
(3197, 'Pikine', 'SEN', 'Cap-Vert'),
(3198, 'Dakar', 'SEN', 'Cap-Vert'),
(3199, 'Thiès', 'SEN', 'Thiès'),
(3200, 'Kaolack', 'SEN', 'Kaolack'),
(3201, 'Ziguinchor', 'SEN', 'Ziguinchor'),
(3202, 'Rufisque', 'SEN', 'Cap-Vert'),
(3203, 'Saint-Louis', 'SEN', 'Saint-Louis'),
(3204, 'Mbour', 'SEN', 'Thiès'),
(3205, 'Diourbel', 'SEN', 'Diourbel'),
(3206, 'Victoria', 'SYC', 'Mahé'),
(3207, 'Freetown', 'SLE', 'Western'),
(3208, 'Singapore', 'SGP', '–'),
(3209, 'Bratislava', 'SVK', 'Bratislava'),
(3210, 'Košice', 'SVK', 'Východné Slovensko'),
(3211, 'Prešov', 'SVK', 'Východné Slovensko'),
(3212, 'Ljubljana', 'SVN', 'Osrednjeslovenska'),
(3213, 'Maribor', 'SVN', 'Podravska'),
(3214, 'Mogadishu', 'SOM', 'Banaadir'),
(3215, 'Hargeysa', 'SOM', 'Woqooyi Galbeed'),
(3216, 'Kismaayo', 'SOM', 'Jubbada Hoose'),
(3217, 'Colombo', 'LKA', 'Western'),
(3218, 'Dehiwala', 'LKA', 'Western'),
(3219, 'Moratuwa', 'LKA', 'Western'),
(3220, 'Jaffna', 'LKA', 'Northern'),
(3221, 'Kandy', 'LKA', 'Central'),
(3222, 'Sri Jayawardenepura Kotte', 'LKA', 'Western'),
(3223, 'Negombo', 'LKA', 'Western'),
(3224, 'Omdurman', 'SDN', 'Khartum'),
(3225, 'Khartum', 'SDN', 'Khartum'),
(3226, 'Sharq al-Nil', 'SDN', 'Khartum'),
(3227, 'Port Sudan', 'SDN', 'al-Bahr al-Ahmar'),
(3228, 'Kassala', 'SDN', 'Kassala'),
(3229, 'Obeid', 'SDN', 'Kurdufan al-Shamaliy'),
(3230, 'Nyala', 'SDN', 'Darfur al-Janubiya'),
(3231, 'Wad Madani', 'SDN', 'al-Jazira'),
(3232, 'al-Qadarif', 'SDN', 'al-Qadarif'),
(3233, 'Kusti', 'SDN', 'al-Bahr al-Abyad'),
(3234, 'al-Fashir', 'SDN', 'Darfur al-Shamaliya'),
(3235, 'Juba', 'SDN', 'Bahr al-Jabal'),
(3236, 'Helsinki [Helsingfors]', 'FIN', 'Newmaa'),
(3237, 'Espoo', 'FIN', 'Newmaa'),
(3238, 'Tampere', 'FIN', 'Pirkanmaa'),
(3239, 'Vantaa', 'FIN', 'Newmaa'),
(3240, 'Turku [Åbo]', 'FIN', 'Varsinais-Suomi'),
(3241, 'Oulu', 'FIN', 'Pohjois-Pohjanmaa'),
(3242, 'Lahti', 'FIN', 'Päijät-Häme'),
(3243, 'Paramaribo', 'SUR', 'Paramaribo'),
(3244, 'Mbabane', 'SWZ', 'Hhohho'),
(3245, 'Zürich', 'CHE', 'Zürich'),
(3246, 'Geneve', 'CHE', 'Geneve'),
(3247, 'Basel', 'CHE', 'Basel-Stadt'),
(3248, 'Bern', 'CHE', 'Bern'),
(3249, 'Lausanne', 'CHE', 'Vaud'),
(3250, 'Damascus', 'SYR', 'Damascus'),
(3251, 'Aleppo', 'SYR', 'Aleppo'),
(3252, 'Hims', 'SYR', 'Hims'),
(3253, 'Hama', 'SYR', 'Hama'),
(3254, 'Latakia', 'SYR', 'Latakia'),
(3255, 'al-Qamishliya', 'SYR', 'al-Hasaka'),
(3256, 'Dayr al-Zawr', 'SYR', 'Dayr al-Zawr'),
(3257, 'Jaramana', 'SYR', 'Damaskos'),
(3258, 'Duma', 'SYR', 'Damaskos'),
(3259, 'al-Raqqa', 'SYR', 'al-Raqqa'),
(3260, 'Idlib', 'SYR', 'Idlib'),
(3261, 'Dushanbe', 'TJK', 'Karotegin'),
(3262, 'Khujand', 'TJK', 'Khujand'),
(3263, 'Taipei', 'TWN', 'Taipei'),
(3264, 'Kaohsiung', 'TWN', 'Kaohsiung'),
(3265, 'Taichung', 'TWN', 'Taichung'),
(3266, 'Tainan', 'TWN', 'Tainan'),
(3267, 'Panchiao', 'TWN', 'Taipei'),
(3268, 'Chungho', 'TWN', 'Taipei'),
(3269, 'Keelung (Chilung)', 'TWN', 'Keelung'),
(3270, 'Sanchung', 'TWN', 'Taipei'),
(3271, 'Hsinchuang', 'TWN', 'Taipei'),
(3272, 'Hsinchu', 'TWN', 'Hsinchu'),
(3273, 'Chungli', 'TWN', 'Taoyuan'),
(3274, 'Fengshan', 'TWN', 'Kaohsiung'),
(3275, 'Taoyuan', 'TWN', 'Taoyuan'),
(3276, 'Chiayi', 'TWN', 'Chiayi'),
(3277, 'Hsintien', 'TWN', 'Taipei'),
(3278, 'Changhwa', 'TWN', 'Changhwa'),
(3279, 'Yungho', 'TWN', 'Taipei'),
(3280, 'Tucheng', 'TWN', 'Taipei'),
(3281, 'Pingtung', 'TWN', 'Pingtung'),
(3282, 'Yungkang', 'TWN', 'Tainan'),
(3283, 'Pingchen', 'TWN', 'Taoyuan'),
(3284, 'Tali', 'TWN', 'Taichung'),
(3285, 'Taiping', 'TWN', ''),
(3286, 'Pate', 'TWN', 'Taoyuan'),
(3287, 'Fengyuan', 'TWN', 'Taichung'),
(3288, 'Luchou', 'TWN', 'Taipei'),
(3289, 'Hsichuh', 'TWN', 'Taipei'),
(3290, 'Shulin', 'TWN', 'Taipei'),
(3291, 'Yuanlin', 'TWN', 'Changhwa'),
(3292, 'Yangmei', 'TWN', 'Taoyuan'),
(3293, 'Taliao', 'TWN', ''),
(3294, 'Kueishan', 'TWN', ''),
(3295, 'Tanshui', 'TWN', 'Taipei'),
(3296, 'Taitung', 'TWN', 'Taitung'),
(3297, 'Hualien', 'TWN', 'Hualien'),
(3298, 'Nantou', 'TWN', 'Nantou'),
(3299, 'Lungtan', 'TWN', 'Taipei'),
(3300, 'Touliu', 'TWN', 'Yünlin'),
(3301, 'Tsaotun', 'TWN', 'Nantou'),
(3302, 'Kangshan', 'TWN', 'Kaohsiung'),
(3303, 'Ilan', 'TWN', 'Ilan'),
(3304, 'Miaoli', 'TWN', 'Miaoli'),
(3305, 'Dar es Salaam', 'TZA', 'Dar es Salaam'),
(3306, 'Dodoma', 'TZA', 'Dodoma'),
(3307, 'Mwanza', 'TZA', 'Mwanza'),
(3308, 'Zanzibar', 'TZA', 'Zanzibar West'),
(3309, 'Tanga', 'TZA', 'Tanga'),
(3310, 'Mbeya', 'TZA', 'Mbeya'),
(3311, 'Morogoro', 'TZA', 'Morogoro'),
(3312, 'Arusha', 'TZA', 'Arusha'),
(3313, 'Moshi', 'TZA', 'Kilimanjaro'),
(3314, 'Tabora', 'TZA', 'Tabora'),
(3315, 'København', 'DNK', 'København'),
(3316, 'Århus', 'DNK', 'Århus'),
(3317, 'Odense', 'DNK', 'Fyn'),
(3318, 'Aalborg', 'DNK', 'Nordjylland'),
(3319, 'Frederiksberg', 'DNK', 'Frederiksberg'),
(3320, 'Bangkok', 'THA', 'Bangkok'),
(3321, 'Nonthaburi', 'THA', 'Nonthaburi'),
(3322, 'Nakhon Ratchasima', 'THA', 'Nakhon Ratchasima'),
(3323, 'Chiang Mai', 'THA', 'Chiang Mai'),
(3324, 'Udon Thani', 'THA', 'Udon Thani'),
(3325, 'Hat Yai', 'THA', 'Songkhla'),
(3326, 'Khon Kaen', 'THA', 'Khon Kaen'),
(3327, 'Pak Kret', 'THA', 'Nonthaburi'),
(3328, 'Nakhon Sawan', 'THA', 'Nakhon Sawan'),
(3329, 'Ubon Ratchathani', 'THA', 'Ubon Ratchathani'),
(3330, 'Songkhla', 'THA', 'Songkhla'),
(3331, 'Nakhon Pathom', 'THA', 'Nakhon Pathom'),
(3332, 'Lomé', 'TGO', 'Maritime'),
(3333, 'Fakaofo', 'TKL', 'Fakaofo'),
(3334, 'Nuku´alofa', 'TON', 'Tongatapu'),
(3335, 'Chaguanas', 'TTO', 'Caroni'),
(3336, 'Port-of-Spain', 'TTO', 'Port-of-Spain'),
(3337, 'N´Djaména', 'TCD', 'Chari-Baguirmi'),
(3338, 'Moundou', 'TCD', 'Logone Occidental'),
(3339, 'Praha', 'CZE', 'Hlavní mesto Praha'),
(3340, 'Brno', 'CZE', 'Jizní Morava'),
(3341, 'Ostrava', 'CZE', 'Severní Morava'),
(3342, 'Plzen', 'CZE', 'Zapadní Cechy'),
(3343, 'Olomouc', 'CZE', 'Severní Morava'),
(3344, 'Liberec', 'CZE', 'Severní Cechy'),
(3345, 'Ceské Budejovice', 'CZE', 'Jizní Cechy'),
(3346, 'Hradec Králové', 'CZE', 'Východní Cechy'),
(3347, 'Ústí nad Labem', 'CZE', 'Severní Cechy'),
(3348, 'Pardubice', 'CZE', 'Východní Cechy'),
(3349, 'Tunis', 'TUN', 'Tunis'),
(3350, 'Sfax', 'TUN', 'Sfax'),
(3351, 'Ariana', 'TUN', 'Ariana'),
(3352, 'Ettadhamen', 'TUN', 'Ariana'),
(3353, 'Sousse', 'TUN', 'Sousse'),
(3354, 'Kairouan', 'TUN', 'Kairouan'),
(3355, 'Biserta', 'TUN', 'Biserta'),
(3356, 'Gabès', 'TUN', 'Gabès'),
(3357, 'Istanbul', 'TUR', 'Istanbul'),
(3358, 'Ankara', 'TUR', 'Ankara'),
(3359, 'Izmir', 'TUR', 'Izmir'),
(3360, 'Adana', 'TUR', 'Adana'),
(3361, 'Bursa', 'TUR', 'Bursa'),
(3362, 'Gaziantep', 'TUR', 'Gaziantep'),
(3363, 'Konya', 'TUR', 'Konya'),
(3364, 'Mersin (Içel)', 'TUR', 'Içel'),
(3365, 'Antalya', 'TUR', 'Antalya'),
(3366, 'Diyarbakir', 'TUR', 'Diyarbakir'),
(3367, 'Kayseri', 'TUR', 'Kayseri'),
(3368, 'Eskisehir', 'TUR', 'Eskisehir'),
(3369, 'Sanliurfa', 'TUR', 'Sanliurfa'),
(3370, 'Samsun', 'TUR', 'Samsun'),
(3371, 'Malatya', 'TUR', 'Malatya'),
(3372, 'Gebze', 'TUR', 'Kocaeli'),
(3373, 'Denizli', 'TUR', 'Denizli'),
(3374, 'Sivas', 'TUR', 'Sivas'),
(3375, 'Erzurum', 'TUR', 'Erzurum'),
(3376, 'Tarsus', 'TUR', 'Adana'),
(3377, 'Kahramanmaras', 'TUR', 'Kahramanmaras'),
(3378, 'Elâzig', 'TUR', 'Elâzig'),
(3379, 'Van', 'TUR', 'Van'),
(3380, 'Sultanbeyli', 'TUR', 'Istanbul'),
(3381, 'Izmit (Kocaeli)', 'TUR', 'Kocaeli'),
(3382, 'Manisa', 'TUR', 'Manisa'),
(3383, 'Batman', 'TUR', 'Batman'),
(3384, 'Balikesir', 'TUR', 'Balikesir'),
(3385, 'Sakarya (Adapazari)', 'TUR', 'Sakarya'),
(3386, 'Iskenderun', 'TUR', 'Hatay'),
(3387, 'Osmaniye', 'TUR', 'Osmaniye'),
(3388, 'Çorum', 'TUR', 'Çorum'),
(3389, 'Kütahya', 'TUR', 'Kütahya'),
(3390, 'Hatay (Antakya)', 'TUR', 'Hatay'),
(3391, 'Kirikkale', 'TUR', 'Kirikkale'),
(3392, 'Adiyaman', 'TUR', 'Adiyaman'),
(3393, 'Trabzon', 'TUR', 'Trabzon'),
(3394, 'Ordu', 'TUR', 'Ordu'),
(3395, 'Aydin', 'TUR', 'Aydin'),
(3396, 'Usak', 'TUR', 'Usak'),
(3397, 'Edirne', 'TUR', 'Edirne'),
(3398, 'Çorlu', 'TUR', 'Tekirdag'),
(3399, 'Isparta', 'TUR', 'Isparta'),
(3400, 'Karabük', 'TUR', 'Karabük'),
(3401, 'Kilis', 'TUR', 'Kilis'),
(3402, 'Alanya', 'TUR', 'Antalya'),
(3403, 'Kiziltepe', 'TUR', 'Mardin'),
(3404, 'Zonguldak', 'TUR', 'Zonguldak'),
(3405, 'Siirt', 'TUR', 'Siirt'),
(3406, 'Viransehir', 'TUR', 'Sanliurfa'),
(3407, 'Tekirdag', 'TUR', 'Tekirdag'),
(3408, 'Karaman', 'TUR', 'Karaman'),
(3409, 'Afyon', 'TUR', 'Afyon'),
(3410, 'Aksaray', 'TUR', 'Aksaray'),
(3411, 'Ceyhan', 'TUR', 'Adana'),
(3412, 'Erzincan', 'TUR', 'Erzincan'),
(3413, 'Bismil', 'TUR', 'Diyarbakir'),
(3414, 'Nazilli', 'TUR', 'Aydin'),
(3415, 'Tokat', 'TUR', 'Tokat'),
(3416, 'Kars', 'TUR', 'Kars'),
(3417, 'Inegöl', 'TUR', 'Bursa'),
(3418, 'Bandirma', 'TUR', 'Balikesir'),
(3419, 'Ashgabat', 'TKM', 'Ahal'),
(3420, 'Chärjew', 'TKM', 'Lebap'),
(3421, 'Dashhowuz', 'TKM', 'Dashhowuz'),
(3422, 'Mary', 'TKM', 'Mary'),
(3423, 'Cockburn Town', 'TCA', 'Grand Turk'),
(3424, 'Funafuti', 'TUV', 'Funafuti'),
(3425, 'Kampala', 'UGA', 'Central'),
(3426, 'Kyiv', 'UKR', 'Kiova'),
(3427, 'Harkova [Harkiv]', 'UKR', 'Harkova'),
(3428, 'Dnipropetrovsk', 'UKR', 'Dnipropetrovsk'),
(3429, 'Donetsk', 'UKR', 'Donetsk'),
(3430, 'Odesa', 'UKR', 'Odesa'),
(3431, 'Zaporizzja', 'UKR', 'Zaporizzja'),
(3432, 'Lviv', 'UKR', 'Lviv'),
(3433, 'Kryvyi Rig', 'UKR', 'Dnipropetrovsk'),
(3434, 'Mykolajiv', 'UKR', 'Mykolajiv'),
(3435, 'Mariupol', 'UKR', 'Donetsk'),
(3436, 'Lugansk', 'UKR', 'Lugansk'),
(3437, 'Vinnytsja', 'UKR', 'Vinnytsja'),
(3438, 'Makijivka', 'UKR', 'Donetsk'),
(3439, 'Herson', 'UKR', 'Herson'),
(3440, 'Sevastopol', 'UKR', 'Krim'),
(3441, 'Simferopol', 'UKR', 'Krim'),
(3442, 'Pultava [Poltava]', 'UKR', 'Pultava'),
(3443, 'Tšernigiv', 'UKR', 'Tšernigiv'),
(3444, 'Tšerkasy', 'UKR', 'Tšerkasy'),
(3445, 'Gorlivka', 'UKR', 'Donetsk'),
(3446, 'Zytomyr', 'UKR', 'Zytomyr'),
(3447, 'Sumy', 'UKR', 'Sumy'),
(3448, 'Dniprodzerzynsk', 'UKR', 'Dnipropetrovsk'),
(3449, 'Kirovograd', 'UKR', 'Kirovograd'),
(3450, 'Hmelnytskyi', 'UKR', 'Hmelnytskyi'),
(3451, 'Tšernivtsi', 'UKR', 'Tšernivtsi'),
(3452, 'Rivne', 'UKR', 'Rivne'),
(3453, 'Krementšuk', 'UKR', 'Pultava'),
(3454, 'Ivano-Frankivsk', 'UKR', 'Ivano-Frankivsk'),
(3455, 'Ternopil', 'UKR', 'Ternopil'),
(3456, 'Lutsk', 'UKR', 'Volynia'),
(3457, 'Bila Tserkva', 'UKR', 'Kiova'),
(3458, 'Kramatorsk', 'UKR', 'Donetsk'),
(3459, 'Melitopol', 'UKR', 'Zaporizzja'),
(3460, 'Kertš', 'UKR', 'Krim'),
(3461, 'Nikopol', 'UKR', 'Dnipropetrovsk'),
(3462, 'Berdjansk', 'UKR', 'Zaporizzja'),
(3463, 'Pavlograd', 'UKR', 'Dnipropetrovsk'),
(3464, 'Sjeverodonetsk', 'UKR', 'Lugansk'),
(3465, 'Slovjansk', 'UKR', 'Donetsk'),
(3466, 'Uzgorod', 'UKR', 'Taka-Karpatia'),
(3467, 'Altševsk', 'UKR', 'Lugansk'),
(3468, 'Lysytšansk', 'UKR', 'Lugansk'),
(3469, 'Jevpatorija', 'UKR', 'Krim'),
(3470, 'Kamjanets-Podilskyi', 'UKR', 'Hmelnytskyi'),
(3471, 'Jenakijeve', 'UKR', 'Donetsk'),
(3472, 'Krasnyi Lutš', 'UKR', 'Lugansk'),
(3473, 'Stahanov', 'UKR', 'Lugansk'),
(3474, 'Oleksandrija', 'UKR', 'Kirovograd'),
(3475, 'Konotop', 'UKR', 'Sumy'),
(3476, 'Kostjantynivka', 'UKR', 'Donetsk'),
(3477, 'Berdytšiv', 'UKR', 'Zytomyr'),
(3478, 'Izmajil', 'UKR', 'Odesa'),
(3479, 'Šostka', 'UKR', 'Sumy'),
(3480, 'Uman', 'UKR', 'Tšerkasy'),
(3481, 'Brovary', 'UKR', 'Kiova'),
(3482, 'Mukatševe', 'UKR', 'Taka-Karpatia'),
(3483, 'Budapest', 'HUN', 'Budapest'),
(3484, 'Debrecen', 'HUN', 'Hajdú-Bihar'),
(3485, 'Miskolc', 'HUN', 'Borsod-Abaúj-Zemplén'),
(3486, 'Szeged', 'HUN', 'Csongrád'),
(3487, 'Pécs', 'HUN', 'Baranya'),
(3488, 'Györ', 'HUN', 'Györ-Moson-Sopron'),
(3489, 'Nyiregyháza', 'HUN', 'Szabolcs-Szatmár-Ber'),
(3490, 'Kecskemét', 'HUN', 'Bács-Kiskun'),
(3491, 'Székesfehérvár', 'HUN', 'Fejér'),
(3492, 'Montevideo', 'URY', 'Montevideo'),
(3493, 'Nouméa', 'NCL', '–'),
(3494, 'Auckland', 'NZL', 'Auckland'),
(3495, 'Christchurch', 'NZL', 'Canterbury'),
(3496, 'Manukau', 'NZL', 'Auckland'),
(3497, 'North Shore', 'NZL', 'Auckland'),
(3498, 'Waitakere', 'NZL', 'Auckland'),
(3499, 'Wellington', 'NZL', 'Wellington'),
(3500, 'Dunedin', 'NZL', 'Dunedin'),
(3501, 'Hamilton', 'NZL', 'Hamilton'),
(3502, 'Lower Hutt', 'NZL', 'Wellington'),
(3503, 'Toskent', 'UZB', 'Toskent Shahri'),
(3504, 'Namangan', 'UZB', 'Namangan'),
(3505, 'Samarkand', 'UZB', 'Samarkand'),
(3506, 'Andijon', 'UZB', 'Andijon'),
(3507, 'Buhoro', 'UZB', 'Buhoro'),
(3508, 'Karsi', 'UZB', 'Qashqadaryo'),
(3509, 'Nukus', 'UZB', 'Karakalpakistan'),
(3510, 'Kükon', 'UZB', 'Fargona'),
(3511, 'Fargona', 'UZB', 'Fargona'),
(3512, 'Circik', 'UZB', 'Toskent'),
(3513, 'Margilon', 'UZB', 'Fargona'),
(3514, 'Ürgenc', 'UZB', 'Khorazm'),
(3515, 'Angren', 'UZB', 'Toskent'),
(3516, 'Cizah', 'UZB', 'Cizah'),
(3517, 'Navoi', 'UZB', 'Navoi'),
(3518, 'Olmalik', 'UZB', 'Toskent'),
(3519, 'Termiz', 'UZB', 'Surkhondaryo'),
(3520, 'Minsk', 'BLR', 'Horad Minsk'),
(3521, 'Gomel', 'BLR', 'Gomel'),
(3522, 'Mogiljov', 'BLR', 'Mogiljov'),
(3523, 'Vitebsk', 'BLR', 'Vitebsk'),
(3524, 'Grodno', 'BLR', 'Grodno'),
(3525, 'Brest', 'BLR', 'Brest'),
(3526, 'Bobruisk', 'BLR', 'Mogiljov'),
(3527, 'Baranovitši', 'BLR', 'Brest'),
(3528, 'Borisov', 'BLR', 'Minsk'),
(3529, 'Pinsk', 'BLR', 'Brest'),
(3530, 'Orša', 'BLR', 'Vitebsk'),
(3531, 'Mozyr', 'BLR', 'Gomel'),
(3532, 'Novopolotsk', 'BLR', 'Vitebsk'),
(3533, 'Lida', 'BLR', 'Grodno'),
(3534, 'Soligorsk', 'BLR', 'Minsk'),
(3535, 'Molodetšno', 'BLR', 'Minsk'),
(3536, 'Mata-Utu', 'WLF', 'Wallis'),
(3537, 'Port-Vila', 'VUT', 'Shefa'),
(3538, 'Città del Vaticano', 'VAT', '–'),
(3539, 'Caracas', 'VEN', 'Distrito Federal'),
(3540, 'Maracaíbo', 'VEN', 'Zulia'),
(3541, 'Barquisimeto', 'VEN', 'Lara'),
(3542, 'Valencia', 'VEN', 'Carabobo'),
(3543, 'Ciudad Guayana', 'VEN', 'Bolívar'),
(3544, 'Petare', 'VEN', 'Miranda'),
(3545, 'Maracay', 'VEN', 'Aragua'),
(3546, 'Barcelona', 'VEN', 'Anzoátegui'),
(3547, 'Maturín', 'VEN', 'Monagas'),
(3548, 'San Cristóbal', 'VEN', 'Táchira'),
(3549, 'Ciudad Bolívar', 'VEN', 'Bolívar'),
(3550, 'Cumaná', 'VEN', 'Sucre'),
(3551, 'Mérida', 'VEN', 'Mérida'),
(3552, 'Cabimas', 'VEN', 'Zulia'),
(3553, 'Barinas', 'VEN', 'Barinas'),
(3554, 'Turmero', 'VEN', 'Aragua'),
(3555, 'Baruta', 'VEN', 'Miranda'),
(3556, 'Puerto Cabello', 'VEN', 'Carabobo'),
(3557, 'Santa Ana de Coro', 'VEN', 'Falcón'),
(3558, 'Los Teques', 'VEN', 'Miranda'),
(3559, 'Punto Fijo', 'VEN', 'Falcón'),
(3560, 'Guarenas', 'VEN', 'Miranda'),
(3561, 'Acarigua', 'VEN', 'Portuguesa'),
(3562, 'Puerto La Cruz', 'VEN', 'Anzoátegui'),
(3563, 'Ciudad Losada', 'VEN', ''),
(3564, 'Guacara', 'VEN', 'Carabobo'),
(3565, 'Valera', 'VEN', 'Trujillo'),
(3566, 'Guanare', 'VEN', 'Portuguesa'),
(3567, 'Carúpano', 'VEN', 'Sucre'),
(3568, 'Catia La Mar', 'VEN', 'Distrito Federal'),
(3569, 'El Tigre', 'VEN', 'Anzoátegui'),
(3570, 'Guatire', 'VEN', 'Miranda'),
(3571, 'Calabozo', 'VEN', 'Guárico'),
(3572, 'Pozuelos', 'VEN', 'Anzoátegui'),
(3573, 'Ciudad Ojeda', 'VEN', 'Zulia'),
(3574, 'Ocumare del Tuy', 'VEN', 'Miranda'),
(3575, 'Valle de la Pascua', 'VEN', 'Guárico'),
(3576, 'Araure', 'VEN', 'Portuguesa'),
(3577, 'San Fernando de Apure', 'VEN', 'Apure'),
(3578, 'San Felipe', 'VEN', 'Yaracuy'),
(3579, 'El Limón', 'VEN', 'Aragua'),
(3580, 'Moscow', 'RUS', 'Moscow (City)'),
(3581, 'St Petersburg', 'RUS', 'Pietari'),
(3582, 'Novosibirsk', 'RUS', 'Novosibirsk'),
(3583, 'Nizni Novgorod', 'RUS', 'Nizni Novgorod'),
(3584, 'Jekaterinburg', 'RUS', 'Sverdlovsk'),
(3585, 'Samara', 'RUS', 'Samara'),
(3586, 'Omsk', 'RUS', 'Omsk'),
(3587, 'Kazan', 'RUS', 'Tatarstan'),
(3588, 'Ufa', 'RUS', 'Baškortostan'),
(3589, 'Tšeljabinsk', 'RUS', 'Tšeljabinsk'),
(3590, 'Rostov-na-Donu', 'RUS', 'Rostov-na-Donu'),
(3591, 'Perm', 'RUS', 'Perm'),
(3592, 'Volgograd', 'RUS', 'Volgograd'),
(3593, 'Voronez', 'RUS', 'Voronez'),
(3594, 'Krasnojarsk', 'RUS', 'Krasnojarsk'),
(3595, 'Saratov', 'RUS', 'Saratov'),
(3596, 'Toljatti', 'RUS', 'Samara'),
(3597, 'Uljanovsk', 'RUS', 'Uljanovsk'),
(3598, 'Izevsk', 'RUS', 'Udmurtia'),
(3599, 'Krasnodar', 'RUS', 'Krasnodar'),
(3600, 'Jaroslavl', 'RUS', 'Jaroslavl'),
(3601, 'Habarovsk', 'RUS', 'Habarovsk'),
(3602, 'Vladivostok', 'RUS', 'Primorje'),
(3603, 'Irkutsk', 'RUS', 'Irkutsk'),
(3604, 'Barnaul', 'RUS', 'Altai'),
(3605, 'Novokuznetsk', 'RUS', 'Kemerovo'),
(3606, 'Penza', 'RUS', 'Penza'),
(3607, 'Rjazan', 'RUS', 'Rjazan'),
(3608, 'Orenburg', 'RUS', 'Orenburg'),
(3609, 'Lipetsk', 'RUS', 'Lipetsk'),
(3610, 'Nabereznyje Tšelny', 'RUS', 'Tatarstan'),
(3611, 'Tula', 'RUS', 'Tula'),
(3612, 'Tjumen', 'RUS', 'Tjumen'),
(3613, 'Kemerovo', 'RUS', 'Kemerovo'),
(3614, 'Astrahan', 'RUS', 'Astrahan'),
(3615, 'Tomsk', 'RUS', 'Tomsk'),
(3616, 'Kirov', 'RUS', 'Kirov'),
(3617, 'Ivanovo', 'RUS', 'Ivanovo'),
(3618, 'Tšeboksary', 'RUS', 'Tšuvassia'),
(3619, 'Brjansk', 'RUS', 'Brjansk'),
(3620, 'Tver', 'RUS', 'Tver'),
(3621, 'Kursk', 'RUS', 'Kursk'),
(3622, 'Magnitogorsk', 'RUS', 'Tšeljabinsk'),
(3623, 'Kaliningrad', 'RUS', 'Kaliningrad'),
(3624, 'Nizni Tagil', 'RUS', 'Sverdlovsk'),
(3625, 'Murmansk', 'RUS', 'Murmansk'),
(3626, 'Ulan-Ude', 'RUS', 'Burjatia'),
(3627, 'Kurgan', 'RUS', 'Kurgan'),
(3628, 'Arkangeli', 'RUS', 'Arkangeli'),
(3629, 'Sotši', 'RUS', 'Krasnodar'),
(3630, 'Smolensk', 'RUS', 'Smolensk'),
(3631, 'Orjol', 'RUS', 'Orjol'),
(3632, 'Stavropol', 'RUS', 'Stavropol'),
(3633, 'Belgorod', 'RUS', 'Belgorod'),
(3634, 'Kaluga', 'RUS', 'Kaluga'),
(3635, 'Vladimir', 'RUS', 'Vladimir'),
(3636, 'Mahatškala', 'RUS', 'Dagestan'),
(3637, 'Tšerepovets', 'RUS', 'Vologda'),
(3638, 'Saransk', 'RUS', 'Mordva'),
(3639, 'Tambov', 'RUS', 'Tambov'),
(3640, 'Vladikavkaz', 'RUS', 'North Ossetia-Alania'),
(3641, 'Tšita', 'RUS', 'Tšita'),
(3642, 'Vologda', 'RUS', 'Vologda'),
(3643, 'Veliki Novgorod', 'RUS', 'Novgorod'),
(3644, 'Komsomolsk-na-Amure', 'RUS', 'Habarovsk'),
(3645, 'Kostroma', 'RUS', 'Kostroma'),
(3646, 'Volzski', 'RUS', 'Volgograd'),
(3647, 'Taganrog', 'RUS', 'Rostov-na-Donu'),
(3648, 'Petroskoi', 'RUS', 'Karjala'),
(3649, 'Bratsk', 'RUS', 'Irkutsk'),
(3650, 'Dzerzinsk', 'RUS', 'Nizni Novgorod'),
(3651, 'Surgut', 'RUS', 'Hanti-Mansia'),
(3652, 'Orsk', 'RUS', 'Orenburg'),
(3653, 'Sterlitamak', 'RUS', 'Baškortostan'),
(3654, 'Angarsk', 'RUS', 'Irkutsk'),
(3655, 'Joškar-Ola', 'RUS', 'Marinmaa'),
(3656, 'Rybinsk', 'RUS', 'Jaroslavl'),
(3657, 'Prokopjevsk', 'RUS', 'Kemerovo'),
(3658, 'Niznevartovsk', 'RUS', 'Hanti-Mansia'),
(3659, 'Naltšik', 'RUS', 'Kabardi-Balkaria'),
(3660, 'Syktyvkar', 'RUS', 'Komi'),
(3661, 'Severodvinsk', 'RUS', 'Arkangeli'),
(3662, 'Bijsk', 'RUS', 'Altai'),
(3663, 'Niznekamsk', 'RUS', 'Tatarstan'),
(3664, 'Blagoveštšensk', 'RUS', 'Amur'),
(3665, 'Šahty', 'RUS', 'Rostov-na-Donu'),
(3666, 'Staryi Oskol', 'RUS', 'Belgorod'),
(3667, 'Zelenograd', 'RUS', 'Moscow (City)'),
(3668, 'Balakovo', 'RUS', 'Saratov'),
(3669, 'Novorossijsk', 'RUS', 'Krasnodar'),
(3670, 'Pihkova', 'RUS', 'Pihkova'),
(3671, 'Zlatoust', 'RUS', 'Tšeljabinsk'),
(3672, 'Jakutsk', 'RUS', 'Saha (Jakutia)'),
(3673, 'Podolsk', 'RUS', 'Moskova'),
(3674, 'Petropavlovsk-Kamtšatski', 'RUS', 'Kamtšatka'),
(3675, 'Kamensk-Uralski', 'RUS', 'Sverdlovsk'),
(3676, 'Engels', 'RUS', 'Saratov'),
(3677, 'Syzran', 'RUS', 'Samara'),
(3678, 'Grozny', 'RUS', 'Tšetšenia'),
(3679, 'Novotšerkassk', 'RUS', 'Rostov-na-Donu'),
(3680, 'Berezniki', 'RUS', 'Perm'),
(3681, 'Juzno-Sahalinsk', 'RUS', 'Sahalin'),
(3682, 'Volgodonsk', 'RUS', 'Rostov-na-Donu'),
(3683, 'Abakan', 'RUS', 'Hakassia'),
(3684, 'Maikop', 'RUS', 'Adygea'),
(3685, 'Miass', 'RUS', 'Tšeljabinsk'),
(3686, 'Armavir', 'RUS', 'Krasnodar'),
(3687, 'Ljubertsy', 'RUS', 'Moskova'),
(3688, 'Rubtsovsk', 'RUS', 'Altai'),
(3689, 'Kovrov', 'RUS', 'Vladimir'),
(3690, 'Nahodka', 'RUS', 'Primorje'),
(3691, 'Ussurijsk', 'RUS', 'Primorje'),
(3692, 'Salavat', 'RUS', 'Baškortostan'),
(3693, 'Mytištši', 'RUS', 'Moskova'),
(3694, 'Kolomna', 'RUS', 'Moskova'),
(3695, 'Elektrostal', 'RUS', 'Moskova'),
(3696, 'Murom', 'RUS', 'Vladimir'),
(3697, 'Kolpino', 'RUS', 'Pietari'),
(3698, 'Norilsk', 'RUS', 'Krasnojarsk'),
(3699, 'Almetjevsk', 'RUS', 'Tatarstan'),
(3700, 'Novomoskovsk', 'RUS', 'Tula'),
(3701, 'Dimitrovgrad', 'RUS', 'Uljanovsk'),
(3702, 'Pervouralsk', 'RUS', 'Sverdlovsk'),
(3703, 'Himki', 'RUS', 'Moskova'),
(3704, 'Balašiha', 'RUS', 'Moskova'),
(3705, 'Nevinnomyssk', 'RUS', 'Stavropol'),
(3706, 'Pjatigorsk', 'RUS', 'Stavropol'),
(3707, 'Korolev', 'RUS', 'Moskova'),
(3708, 'Serpuhov', 'RUS', 'Moskova'),
(3709, 'Odintsovo', 'RUS', 'Moskova'),
(3710, 'Orehovo-Zujevo', 'RUS', 'Moskova'),
(3711, 'Kamyšin', 'RUS', 'Volgograd'),
(3712, 'Novotšeboksarsk', 'RUS', 'Tšuvassia'),
(3713, 'Tšerkessk', 'RUS', 'Karatšai-Tšerkessia'),
(3714, 'Atšinsk', 'RUS', 'Krasnojarsk'),
(3715, 'Magadan', 'RUS', 'Magadan'),
(3716, 'Mitšurinsk', 'RUS', 'Tambov'),
(3717, 'Kislovodsk', 'RUS', 'Stavropol'),
(3718, 'Jelets', 'RUS', 'Lipetsk'),
(3719, 'Seversk', 'RUS', 'Tomsk'),
(3720, 'Noginsk', 'RUS', 'Moskova'),
(3721, 'Velikije Luki', 'RUS', 'Pihkova'),
(3722, 'Novokuibyševsk', 'RUS', 'Samara'),
(3723, 'Neftekamsk', 'RUS', 'Baškortostan'),
(3724, 'Leninsk-Kuznetski', 'RUS', 'Kemerovo'),
(3725, 'Oktjabrski', 'RUS', 'Baškortostan'),
(3726, 'Sergijev Posad', 'RUS', 'Moskova'),
(3727, 'Arzamas', 'RUS', 'Nizni Novgorod'),
(3728, 'Kiseljovsk', 'RUS', 'Kemerovo'),
(3729, 'Novotroitsk', 'RUS', 'Orenburg'),
(3730, 'Obninsk', 'RUS', 'Kaluga'),
(3731, 'Kansk', 'RUS', 'Krasnojarsk'),
(3732, 'Glazov', 'RUS', 'Udmurtia'),
(3733, 'Solikamsk', 'RUS', 'Perm'),
(3734, 'Sarapul', 'RUS', 'Udmurtia'),
(3735, 'Ust-Ilimsk', 'RUS', 'Irkutsk'),
(3736, 'Štšolkovo', 'RUS', 'Moskova'),
(3737, 'Mezduretšensk', 'RUS', 'Kemerovo'),
(3738, 'Usolje-Sibirskoje', 'RUS', 'Irkutsk'),
(3739, 'Elista', 'RUS', 'Kalmykia'),
(3740, 'Novošahtinsk', 'RUS', 'Rostov-na-Donu'),
(3741, 'Votkinsk', 'RUS', 'Udmurtia'),
(3742, 'Kyzyl', 'RUS', 'Tyva'),
(3743, 'Serov', 'RUS', 'Sverdlovsk'),
(3744, 'Zelenodolsk', 'RUS', 'Tatarstan'),
(3745, 'Zeleznodoroznyi', 'RUS', 'Moskova'),
(3746, 'Kinešma', 'RUS', 'Ivanovo'),
(3747, 'Kuznetsk', 'RUS', 'Penza'),
(3748, 'Uhta', 'RUS', 'Komi'),
(3749, 'Jessentuki', 'RUS', 'Stavropol'),
(3750, 'Tobolsk', 'RUS', 'Tjumen'),
(3751, 'Neftejugansk', 'RUS', 'Hanti-Mansia'),
(3752, 'Bataisk', 'RUS', 'Rostov-na-Donu'),
(3753, 'Nojabrsk', 'RUS', 'Yamalin Nenetsia'),
(3754, 'Balašov', 'RUS', 'Saratov'),
(3755, 'Zeleznogorsk', 'RUS', 'Kursk'),
(3756, 'Zukovski', 'RUS', 'Moskova'),
(3757, 'Anzero-Sudzensk', 'RUS', 'Kemerovo'),
(3758, 'Bugulma', 'RUS', 'Tatarstan'),
(3759, 'Zeleznogorsk', 'RUS', 'Krasnojarsk'),
(3760, 'Novouralsk', 'RUS', 'Sverdlovsk'),
(3761, 'Puškin', 'RUS', 'Pietari'),
(3762, 'Vorkuta', 'RUS', 'Komi'),
(3763, 'Derbent', 'RUS', 'Dagestan'),
(3764, 'Kirovo-Tšepetsk', 'RUS', 'Kirov'),
(3765, 'Krasnogorsk', 'RUS', 'Moskova'),
(3766, 'Klin', 'RUS', 'Moskova'),
(3767, 'Tšaikovski', 'RUS', 'Perm'),
(3768, 'Novyi Urengoi', 'RUS', 'Yamalin Nenetsia'),
(3769, 'Ho Chi Minh City', 'VNM', 'Ho Chi Minh City'),
(3770, 'Hanoi', 'VNM', 'Hanoi'),
(3771, 'Haiphong', 'VNM', 'Haiphong'),
(3772, 'Da Nang', 'VNM', 'Quang Nam-Da Nang'),
(3773, 'Biên Hoa', 'VNM', 'Dong Nai'),
(3774, 'Nha Trang', 'VNM', 'Khanh Hoa'),
(3775, 'Hue', 'VNM', 'Thua Thien-Hue'),
(3776, 'Can Tho', 'VNM', 'Can Tho'),
(3777, 'Cam Pha', 'VNM', 'Quang Binh'),
(3778, 'Nam Dinh', 'VNM', 'Nam Ha'),
(3779, 'Quy Nhon', 'VNM', 'Binh Dinh'),
(3780, 'Vung Tau', 'VNM', 'Ba Ria-Vung Tau'),
(3781, 'Rach Gia', 'VNM', 'Kien Giang'),
(3782, 'Long Xuyen', 'VNM', 'An Giang'),
(3783, 'Thai Nguyen', 'VNM', 'Bac Thai'),
(3784, 'Hong Gai', 'VNM', 'Quang Ninh'),
(3785, 'Phan Thiêt', 'VNM', 'Binh Thuan'),
(3786, 'Cam Ranh', 'VNM', 'Khanh Hoa'),
(3787, 'Vinh', 'VNM', 'Nghe An'),
(3788, 'My Tho', 'VNM', 'Tien Giang'),
(3789, 'Da Lat', 'VNM', 'Lam Dong'),
(3790, 'Buon Ma Thuot', 'VNM', 'Dac Lac'),
(3791, 'Tallinn', 'EST', 'Harjumaa'),
(3792, 'Tartu', 'EST', 'Tartumaa'),
(3793, 'New York', 'USA', 'New York'),
(3794, 'Los Angeles', 'USA', 'California'),
(3795, 'Chicago', 'USA', 'Illinois'),
(3796, 'Houston', 'USA', 'Texas'),
(3797, 'Philadelphia', 'USA', 'Pennsylvania'),
(3798, 'Phoenix', 'USA', 'Arizona'),
(3799, 'San Diego', 'USA', 'California'),
(3800, 'Dallas', 'USA', 'Texas'),
(3801, 'San Antonio', 'USA', 'Texas'),
(3802, 'Detroit', 'USA', 'Michigan'),
(3803, 'San Jose', 'USA', 'California'),
(3804, 'Indianapolis', 'USA', 'Indiana'),
(3805, 'San Francisco', 'USA', 'California'),
(3806, 'Jacksonville', 'USA', 'Florida'),
(3807, 'Columbus', 'USA', 'Ohio'),
(3808, 'Austin', 'USA', 'Texas'),
(3809, 'Baltimore', 'USA', 'Maryland'),
(3810, 'Memphis', 'USA', 'Tennessee'),
(3811, 'Milwaukee', 'USA', 'Wisconsin'),
(3812, 'Boston', 'USA', 'Massachusetts'),
(3813, 'Washington', 'USA', 'District of Columbia'),
(3814, 'Nashville-Davidson', 'USA', 'Tennessee'),
(3815, 'El Paso', 'USA', 'Texas'),
(3816, 'Seattle', 'USA', 'Washington'),
(3817, 'Denver', 'USA', 'Colorado'),
(3818, 'Charlotte', 'USA', 'North Carolina'),
(3819, 'Fort Worth', 'USA', 'Texas'),
(3820, 'Portland', 'USA', 'Oregon'),
(3821, 'Oklahoma City', 'USA', 'Oklahoma'),
(3822, 'Tucson', 'USA', 'Arizona'),
(3823, 'New Orleans', 'USA', 'Louisiana'),
(3824, 'Las Vegas', 'USA', 'Nevada'),
(3825, 'Cleveland', 'USA', 'Ohio'),
(3826, 'Long Beach', 'USA', 'California'),
(3827, 'Albuquerque', 'USA', 'New Mexico'),
(3828, 'Kansas City', 'USA', 'Missouri'),
(3829, 'Fresno', 'USA', 'California'),
(3830, 'Virginia Beach', 'USA', 'Virginia'),
(3831, 'Atlanta', 'USA', 'Georgia'),
(3832, 'Sacramento', 'USA', 'California'),
(3833, 'Oakland', 'USA', 'California'),
(3834, 'Mesa', 'USA', 'Arizona'),
(3835, 'Tulsa', 'USA', 'Oklahoma'),
(3836, 'Omaha', 'USA', 'Nebraska'),
(3837, 'Minneapolis', 'USA', 'Minnesota'),
(3838, 'Honolulu', 'USA', 'Hawaii'),
(3839, 'Miami', 'USA', 'Florida'),
(3840, 'Colorado Springs', 'USA', 'Colorado'),
(3841, 'Saint Louis', 'USA', 'Missouri'),
(3842, 'Wichita', 'USA', 'Kansas'),
(3843, 'Santa Ana', 'USA', 'California'),
(3844, 'Pittsburgh', 'USA', 'Pennsylvania'),
(3845, 'Arlington', 'USA', 'Texas'),
(3846, 'Cincinnati', 'USA', 'Ohio'),
(3847, 'Anaheim', 'USA', 'California'),
(3848, 'Toledo', 'USA', 'Ohio'),
(3849, 'Tampa', 'USA', 'Florida'),
(3850, 'Buffalo', 'USA', 'New York'),
(3851, 'Saint Paul', 'USA', 'Minnesota'),
(3852, 'Corpus Christi', 'USA', 'Texas'),
(3853, 'Aurora', 'USA', 'Colorado'),
(3854, 'Raleigh', 'USA', 'North Carolina'),
(3855, 'Newark', 'USA', 'New Jersey'),
(3856, 'Lexington-Fayette', 'USA', 'Kentucky'),
(3857, 'Anchorage', 'USA', 'Alaska'),
(3858, 'Louisville', 'USA', 'Kentucky'),
(3859, 'Riverside', 'USA', 'California'),
(3860, 'Saint Petersburg', 'USA', 'Florida'),
(3861, 'Bakersfield', 'USA', 'California'),
(3862, 'Stockton', 'USA', 'California'),
(3863, 'Birmingham', 'USA', 'Alabama'),
(3864, 'Jersey City', 'USA', 'New Jersey'),
(3865, 'Norfolk', 'USA', 'Virginia'),
(3866, 'Baton Rouge', 'USA', 'Louisiana'),
(3867, 'Hialeah', 'USA', 'Florida'),
(3868, 'Lincoln', 'USA', 'Nebraska'),
(3869, 'Greensboro', 'USA', 'North Carolina'),
(3870, 'Plano', 'USA', 'Texas'),
(3871, 'Rochester', 'USA', 'New York'),
(3872, 'Glendale', 'USA', 'Arizona'),
(3873, 'Akron', 'USA', 'Ohio'),
(3874, 'Garland', 'USA', 'Texas'),
(3875, 'Madison', 'USA', 'Wisconsin'),
(3876, 'Fort Wayne', 'USA', 'Indiana'),
(3877, 'Fremont', 'USA', 'California'),
(3878, 'Scottsdale', 'USA', 'Arizona'),
(3879, 'Montgomery', 'USA', 'Alabama'),
(3880, 'Shreveport', 'USA', 'Louisiana'),
(3881, 'Augusta-Richmond County', 'USA', 'Georgia'),
(3882, 'Lubbock', 'USA', 'Texas'),
(3883, 'Chesapeake', 'USA', 'Virginia'),
(3884, 'Mobile', 'USA', 'Alabama'),
(3885, 'Des Moines', 'USA', 'Iowa'),
(3886, 'Grand Rapids', 'USA', 'Michigan'),
(3887, 'Richmond', 'USA', 'Virginia'),
(3888, 'Yonkers', 'USA', 'New York'),
(3889, 'Spokane', 'USA', 'Washington'),
(3890, 'Glendale', 'USA', 'California'),
(3891, 'Tacoma', 'USA', 'Washington'),
(3892, 'Irving', 'USA', 'Texas'),
(3893, 'Huntington Beach', 'USA', 'California'),
(3894, 'Modesto', 'USA', 'California'),
(3895, 'Durham', 'USA', 'North Carolina'),
(3896, 'Columbus', 'USA', 'Georgia'),
(3897, 'Orlando', 'USA', 'Florida'),
(3898, 'Boise City', 'USA', 'Idaho'),
(3899, 'Winston-Salem', 'USA', 'North Carolina'),
(3900, 'San Bernardino', 'USA', 'California'),
(3901, 'Jackson', 'USA', 'Mississippi'),
(3902, 'Little Rock', 'USA', 'Arkansas'),
(3903, 'Salt Lake City', 'USA', 'Utah'),
(3904, 'Reno', 'USA', 'Nevada'),
(3905, 'Newport News', 'USA', 'Virginia'),
(3906, 'Chandler', 'USA', 'Arizona'),
(3907, 'Laredo', 'USA', 'Texas'),
(3908, 'Henderson', 'USA', 'Nevada'),
(3909, 'Arlington', 'USA', 'Virginia'),
(3910, 'Knoxville', 'USA', 'Tennessee'),
(3911, 'Amarillo', 'USA', 'Texas'),
(3912, 'Providence', 'USA', 'Rhode Island'),
(3913, 'Chula Vista', 'USA', 'California');
INSERT INTO `city` (`ID`, `Name`, `CountryCode`, `District`) VALUES
(3914, 'Worcester', 'USA', 'Massachusetts'),
(3915, 'Oxnard', 'USA', 'California'),
(3916, 'Dayton', 'USA', 'Ohio'),
(3917, 'Garden Grove', 'USA', 'California'),
(3918, 'Oceanside', 'USA', 'California'),
(3919, 'Tempe', 'USA', 'Arizona'),
(3920, 'Huntsville', 'USA', 'Alabama'),
(3921, 'Ontario', 'USA', 'California'),
(3922, 'Chattanooga', 'USA', 'Tennessee'),
(3923, 'Fort Lauderdale', 'USA', 'Florida'),
(3924, 'Springfield', 'USA', 'Massachusetts'),
(3925, 'Springfield', 'USA', 'Missouri'),
(3926, 'Santa Clarita', 'USA', 'California'),
(3927, 'Salinas', 'USA', 'California'),
(3928, 'Tallahassee', 'USA', 'Florida'),
(3929, 'Rockford', 'USA', 'Illinois'),
(3930, 'Pomona', 'USA', 'California'),
(3931, 'Metairie', 'USA', 'Louisiana'),
(3932, 'Paterson', 'USA', 'New Jersey'),
(3933, 'Overland Park', 'USA', 'Kansas'),
(3934, 'Santa Rosa', 'USA', 'California'),
(3935, 'Syracuse', 'USA', 'New York'),
(3936, 'Kansas City', 'USA', 'Kansas'),
(3937, 'Hampton', 'USA', 'Virginia'),
(3938, 'Lakewood', 'USA', 'Colorado'),
(3939, 'Vancouver', 'USA', 'Washington'),
(3940, 'Irvine', 'USA', 'California'),
(3941, 'Aurora', 'USA', 'Illinois'),
(3942, 'Moreno Valley', 'USA', 'California'),
(3943, 'Pasadena', 'USA', 'California'),
(3944, 'Hayward', 'USA', 'California'),
(3945, 'Brownsville', 'USA', 'Texas'),
(3946, 'Bridgeport', 'USA', 'Connecticut'),
(3947, 'Hollywood', 'USA', 'Florida'),
(3948, 'Warren', 'USA', 'Michigan'),
(3949, 'Torrance', 'USA', 'California'),
(3950, 'Eugene', 'USA', 'Oregon'),
(3951, 'Pembroke Pines', 'USA', 'Florida'),
(3952, 'Salem', 'USA', 'Oregon'),
(3953, 'Pasadena', 'USA', 'Texas'),
(3954, 'Escondido', 'USA', 'California'),
(3955, 'Sunnyvale', 'USA', 'California'),
(3956, 'Savannah', 'USA', 'Georgia'),
(3957, 'Fontana', 'USA', 'California'),
(3958, 'Orange', 'USA', 'California'),
(3959, 'Naperville', 'USA', 'Illinois'),
(3960, 'Alexandria', 'USA', 'Virginia'),
(3961, 'Rancho Cucamonga', 'USA', 'California'),
(3962, 'Grand Prairie', 'USA', 'Texas'),
(3963, 'East Los Angeles', 'USA', 'California'),
(3964, 'Fullerton', 'USA', 'California'),
(3965, 'Corona', 'USA', 'California'),
(3966, 'Flint', 'USA', 'Michigan'),
(3967, 'Paradise', 'USA', 'Nevada'),
(3968, 'Mesquite', 'USA', 'Texas'),
(3969, 'Sterling Heights', 'USA', 'Michigan'),
(3970, 'Sioux Falls', 'USA', 'South Dakota'),
(3971, 'New Haven', 'USA', 'Connecticut'),
(3972, 'Topeka', 'USA', 'Kansas'),
(3973, 'Concord', 'USA', 'California'),
(3974, 'Evansville', 'USA', 'Indiana'),
(3975, 'Hartford', 'USA', 'Connecticut'),
(3976, 'Fayetteville', 'USA', 'North Carolina'),
(3977, 'Cedar Rapids', 'USA', 'Iowa'),
(3978, 'Elizabeth', 'USA', 'New Jersey'),
(3979, 'Lansing', 'USA', 'Michigan'),
(3980, 'Lancaster', 'USA', 'California'),
(3981, 'Fort Collins', 'USA', 'Colorado'),
(3982, 'Coral Springs', 'USA', 'Florida'),
(3983, 'Stamford', 'USA', 'Connecticut'),
(3984, 'Thousand Oaks', 'USA', 'California'),
(3985, 'Vallejo', 'USA', 'California'),
(3986, 'Palmdale', 'USA', 'California'),
(3987, 'Columbia', 'USA', 'South Carolina'),
(3988, 'El Monte', 'USA', 'California'),
(3989, 'Abilene', 'USA', 'Texas'),
(3990, 'North Las Vegas', 'USA', 'Nevada'),
(3991, 'Ann Arbor', 'USA', 'Michigan'),
(3992, 'Beaumont', 'USA', 'Texas'),
(3993, 'Waco', 'USA', 'Texas'),
(3994, 'Macon', 'USA', 'Georgia'),
(3995, 'Independence', 'USA', 'Missouri'),
(3996, 'Peoria', 'USA', 'Illinois'),
(3997, 'Inglewood', 'USA', 'California'),
(3998, 'Springfield', 'USA', 'Illinois'),
(3999, 'Simi Valley', 'USA', 'California'),
(4000, 'Lafayette', 'USA', 'Louisiana'),
(4001, 'Gilbert', 'USA', 'Arizona'),
(4002, 'Carrollton', 'USA', 'Texas'),
(4003, 'Bellevue', 'USA', 'Washington'),
(4004, 'West Valley City', 'USA', 'Utah'),
(4005, 'Clarksville', 'USA', 'Tennessee'),
(4006, 'Costa Mesa', 'USA', 'California'),
(4007, 'Peoria', 'USA', 'Arizona'),
(4008, 'South Bend', 'USA', 'Indiana'),
(4009, 'Downey', 'USA', 'California'),
(4010, 'Waterbury', 'USA', 'Connecticut'),
(4011, 'Manchester', 'USA', 'New Hampshire'),
(4012, 'Allentown', 'USA', 'Pennsylvania'),
(4013, 'McAllen', 'USA', 'Texas'),
(4014, 'Joliet', 'USA', 'Illinois'),
(4015, 'Lowell', 'USA', 'Massachusetts'),
(4016, 'Provo', 'USA', 'Utah'),
(4017, 'West Covina', 'USA', 'California'),
(4018, 'Wichita Falls', 'USA', 'Texas'),
(4019, 'Erie', 'USA', 'Pennsylvania'),
(4020, 'Daly City', 'USA', 'California'),
(4021, 'Citrus Heights', 'USA', 'California'),
(4022, 'Norwalk', 'USA', 'California'),
(4023, 'Gary', 'USA', 'Indiana'),
(4024, 'Berkeley', 'USA', 'California'),
(4025, 'Santa Clara', 'USA', 'California'),
(4026, 'Green Bay', 'USA', 'Wisconsin'),
(4027, 'Cape Coral', 'USA', 'Florida'),
(4028, 'Arvada', 'USA', 'Colorado'),
(4029, 'Pueblo', 'USA', 'Colorado'),
(4030, 'Sandy', 'USA', 'Utah'),
(4031, 'Athens-Clarke County', 'USA', 'Georgia'),
(4032, 'Cambridge', 'USA', 'Massachusetts'),
(4033, 'Westminster', 'USA', 'Colorado'),
(4034, 'San Buenaventura', 'USA', 'California'),
(4035, 'Portsmouth', 'USA', 'Virginia'),
(4036, 'Livonia', 'USA', 'Michigan'),
(4037, 'Burbank', 'USA', 'California'),
(4038, 'Clearwater', 'USA', 'Florida'),
(4039, 'Midland', 'USA', 'Texas'),
(4040, 'Davenport', 'USA', 'Iowa'),
(4041, 'Mission Viejo', 'USA', 'California'),
(4042, 'Miami Beach', 'USA', 'Florida'),
(4043, 'Sunrise Manor', 'USA', 'Nevada'),
(4044, 'New Bedford', 'USA', 'Massachusetts'),
(4045, 'El Cajon', 'USA', 'California'),
(4046, 'Norman', 'USA', 'Oklahoma'),
(4047, 'Richmond', 'USA', 'California'),
(4048, 'Albany', 'USA', 'New York'),
(4049, 'Brockton', 'USA', 'Massachusetts'),
(4050, 'Roanoke', 'USA', 'Virginia'),
(4051, 'Billings', 'USA', 'Montana'),
(4052, 'Compton', 'USA', 'California'),
(4053, 'Gainesville', 'USA', 'Florida'),
(4054, 'Fairfield', 'USA', 'California'),
(4055, 'Arden-Arcade', 'USA', 'California'),
(4056, 'San Mateo', 'USA', 'California'),
(4057, 'Visalia', 'USA', 'California'),
(4058, 'Boulder', 'USA', 'Colorado'),
(4059, 'Cary', 'USA', 'North Carolina'),
(4060, 'Santa Monica', 'USA', 'California'),
(4061, 'Fall River', 'USA', 'Massachusetts'),
(4062, 'Kenosha', 'USA', 'Wisconsin'),
(4063, 'Elgin', 'USA', 'Illinois'),
(4064, 'Odessa', 'USA', 'Texas'),
(4065, 'Carson', 'USA', 'California'),
(4066, 'Charleston', 'USA', 'South Carolina'),
(4067, 'Charlotte Amalie', 'VIR', 'St Thomas'),
(4068, 'Harare', 'ZWE', 'Harare'),
(4069, 'Bulawayo', 'ZWE', 'Bulawayo'),
(4070, 'Chitungwiza', 'ZWE', 'Harare'),
(4071, 'Mount Darwin', 'ZWE', 'Harare'),
(4072, 'Mutare', 'ZWE', 'Manicaland'),
(4073, 'Gweru', 'ZWE', 'Midlands'),
(4074, 'Gaza', 'PSE', 'Gaza'),
(4075, 'Khan Yunis', 'PSE', 'Khan Yunis'),
(4076, 'Hebron', 'PSE', 'Hebron'),
(4077, 'Jabaliya', 'PSE', 'North Gaza'),
(4078, 'Nablus', 'PSE', 'Nablus'),
(4079, 'Rafah', 'PSE', 'Rafah');

-- --------------------------------------------------------

--
-- Struktur dari tabel `country`
--

CREATE TABLE `country` (
  `Code` char(3) NOT NULL DEFAULT '',
  `Name` char(52) NOT NULL DEFAULT ''
) ENGINE=InnoDB DEFAULT CHARSET=latin1;

--
-- Dumping data untuk tabel `country`
--

INSERT INTO `country` (`Code`, `Name`) VALUES
('ABW', 'Aruba'),
('AFG', 'Afghanistan'),
('AGO', 'Angola'),
('AIA', 'Anguilla'),
('ALB', 'Albania'),
('AND', 'Andorra'),
('ANT', 'Netherlands Antilles'),
('ARE', 'United Arab Emirates'),
('ARG', 'Argentina'),
('ARM', 'Armenia'),
('ASM', 'American Samoa'),
('ATA', 'Antarctica'),
('ATF', 'French Southern territories'),
('ATG', 'Antigua and Barbuda'),
('AUS', 'Australia'),
('AUT', 'Austria'),
('AZE', 'Azerbaijan'),
('BDI', 'Burundi'),
('BEL', 'Belgium'),
('BEN', 'Benin'),
('BFA', 'Burkina Faso'),
('BGD', 'Bangladesh'),
('BGR', 'Bulgaria'),
('BHR', 'Bahrain'),
('BHS', 'Bahamas'),
('BIH', 'Bosnia and Herzegovina'),
('BLR', 'Belarus'),
('BLZ', 'Belize'),
('BMU', 'Bermuda'),
('BOL', 'Bolivia'),
('BRA', 'Brazil'),
('BRB', 'Barbados'),
('BRN', 'Brunei'),
('BTN', 'Bhutan'),
('BVT', 'Bouvet Island'),
('BWA', 'Botswana'),
('CAF', 'Central African Republic'),
('CAN', 'Canada'),
('CCK', 'Cocos (Keeling) Islands'),
('CHE', 'Switzerland'),
('CHL', 'Chile'),
('CHN', 'China'),
('CIV', 'Côte d’Ivoire'),
('CMR', 'Cameroon'),
('COD', 'Congo, The Democratic Republic of the'),
('COG', 'Congo'),
('COK', 'Cook Islands'),
('COL', 'Colombia'),
('COM', 'Comoros'),
('CPV', 'Cape Verde'),
('CRI', 'Costa Rica'),
('CUB', 'Cuba'),
('CXR', 'Christmas Island'),
('CYM', 'Cayman Islands'),
('CYP', 'Cyprus'),
('CZE', 'Czech Republic'),
('DEU', 'Germany'),
('DJI', 'Djibouti'),
('DMA', 'Dominica'),
('DNK', 'Denmark'),
('DOM', 'Dominican Republic'),
('DZA', 'Algeria'),
('ECU', 'Ecuador'),
('EGY', 'Egypt'),
('ERI', 'Eritrea'),
('ESH', 'Western Sahara'),
('ESP', 'Spain'),
('EST', 'Estonia'),
('ETH', 'Ethiopia'),
('FIN', 'Finland'),
('FJI', 'Fiji Islands'),
('FLK', 'Falkland Islands'),
('FRA', 'France'),
('FRO', 'Faroe Islands'),
('FSM', 'Micronesia, Federated States of'),
('GAB', 'Gabon'),
('GBR', 'United Kingdom'),
('GEO', 'Georgia'),
('GHA', 'Ghana'),
('GIB', 'Gibraltar'),
('GIN', 'Guinea'),
('GLP', 'Guadeloupe'),
('GMB', 'Gambia'),
('GNB', 'Guinea-Bissau'),
('GNQ', 'Equatorial Guinea'),
('GRC', 'Greece'),
('GRD', 'Grenada'),
('GRL', 'Greenland'),
('GTM', 'Guatemala'),
('GUF', 'French Guiana'),
('GUM', 'Guam'),
('GUY', 'Guyana'),
('HKG', 'Hong Kong'),
('HMD', 'Heard Island and McDonald Islands'),
('HND', 'Honduras'),
('HRV', 'Croatia'),
('HTI', 'Haiti'),
('HUN', 'Hungary'),
('IDN', 'Indonesia'),
('IND', 'India'),
('IOT', 'British Indian Ocean Territory'),
('IRL', 'Ireland'),
('IRN', 'Iran'),
('IRQ', 'Iraq'),
('ISL', 'Iceland'),
('ISR', 'Israel'),
('ITA', 'Italy'),
('JAM', 'Jamaica'),
('JOR', 'Jordan'),
('JPN', 'Japan'),
('KAZ', 'Kazakstan'),
('KEN', 'Kenya'),
('KGZ', 'Kyrgyzstan'),
('KHM', 'Cambodia'),
('KIR', 'Kiribati'),
('KNA', 'Saint Kitts and Nevis'),
('KOR', 'South Korea'),
('KWT', 'Kuwait'),
('LAO', 'Laos'),
('LBN', 'Lebanon'),
('LBR', 'Liberia'),
('LBY', 'Libyan Arab Jamahiriya'),
('LCA', 'Saint Lucia'),
('LIE', 'Liechtenstein'),
('LKA', 'Sri Lanka'),
('LSO', 'Lesotho'),
('LTU', 'Lithuania'),
('LUX', 'Luxembourg'),
('LVA', 'Latvia'),
('MAC', 'Macao'),
('MAR', 'Morocco'),
('MCO', 'Monaco'),
('MDA', 'Moldova'),
('MDG', 'Madagascar'),
('MDV', 'Maldives'),
('MEX', 'Mexico'),
('MHL', 'Marshall Islands'),
('MKD', 'Macedonia'),
('MLI', 'Mali'),
('MLT', 'Malta'),
('MMR', 'Myanmar'),
('MNG', 'Mongolia'),
('MNP', 'Northern Mariana Islands'),
('MOZ', 'Mozambique'),
('MRT', 'Mauritania'),
('MSR', 'Montserrat'),
('MTQ', 'Martinique'),
('MUS', 'Mauritius'),
('MWI', 'Malawi'),
('MYS', 'Malaysia'),
('MYT', 'Mayotte'),
('NAM', 'Namibia'),
('NCL', 'New Caledonia'),
('NER', 'Niger'),
('NFK', 'Norfolk Island'),
('NGA', 'Nigeria'),
('NIC', 'Nicaragua'),
('NIU', 'Niue'),
('NLD', 'Netherlands'),
('NOR', 'Norway'),
('NPL', 'Nepal'),
('NRU', 'Nauru'),
('NZL', 'New Zealand'),
('OMN', 'Oman'),
('PAK', 'Pakistan'),
('PAN', 'Panama'),
('PCN', 'Pitcairn'),
('PER', 'Peru'),
('PHL', 'Philippines'),
('PLW', 'Palau'),
('PNG', 'Papua New Guinea'),
('POL', 'Poland'),
('PRI', 'Puerto Rico'),
('PRK', 'North Korea'),
('PRT', 'Portugal'),
('PRY', 'Paraguay'),
('PSE', 'Palestine'),
('PYF', 'French Polynesia'),
('QAT', 'Qatar'),
('REU', 'Réunion'),
('ROM', 'Romania'),
('RUS', 'Russian Federation'),
('RWA', 'Rwanda'),
('SAU', 'Saudi Arabia'),
('SDN', 'Sudan'),
('SEN', 'Senegal'),
('SGP', 'Singapore'),
('SGS', 'South Georgia and the South Sandwich Islands'),
('SHN', 'Saint Helena'),
('SJM', 'Svalbard and Jan Mayen'),
('SLB', 'Solomon Islands'),
('SLE', 'Sierra Leone'),
('SLV', 'El Salvador'),
('SMR', 'San Marino'),
('SOM', 'Somalia'),
('SPM', 'Saint Pierre and Miquelon'),
('STP', 'Sao Tome and Principe'),
('SUR', 'Suriname'),
('SVK', 'Slovakia'),
('SVN', 'Slovenia'),
('SWE', 'Sweden'),
('SWZ', 'Swaziland'),
('SYC', 'Seychelles'),
('SYR', 'Syria'),
('TCA', 'Turks and Caicos Islands'),
('TCD', 'Chad'),
('TGO', 'Togo'),
('THA', 'Thailand'),
('TJK', 'Tajikistan'),
('TKL', 'Tokelau'),
('TKM', 'Turkmenistan'),
('TMP', 'East Timor'),
('TON', 'Tonga'),
('TTO', 'Trinidad and Tobago'),
('TUN', 'Tunisia'),
('TUR', 'Turkey'),
('TUV', 'Tuvalu'),
('TWN', 'Taiwan'),
('TZA', 'Tanzania'),
('UGA', 'Uganda'),
('UKR', 'Ukraine'),
('UMI', 'United States Minor Outlying Islands'),
('URY', 'Uruguay'),
('USA', 'United States'),
('UZB', 'Uzbekistan'),
('VAT', 'Holy See (Vatican City State)'),
('VCT', 'Saint Vincent and the Grenadines'),
('VEN', 'Venezuela'),
('VGB', 'Virgin Islands, British'),
('VIR', 'Virgin Islands, U.S.'),
('VNM', 'Vietnam'),
('VUT', 'Vanuatu'),
('WLF', 'Wallis and Futuna'),
('WSM', 'Samoa'),
('YEM', 'Yemen'),
('YUG', 'Yugoslavia'),
('ZAF', 'South Africa'),
('ZMB', 'Zambia'),
('ZWE', 'Zimbabwe');

-- --------------------------------------------------------

--
-- Struktur dari tabel `event`
--

CREATE TABLE `event` (
  `id` int(12) NOT NULL,
  `tgl` date NOT NULL,
  `nama` varchar(128) COLLATE utf8mb4_unicode_ci NOT NULL,
  `alamat` text COLLATE utf8mb4_unicode_ci NOT NULL,
  `keterangan` text COLLATE utf8mb4_unicode_ci NOT NULL,
  `url` varchar(512) COLLATE utf8mb4_unicode_ci NOT NULL,
  `foto` varchar(256) COLLATE utf8mb4_unicode_ci NOT NULL DEFAULT 'default.png',
  `by_user` varchar(64) COLLATE utf8mb4_unicode_ci NOT NULL
) ENGINE=InnoDB DEFAULT CHARSET=utf8mb4 COLLATE=utf8mb4_unicode_ci;

--
-- Dumping data untuk tabel `event`
--

INSERT INTO `event` (`id`, `tgl`, `nama`, `alamat`, `keterangan`, `url`, `foto`, `by_user`) VALUES
(1, '2018-08-17', 'Hari Kemerdekaan Indonesia', 'Jl. Saja Dulu', 'Hari Kemerdekaan Indonesia 17 Agustus 2018 akan diadakan acara: Lorem ipsum dolor sit amet, consectetur adipiscing elit. Ut lorem metus, facilisis eu nunc quis, congue luctus risus. Morbi consectetur, dolor at facilisis cursus, leo leo dictum nunc, id vehicula magna enim sed magna. Nulla orci sapien, faucibus eget turpis ut, rutrum eleifend lacus. Phasellus bibendum velit nisi, sit amet fermentum tortor venenatis eu. Nam lobortis dolor nulla, et bibendum nibh ultricies nec. Etiam posuere tempus elementum. Sed tempor elit sed augue vulputate rutrum accumsan sit amet arcu. Cras ullamcorper est interdum ligula aliquam condimentum. Quisque ut sapien condimentum tellus porta laoreet a et diam. Maecenas et nisl et tellus lacinia ornare in sed enim. Pellentesque luctus semper massa non sagittis. Aenean finibus sem quis lacus porttitor, ut vestibulum erat porta. Duis sodales tellus a pretium elementum.', 'https://www.google.co.id/search?q=hari+kemerdekaan+indonesia', 'default.png', 'admin@gmail.com'),
(2, '2018-08-21', 'Amal Daging Sapi', 'Jl. Kenangan', 'Beramal dengan Sapi', 'https://www.google.co.id/search?q=idul+adha', 'default.png', 'admin@gmail.com'),
(10, '2018-10-28', 'Sumpah Pemuda', 'Jl. Jalan', 'Sumpah Pemuda 2018 @ Juanda - Jakarta', 'https://id.wikipedia.org/wiki/Sumpah_Pemuda', 'default.png', 'admin@gmail.com');

-- --------------------------------------------------------

--
-- Struktur dari tabel `img_tempat`
--

CREATE TABLE `img_tempat` (
  `id` int(12) NOT NULL,
  `id_tempat` int(12) NOT NULL,
  `image` varchar(256) COLLATE utf8mb4_unicode_ci NOT NULL
) ENGINE=InnoDB DEFAULT CHARSET=utf8mb4 COLLATE=utf8mb4_unicode_ci;

--
-- Dumping data untuk tabel `img_tempat`
--

INSERT INTO `img_tempat` (`id`, `id_tempat`, `image`) VALUES
(1, 4, '1.jpg'),
(2, 4, '2.jpg'),
(7, 6, '5.jpg'),
(20, 5, 'a91686aba295ec9e8bb563b38d190b0e.jpg'),
(21, 4, 'a1.jpg'),
(22, 4, 'a2.jpg'),
(23, 4, 'a3.jpg'),
(24, 4, 'a4.jpg');

-- --------------------------------------------------------

--
-- Struktur dari tabel `interest_list`
--

CREATE TABLE `interest_list` (
  `nama` varchar(64) COLLATE utf8mb4_unicode_ci NOT NULL
) ENGINE=InnoDB DEFAULT CHARSET=utf8mb4 COLLATE=utf8mb4_unicode_ci;

--
-- Dumping data untuk tabel `interest_list`
--

INSERT INTO `interest_list` (`nama`) VALUES
('cafe'),
('market'),
('other'),
('restaurant');

-- --------------------------------------------------------

--
-- Struktur dari tabel `jual`
--

CREATE TABLE `jual` (
  `id` int(12) NOT NULL,
  `nama` varchar(128) COLLATE utf8mb4_unicode_ci NOT NULL,
  `detail` text COLLATE utf8mb4_unicode_ci NOT NULL,
  `harga` int(16) NOT NULL,
  `harga_poin` int(12) NOT NULL,
  `ambil_poin` int(12) NOT NULL,
  `cara_guna` text COLLATE utf8mb4_unicode_ci NOT NULL,
  `exp` date NOT NULL,
  `foto` varchar(256) COLLATE utf8mb4_unicode_ci NOT NULL DEFAULT 'default.png',
  `tnc` text COLLATE utf8mb4_unicode_ci NOT NULL,
  `by_user` varchar(64) COLLATE utf8mb4_unicode_ci NOT NULL,
  `address` text COLLATE utf8mb4_unicode_ci NOT NULL
) ENGINE=InnoDB DEFAULT CHARSET=utf8mb4 COLLATE=utf8mb4_unicode_ci;

--
-- Dumping data untuk tabel `jual`
--

INSERT INTO `jual` (`id`, `nama`, `detail`, `harga`, `harga_poin`, `ambil_poin`, `cara_guna`, `exp`, `foto`, `tnc`, `by_user`, `address`) VALUES
(1, 'Tamashii', 'The Quick Brown Fox Jumps Over the Lazy Dog.', 70000, 20000, 1000, 'How to Use', '2018-11-02', 'default.png', 'Fitur SHAKE-A-THON hanya dapat dimainkan selama periode aktif.Periode aktif permainan untuk SHAKE-A-THON terbagi menjadi 2 periode setiap harinya, yaitu:\r\n\r\nPeriode 1: Pukul 08.30 - 09.30 WIB\r\nPeriode 2: Pukul 20.30 - 21.30 WIB\r\n\r\ntest\\r\\nhehehe', 'admin@gmail.com', 'http://pixiv.net'),
(2, 'Daisy Up', 'The Quick Brown Fox Jumps Over the Lazy Dog\r\nThe Quick Brown Fox Jumps Over the Lazy Dog\r\nThe Quick Brown Fox Jumps Over the Lazy Dog\r\nThe Quick Brown Fox Jumps Over the Lazy Dog\r\nThe Quick Brown Fox Jumps Over the Lazy Dog\r\nThe Quick Brown Fox Jumps Over the Lazy Dog\r\nThe Quick Brown Fox Jumps Over the Lazy Dog\r\nThe Quick Brown Fox Jumps Over the Lazy Dog\r\nThe Quick Brown Fox Jumps Over the Lazy Dog', 2000000, 1000, 60000, 'Use Use Use Use Use Use Use Use Use Use Use Use Use Use Use Use Use Use Use Use Use Use Use Use Use Use Use Use Use Use Use Use Use Use Use Use Use Use Use Use Use Use Use Use Use Use Use Use Use Use Use Use Use Use Use Use Use Use Use Use Use Use Use Use Use Use Use Use Use Use Use Use Use Use Use Use Use', '2018-10-31', 'default.png', 'Fitur SHAKE-A-THON hanya dapat dimainkan selama periode aktif. Periode aktif permainan untuk SHAKE-A-THON terbagi menjadi 2 periode setiap harinya, yaitu:      Periode 1: Pukul 08.30 - 09.30 WIB     Periode 2: Pukul 20.30 - 21.30 WIB  Fitur SHAKE-A-THON dapat dimainkan dengan shake ponselmu sekuat-kuatnya untuk mendapatkan hadiah, mulai dari Credits, voucher diskon dan cashback, saldo BukaEmas, dan diskon produk hingga 99%. Semakin kuat kamu shake ponselmu, semakin banyak Credits yang bisa kamu dapatkan dan semakin besar kesempatan mendapatkan hadiah.', 'admin@gmail.com', 'http://google.com'),
(3, 'Yatahh', 'Yatta', 80000, 20000, 1500, 'GUNAGUNAGUNAGUNAGUNAGUNAGUNAGUNAGUNAGUNAGUNAGUNAGUNAGUNAGUNAGUNAGUNAGUNAGUNAGUNAGUNAGUNAGUNAGUNA', '2019-04-15', 'default.png', 'Fitur SHAKE-A-THON hanya dapat dimainkan selama periode aktif. Periode aktif permainan untuk SHAKE-A-THON terbagi menjadi 2 periode setiap harinya, yaitu:      Periode 1: Pukul 08.30 - 09.30 WIB     Periode 2: Pukul 20.30 - 21.30 WIB  Fitur SHAKE-A-THON dapat dimainkan dengan shake ponselmu sekuat-kuatnya untuk mendapatkan hadiah, mulai dari Credits, voucher diskon dan cashback, saldo BukaEmas, dan diskon produk hingga 99%. Semakin kuat kamu shake ponselmu, semakin banyak Credits yang bisa kamu dapatkan dan semakin besar kesempatan mendapatkan hadiah.', 'admin@gmail.com', 'http://yahoo.com'),
(49, 'Botol Minum Karakter', '.dnknbfhvbfsjhdbvjhdbsvbfjfs\r\ndfvfsvfb f \r\nfgbgf df bfb\r\ngbg', 80000, 70000, 90, 'njdsjkbdafdjsvdk;afbvd\r\nfwefeq1231\r\n23r21', '2018-12-21', '580eac3c219b2ad6ef2757b7ad95a04f.jpeg', 'dfbvbgwr sf bgb\r\nwfdaev\r\nrtg56y56\r\n1213', 'admin@gmail.com', 'http://bukalapak.com');

-- --------------------------------------------------------

--
-- Struktur dari tabel `jual_img`
--

CREATE TABLE `jual_img` (
  `id` int(12) NOT NULL,
  `id_jual` int(12) NOT NULL,
  `foto` varchar(256) COLLATE utf8mb4_unicode_ci NOT NULL DEFAULT 'default.png'
) ENGINE=InnoDB DEFAULT CHARSET=utf8mb4 COLLATE=utf8mb4_unicode_ci;

--
-- Dumping data untuk tabel `jual_img`
--

INSERT INTO `jual_img` (`id`, `id_jual`, `foto`) VALUES
(1, 2, 'default.png'),
(2, 1, '1.png'),
(3, 2, '2.png'),
(6, 49, 'c64589364a1a6e231f6f4cdf8e011f08.jpg'),
(7, 49, '3aa7fe1a1b861d9200bf03ee5e607859.jpg'),
(8, 49, '71a3839fd8d812507f4912e05e5434ce.jpg');

-- --------------------------------------------------------

--
-- Struktur dari tabel `kepemilikan`
--

CREATE TABLE `kepemilikan` (
  `surel` varchar(64) COLLATE utf8mb4_unicode_ci NOT NULL,
  `id_tempat` int(12) NOT NULL
) ENGINE=InnoDB DEFAULT CHARSET=utf8mb4 COLLATE=utf8mb4_unicode_ci;

--
-- Dumping data untuk tabel `kepemilikan`
--

INSERT INTO `kepemilikan` (`surel`, `id_tempat`) VALUES
('admin@gmail.com', 5);

-- --------------------------------------------------------

--
-- Struktur dari tabel `kesukaan_pengguna`
--

CREATE TABLE `kesukaan_pengguna` (
  `id` int(12) NOT NULL,
  `surel` varchar(64) COLLATE utf8mb4_unicode_ci NOT NULL,
  `interest` varchar(64) COLLATE utf8mb4_unicode_ci NOT NULL
) ENGINE=InnoDB DEFAULT CHARSET=utf8mb4 COLLATE=utf8mb4_unicode_ci;

-- --------------------------------------------------------

--
-- Struktur dari tabel `konsumsi`
--

CREATE TABLE `konsumsi` (
  `surel` varchar(64) COLLATE utf8mb4_unicode_ci NOT NULL,
  `tgl` date NOT NULL,
  `harian` float NOT NULL
) ENGINE=InnoDB DEFAULT CHARSET=utf8mb4 COLLATE=utf8mb4_unicode_ci;

--
-- Dumping data untuk tabel `konsumsi`
--

INSERT INTO `konsumsi` (`surel`, `tgl`, `harian`) VALUES
('1234@gmail.com', '2018-10-02', 45),
('dandyoctavian@gmail.com', '2018-10-16', 1),
('dandyoctavian@gmail.com', '2018-10-16', 1),
('dandyoctavian@gmail.com', '2018-10-16', 1),
('dandyoctavian@gmail.com', '2018-10-16', 1),
('dandyoctavian@gmail.com', '2018-10-16', 1),
('dandyoctavian@gmail.com', '2018-10-16', 1),
('dandyoctavian@gmail.com', '2018-10-16', 1),
('dandyoctavian@gmail.com', '2018-10-16', 1),
('dandyoctavian@gmail.com', '2018-10-16', 1),
('1234@gmail.com', '2018-10-16', 1),
('1234@gmail.com', '2018-10-16', 1),
('1234@gmail.com', '2018-10-16', 1),
('1234@gmail.com', '2018-10-16', 1),
('1234@gmail.com', '2018-10-16', 1),
('1234@gmail.com', '2018-10-16', 1),
('1234@gmail.com', '2018-10-17', 1),
('1234@gmail.com', '2018-10-17', 1),
('1234@gmail.com', '2018-10-17', 1),
('1234@gmail.com', '2018-10-17', 1),
('1234@gmail.com', '2018-10-17', 1),
('1234@gmail.com', '2018-10-17', 1),
('1234@gmail.com', '2018-10-17', 1),
('1234@gmail.com', '2018-10-17', 1),
('dandyoctavian@gmail.com', '2018-10-17', 1),
('dandyoctavian@gmail.com', '2018-10-17', 1),
('1234@gmail.com', '2018-10-17', 1),
('1234@gmail.com', '2018-10-17', 1),
('1234@gmail.com', '2018-10-17', 1),
('1234@gmail.com', '2018-10-17', 1),
('1234@gmail.com', '2018-10-17', 1),
('1234@gmail.com', '2018-10-17', 1),
('1234@gmail.com', '2018-10-17', 1),
('1234@gmail.com', '2018-10-17', 1),
('1234@gmail.com', '2018-10-17', 1),
('1234@gmail.com', '2018-10-17', 1),
('1234@gmail.com', '2018-10-17', 1),
('1234@gmail.com', '2018-10-17', 1),
('1234@gmail.com', '2018-10-18', 1),
('1234@gmail.com', '2018-10-18', 1),
('1234@gmail.com', '2018-10-18', 1),
('1234@gmail.com', '2018-10-18', 1),
('1234@gmail.com', '2018-10-18', 1),
('1234@gmail.com', '2018-10-19', 1);

-- --------------------------------------------------------

--
-- Struktur dari tabel `log_token`
--

CREATE TABLE `log_token` (
  `token` varchar(512) COLLATE utf8mb4_unicode_ci NOT NULL,
  `user_mail` varchar(64) COLLATE utf8mb4_unicode_ci NOT NULL,
  `ip` varchar(42) COLLATE utf8mb4_unicode_ci NOT NULL,
  `created` datetime NOT NULL DEFAULT CURRENT_TIMESTAMP,
  `useragent` varchar(258) COLLATE utf8mb4_unicode_ci NOT NULL,
  `latitude` double NOT NULL DEFAULT '0',
  `longitude` double NOT NULL DEFAULT '0'
) ENGINE=InnoDB DEFAULT CHARSET=utf8mb4 COLLATE=utf8mb4_unicode_ci;

--
-- Dumping data untuk tabel `log_token`
--

INSERT INTO `log_token` (`token`, `user_mail`, `ip`, `created`, `useragent`, `latitude`, `longitude`) VALUES
('dXR9fWB7dm10Ynh0fVl+eXRweTpyen4=', 'dandyoctavian@gmail.com', '192.168.1.99', '2018-10-19 10:45:54', 'PostmanRuntime/7.2.0', 0, 0);

-- --------------------------------------------------------

--
-- Struktur dari tabel `pic_tmpt_baru`
--

CREATE TABLE `pic_tmpt_baru` (
  `id` int(12) NOT NULL,
  `id_tempat` int(12) NOT NULL,
  `image` varchar(256) COLLATE utf8mb4_unicode_ci NOT NULL
) ENGINE=InnoDB DEFAULT CHARSET=utf8mb4 COLLATE=utf8mb4_unicode_ci;

--
-- Dumping data untuk tabel `pic_tmpt_baru`
--

INSERT INTO `pic_tmpt_baru` (`id`, `id_tempat`, `image`) VALUES
(5, 6, '1x.jpg'),
(6, 6, '2x.jpg'),
(7, 6, '3x.jpg');

-- --------------------------------------------------------

--
-- Struktur dari tabel `poin_tra`
--

CREATE TABLE `poin_tra` (
  `id` int(12) NOT NULL,
  `id_item` int(12) NOT NULL,
  `waktu` datetime NOT NULL,
  `terpakai` int(11) NOT NULL,
  `surel` varchar(64) COLLATE utf8mb4_unicode_ci NOT NULL,
  `uniqueid` varchar(256) COLLATE utf8mb4_unicode_ci NOT NULL
) ENGINE=InnoDB DEFAULT CHARSET=utf8mb4 COLLATE=utf8mb4_unicode_ci;

--
-- Dumping data untuk tabel `poin_tra`
--

INSERT INTO `poin_tra` (`id`, `id_item`, `waktu`, `terpakai`, `surel`, `uniqueid`) VALUES
(1, 2, '2018-08-01 00:00:00', 2, 'ampas@kosong.com', 'hhhhhhhhhhhhhhhhhhhhhhhhhhhhhhhhhhhhh'),
(2, 2, '2018-08-01 00:00:00', 90, 'ampas@kosong.com', 'khdfjkHSdjfhHdjkHDSKJHDFHDFA'),
(3, 3, '2018-08-01 00:00:00', 22, '1234@gmail.com', '1qsdfdas'),
(4, 3, '2018-08-01 00:00:00', 11, 'abc@gmail.com', 'edffdzgsdfgs'),
(5, 2, '2018-08-23 00:00:00', 45, 'ampas@kosong.com', 'addfgds');

-- --------------------------------------------------------

--
-- Struktur dari tabel `relasi`
--

CREATE TABLE `relasi` (
  `nama` varchar(64) COLLATE utf8mb4_unicode_ci NOT NULL
) ENGINE=InnoDB DEFAULT CHARSET=utf8mb4 COLLATE=utf8mb4_unicode_ci;

--
-- Dumping data untuk tabel `relasi`
--

INSERT INTO `relasi` (`nama`) VALUES
('customer'),
('owner');

-- --------------------------------------------------------

--
-- Struktur dari tabel `review_tempat`
--

CREATE TABLE `review_tempat` (
  `id` int(12) NOT NULL,
  `id_tempat` int(12) NOT NULL,
  `surel` varchar(64) COLLATE utf8mb4_unicode_ci NOT NULL,
  `bintang` enum('0','1','2','3','4','5') COLLATE utf8mb4_unicode_ci NOT NULL,
  `komentar` text COLLATE utf8mb4_unicode_ci NOT NULL,
  `datetime` datetime NOT NULL DEFAULT CURRENT_TIMESTAMP
) ENGINE=InnoDB DEFAULT CHARSET=utf8mb4 COLLATE=utf8mb4_unicode_ci;

--
-- Dumping data untuk tabel `review_tempat`
--

INSERT INTO `review_tempat` (`id`, `id_tempat`, `surel`, `bintang`, `komentar`, `datetime`) VALUES
(3, 7, 'ampas@kosong.com', '5', 'Wow, bagus!', '2018-08-19 15:29:18'),
(4, 4, 'dandyoctavian@gmail.com', '5', 'I know it\'s not a game any more\r\nI swear that I\'ll never fail again\r\nCause don\'t wanna regret any more\r\nCan you hear I\'m calling you?\r\nI just wanna feel you\r\nDon\'t forget to remember so please remember\r\nI hear you are calling me\r\nI want you to feel me\r\nYou know I won\'t surrender never surrender\r\nMy mission I got to execute\r\nI know it\'s not a game any more\r\nI swear that I\'ll never fail again\r\nCause don\'t wanna regret any more', '2018-09-18 09:48:55'),
(5, 5, 'dandyoctavian@gmail.com', '3', 'Josss', '2018-10-08 09:37:36'),
(8, 4, '1234@gmail.com', '4', 'jjjj', '2018-10-17 11:28:50'),
(9, 7, '1234@gmail.com', '3', 'jjj', '2018-10-17 11:46:53');

-- --------------------------------------------------------

--
-- Struktur dari tabel `share_event`
--

CREATE TABLE `share_event` (
  `id` int(12) NOT NULL,
  `id_event` int(12) NOT NULL,
  `surel` varchar(64) COLLATE utf8mb4_unicode_ci NOT NULL
) ENGINE=InnoDB DEFAULT CHARSET=utf8mb4 COLLATE=utf8mb4_unicode_ci;

--
-- Dumping data untuk tabel `share_event`
--

INSERT INTO `share_event` (`id`, `id_event`, `surel`) VALUES
(2, 2, 'ampas@kosong.com'),
(3, 1, '1234@gmail.com'),
(4, 2, '1234@gmail.com'),
(5, 10, '1234@gmail.com');

-- --------------------------------------------------------

--
-- Struktur dari tabel `suka_event`
--

CREATE TABLE `suka_event` (
  `id` int(12) NOT NULL,
  `id_event` int(12) NOT NULL,
  `surel` varchar(64) COLLATE utf8mb4_unicode_ci NOT NULL
) ENGINE=InnoDB DEFAULT CHARSET=utf8mb4 COLLATE=utf8mb4_unicode_ci;

--
-- Dumping data untuk tabel `suka_event`
--

INSERT INTO `suka_event` (`id`, `id_event`, `surel`) VALUES
(3, 2, 'ampas@kosong.com'),
(9, 2, '1234@gmail.com'),
(22, 10, '1234@gmail.com');

-- --------------------------------------------------------

--
-- Struktur dari tabel `tbl_session`
--

CREATE TABLE `tbl_session` (
  `id` varchar(128) COLLATE utf8mb4_unicode_ci NOT NULL,
  `ip_address` varchar(45) COLLATE utf8mb4_unicode_ci NOT NULL,
  `timestamp` int(10) UNSIGNED NOT NULL DEFAULT '0',
  `data` blob NOT NULL
) ENGINE=InnoDB DEFAULT CHARSET=utf8mb4 COLLATE=utf8mb4_unicode_ci;

--
-- Dumping data untuk tabel `tbl_session`
--

INSERT INTO `tbl_session` (`id`, `ip_address`, `timestamp`, `data`) VALUES
('pf1udr2jk0nqvub1620o8gic2o7gmdcd', '::1', 1539665069, 0x5f5f63695f6c6173745f726567656e65726174657c693a313533393636353036393b6c6f676765645f696e7c623a313b6d61696c7c733a31353a2261646d696e40676d61696c2e636f6d223b666e616d7c733a353a2241646d696e223b6c6e616d7c733a373a2242696e7461726f223b6c767c733a313a2231223b666f746f7c733a37393a22687474703a2f2f6c6f63616c686f73742f6874646f63732f6d6167616e672f61737365742f75737069632f38306530663461333362306134636631313564616439646636383466393332352e706e67223b),
('gtopm6k1uekt03gqm9t4d0gtni3sf6np', '::1', 1539666766, 0x5f5f63695f6c6173745f726567656e65726174657c693a313533393636363736363b6c6f676765645f696e7c623a313b6d61696c7c733a31353a2261646d696e40676d61696c2e636f6d223b666e616d7c733a353a2241646d696e223b6c6e616d7c733a373a2242696e7461726f223b6c767c733a313a2231223b666f746f7c733a37393a22687474703a2f2f6c6f63616c686f73742f6874646f63732f6d6167616e672f61737365742f75737069632f38306530663461333362306134636631313564616439646636383466393332352e706e67223b696e666f7c613a313a7b693a303b613a333a7b733a333a2269636f223b733a373a2274692d696e666f223b733a333a22747874223b733a3130343a223c623e5761726e696e673a203c2f623e3c62723e3c693e5468652044657461696c73206669656c64206d757374206f6e6c7920636f6e7461696e2064696769747320616e64206d7573742062652067726561746572207468616e207a65726f2e3c62723e3c2f693e223b733a333a22747970223b733a373a227761726e696e67223b7d7d5f5f63695f766172737c613a313a7b733a343a22696e666f223b733a333a226f6c64223b7d),
('f0tgcg1e2idqg0u5fvt5nf7t36bvcvpg', '::1', 1539667077, 0x5f5f63695f6c6173745f726567656e65726174657c693a313533393636373037373b6c6f676765645f696e7c623a313b6d61696c7c733a31353a2261646d696e40676d61696c2e636f6d223b666e616d7c733a353a2241646d696e223b6c6e616d7c733a373a2242696e7461726f223b6c767c733a313a2231223b666f746f7c733a37393a22687474703a2f2f6c6f63616c686f73742f6874646f63732f6d6167616e672f61737365742f75737069632f38306530663461333362306134636631313564616439646636383466393332352e706e67223b),
('4vd43r9ku4f4ns4na02lp0ukmr42slma', '::1', 1539667403, 0x5f5f63695f6c6173745f726567656e65726174657c693a313533393636373430333b6c6f676765645f696e7c623a313b6d61696c7c733a31353a2261646d696e40676d61696c2e636f6d223b666e616d7c733a353a2241646d696e223b6c6e616d7c733a373a2242696e7461726f223b6c767c733a313a2231223b666f746f7c733a37393a22687474703a2f2f6c6f63616c686f73742f6874646f63732f6d6167616e672f61737365742f75737069632f38306530663461333362306134636631313564616439646636383466393332352e706e67223b696e666f7c613a313a7b693a303b613a333a7b733a333a2269636f223b733a373a2274692d696e666f223b733a333a22747874223b733a39333a223c623e4572726f723a203c2f623e3c62723e3c693e496e76616c6964204164647265737320526571756573742e3c62723e3c7375623e416464726573732069732043616e7420626520556e64657273746f6f643c2f7375623e3c2f693e223b733a333a22747970223b733a363a2264616e676572223b7d7d5f5f63695f766172737c613a313a7b733a343a22696e666f223b733a333a226f6c64223b7d),
('a3ucr41djck68m47hqaab9fb0rve5950', '::1', 1539667706, 0x5f5f63695f6c6173745f726567656e65726174657c693a313533393636373730363b6c6f676765645f696e7c623a313b6d61696c7c733a31353a2261646d696e40676d61696c2e636f6d223b666e616d7c733a353a2241646d696e223b6c6e616d7c733a373a2242696e7461726f223b6c767c733a313a2231223b666f746f7c733a37393a22687474703a2f2f6c6f63616c686f73742f6874646f63732f6d6167616e672f61737365742f75737069632f38306530663461333362306134636631313564616439646636383466393332352e706e67223b),
('sj4clcgvbsjogl7i164m5vdqrntcqojv', '::1', 1539668822, 0x5f5f63695f6c6173745f726567656e65726174657c693a313533393636383832323b6c6f676765645f696e7c623a313b6d61696c7c733a31353a2261646d696e40676d61696c2e636f6d223b666e616d7c733a353a2241646d696e223b6c6e616d7c733a373a2242696e7461726f223b6c767c733a313a2231223b666f746f7c733a37393a22687474703a2f2f6c6f63616c686f73742f6874646f63732f6d6167616e672f61737365742f75737069632f38306530663461333362306134636631313564616439646636383466393332352e706e67223b),
('mlm10iu7al1uv6cc5bre2dd8the5pv0c', '::1', 1539669254, 0x5f5f63695f6c6173745f726567656e65726174657c693a313533393636393235343b6c6f676765645f696e7c623a313b6d61696c7c733a31353a2261646d696e40676d61696c2e636f6d223b666e616d7c733a353a2241646d696e223b6c6e616d7c733a373a2242696e7461726f223b6c767c733a313a2231223b666f746f7c733a37393a22687474703a2f2f6c6f63616c686f73742f6874646f63732f6d6167616e672f61737365742f75737069632f38306530663461333362306134636631313564616439646636383466393332352e706e67223b),
('b8i80g8at32cnetdm9hhlfucejp5cfnn', '::1', 1539670608, 0x5f5f63695f6c6173745f726567656e65726174657c693a313533393637303630383b6c6f676765645f696e7c623a313b6d61696c7c733a31353a2261646d696e40676d61696c2e636f6d223b666e616d7c733a353a2241646d696e223b6c6e616d7c733a373a2242696e7461726f223b6c767c733a313a2231223b666f746f7c733a37393a22687474703a2f2f6c6f63616c686f73742f6874646f63732f6d6167616e672f61737365742f75737069632f38306530663461333362306134636631313564616439646636383466393332352e706e67223b),
('vtqs4evtfhiuljv8ald8selpivjjsfms', '::1', 1539671259, 0x5f5f63695f6c6173745f726567656e65726174657c693a313533393637313235393b6c6f676765645f696e7c623a313b6d61696c7c733a31353a2261646d696e40676d61696c2e636f6d223b666e616d7c733a353a2241646d696e223b6c6e616d7c733a373a2242696e7461726f223b6c767c733a313a2231223b666f746f7c733a37393a22687474703a2f2f6c6f63616c686f73742f6874646f63732f6d6167616e672f61737365742f75737069632f38306530663461333362306134636631313564616439646636383466393332352e706e67223b),
('5s1tj0pvhfpoor87mf9hg9ra8jdcp217', '::1', 1539672161, 0x5f5f63695f6c6173745f726567656e65726174657c693a313533393637323136313b6c6f676765645f696e7c623a313b6d61696c7c733a31353a2261646d696e40676d61696c2e636f6d223b666e616d7c733a353a2241646d696e223b6c6e616d7c733a373a2242696e7461726f223b6c767c733a313a2231223b666f746f7c733a37393a22687474703a2f2f6c6f63616c686f73742f6874646f63732f6d6167616e672f61737365742f75737069632f38306530663461333362306134636631313564616439646636383466393332352e706e67223b),
('qeiqatb1cvos836tta26l7dcacmilvu2', '::1', 1539672673, 0x5f5f63695f6c6173745f726567656e65726174657c693a313533393637323637333b6c6f676765645f696e7c623a313b6d61696c7c733a31353a2261646d696e40676d61696c2e636f6d223b666e616d7c733a353a2241646d696e223b6c6e616d7c733a373a2242696e7461726f223b6c767c733a313a2231223b666f746f7c733a37393a22687474703a2f2f6c6f63616c686f73742f6874646f63732f6d6167616e672f61737365742f75737069632f38306530663461333362306134636631313564616439646636383466393332352e706e67223b),
('11e3e2bjfu7hgd26pq67pk1808dbsg7p', '::1', 1539672975, 0x5f5f63695f6c6173745f726567656e65726174657c693a313533393637323937353b6c6f676765645f696e7c623a313b6d61696c7c733a31353a2261646d696e40676d61696c2e636f6d223b666e616d7c733a353a2241646d696e223b6c6e616d7c733a373a2242696e7461726f223b6c767c733a313a2231223b666f746f7c733a37393a22687474703a2f2f6c6f63616c686f73742f6874646f63732f6d6167616e672f61737365742f75737069632f38306530663461333362306134636631313564616439646636383466393332352e706e67223b),
('e8spmavvi362l26hhkkbkjrfionlmuch', '::1', 1539673332, 0x5f5f63695f6c6173745f726567656e65726174657c693a313533393637333333323b6c6f676765645f696e7c623a313b6d61696c7c733a31353a2261646d696e40676d61696c2e636f6d223b666e616d7c733a353a2241646d696e223b6c6e616d7c733a373a2242696e7461726f223b6c767c733a313a2231223b666f746f7c733a37393a22687474703a2f2f6c6f63616c686f73742f6874646f63732f6d6167616e672f61737365742f75737069632f38306530663461333362306134636631313564616439646636383466393332352e706e67223b696e666f7c613a333a7b693a303b613a333a7b733a333a2269636f223b733a383a2274692d636865636b223b733a333a22747874223b733a35393a223c623e4f4b3a20476f6f64732053686f70203c2f623e3c62723e3c693e426f746f6c204d696e756d202623383233303b206164646564213c2f623e223b733a333a22747970223b733a373a2273756363657373223b7d693a313b613a333a7b733a333a2269636f223b733a383a2274692d636865636b223b733a333a22747874223b733a35393a223c623e4f4b3a2053686f702050686f746f203c2f623e3c62723e3c693e426f746f6c204d696e756d202623383233303b206164646564213c2f623e223b733a333a22747970223b733a373a2273756363657373223b7d693a323b613a333a7b733a333a2269636f223b733a373a2274692d696e666f223b733a333a22747874223b733a37383a223c623e496e666f3a2050686f746f20303c2f623e3c62723e3c693e203a3a203c703e596f7520646964206e6f742073656c65637420612066696c6520746f2075706c6f61642e3c2f703e3c2f623e223b733a333a22747970223b733a373a227761726e696e67223b7d7d5f5f63695f766172737c613a313a7b733a343a22696e666f223b733a333a226f6c64223b7d),
('j0uvo1sltb43tujee8hjtrlt3t1hracb', '::1', 1539674007, 0x5f5f63695f6c6173745f726567656e65726174657c693a313533393637343030373b6c6f676765645f696e7c623a313b6d61696c7c733a31353a2261646d696e40676d61696c2e636f6d223b666e616d7c733a353a2241646d696e223b6c6e616d7c733a373a2242696e7461726f223b6c767c733a313a2231223b666f746f7c733a37393a22687474703a2f2f6c6f63616c686f73742f6874646f63732f6d6167616e672f61737365742f75737069632f38306530663461333362306134636631313564616439646636383466393332352e706e67223b696e666f7c613a333a7b693a303b613a333a7b733a333a2269636f223b733a383a2274692d636865636b223b733a333a22747874223b733a35393a223c623e4f4b3a20476f6f64732053686f70203c2f623e3c62723e3c693e426f746f6c204d696e756d202623383233303b206164646564213c2f623e223b733a333a22747970223b733a373a2273756363657373223b7d693a313b613a333a7b733a333a2269636f223b733a383a2274692d636865636b223b733a333a22747874223b733a35393a223c623e4f4b3a2053686f702050686f746f203c2f623e3c62723e3c693e426f746f6c204d696e756d202623383233303b206164646564213c2f623e223b733a333a22747970223b733a373a2273756363657373223b7d693a323b613a333a7b733a333a2269636f223b733a373a2274692d696e666f223b733a333a22747874223b733a3132313a223c623e496e666f3a2050686f746f20303c2f623e3c62723e3c693e203a3a203c703e596f7520646964206e6f742073656c65637420612066696c6520746f2075706c6f61642e3c2f703e3c703e596f7520646964206e6f742073656c65637420612066696c6520746f2075706c6f61642e3c2f703e3c2f623e223b733a333a22747970223b733a373a227761726e696e67223b7d7d5f5f63695f766172737c613a313a7b733a343a22696e666f223b733a333a226f6c64223b7d),
('72d7m31i5vp0rtr9tfq73olasg77oumo', '::1', 1539674421, 0x5f5f63695f6c6173745f726567656e65726174657c693a313533393637343432313b6c6f676765645f696e7c623a313b6d61696c7c733a31353a2261646d696e40676d61696c2e636f6d223b666e616d7c733a353a2241646d696e223b6c6e616d7c733a373a2242696e7461726f223b6c767c733a313a2231223b666f746f7c733a37393a22687474703a2f2f6c6f63616c686f73742f6874646f63732f6d6167616e672f61737365742f75737069632f38306530663461333362306134636631313564616439646636383466393332352e706e67223b696e666f7c613a353a7b693a303b613a333a7b733a333a2269636f223b733a383a2274692d636865636b223b733a333a22747874223b733a35393a223c623e4f4b3a20476f6f64732053686f70203c2f623e3c62723e3c693e426f746f6c204d696e756d202623383233303b206164646564213c2f623e223b733a333a22747970223b733a373a2273756363657373223b7d693a313b613a333a7b733a333a2269636f223b733a383a2274692d636865636b223b733a333a22747874223b733a35393a223c623e4f4b3a2053686f702050686f746f203c2f623e3c62723e3c693e426f746f6c204d696e756d202623383233303b206164646564213c2f623e223b733a333a22747970223b733a373a2273756363657373223b7d693a323b613a333a7b733a333a2269636f223b733a373a2274692d696e666f223b733a333a22747874223b733a3132313a223c623e496e666f3a2050686f746f20303c2f623e3c62723e3c693e203a3a203c703e596f7520646964206e6f742073656c65637420612066696c6520746f2075706c6f61642e3c2f703e3c703e596f7520646964206e6f742073656c65637420612066696c6520746f2075706c6f61642e3c2f703e3c2f623e223b733a333a22747970223b733a373a227761726e696e67223b7d693a333b613a333a7b733a333a2269636f223b733a373a2274692d696e666f223b733a333a22747874223b733a3132313a223c623e496e666f3a2050686f746f20303c2f623e3c62723e3c693e203a3a203c703e596f7520646964206e6f742073656c65637420612066696c6520746f2075706c6f61642e3c2f703e3c703e596f7520646964206e6f742073656c65637420612066696c6520746f2075706c6f61642e3c2f703e3c2f623e223b733a333a22747970223b733a373a227761726e696e67223b7d693a343b613a333a7b733a333a2269636f223b733a373a2274692d696e666f223b733a333a22747874223b733a3132313a223c623e496e666f3a2050686f746f20303c2f623e3c62723e3c693e203a3a203c703e596f7520646964206e6f742073656c65637420612066696c6520746f2075706c6f61642e3c2f703e3c703e596f7520646964206e6f742073656c65637420612066696c6520746f2075706c6f61642e3c2f703e3c2f623e223b733a333a22747970223b733a373a227761726e696e67223b7d7d5f5f63695f766172737c613a313a7b733a343a22696e666f223b733a333a226f6c64223b7d),
('v2kp6c5sq5kmudsj8bbi9ocudnmq0mkv', '::1', 1539675164, 0x5f5f63695f6c6173745f726567656e65726174657c693a313533393637353136343b6c6f676765645f696e7c623a313b6d61696c7c733a31353a2261646d696e40676d61696c2e636f6d223b666e616d7c733a353a2241646d696e223b6c6e616d7c733a373a2242696e7461726f223b6c767c733a313a2231223b666f746f7c733a37393a22687474703a2f2f6c6f63616c686f73742f6874646f63732f6d6167616e672f61737365742f75737069632f38306530663461333362306134636631313564616439646636383466393332352e706e67223b696e666f7c613a333a7b693a303b613a333a7b733a333a2269636f223b733a383a2274692d636865636b223b733a333a22747874223b733a35393a223c623e4f4b3a20476f6f64732053686f70203c2f623e3c62723e3c693e426f746f6c204d696e756d202623383233303b206164646564213c2f623e223b733a333a22747970223b733a373a2273756363657373223b7d693a313b613a333a7b733a333a2269636f223b733a383a2274692d636865636b223b733a333a22747874223b733a35393a223c623e4f4b3a2053686f702050686f746f203c2f623e3c62723e3c693e426f746f6c204d696e756d202623383233303b206164646564213c2f623e223b733a333a22747970223b733a373a2273756363657373223b7d693a323b613a333a7b733a333a2269636f223b733a373a2274692d696e666f223b733a333a22747874223b733a38343a223c623e496e666f3a2050686f746f2044657461696c2069733a203c2f623e3c62723e3c693e3c703e596f7520646964206e6f742073656c65637420612066696c6520746f2075706c6f61642e3c2f703e3c2f623e223b733a333a22747970223b733a373a227761726e696e67223b7d7d5f5f63695f766172737c613a313a7b733a343a22696e666f223b733a333a226f6c64223b7d),
('sf148s34ssi6eh3ii3852dvo9nh8eg2f', '::1', 1539675476, 0x5f5f63695f6c6173745f726567656e65726174657c693a313533393637353437363b6c6f676765645f696e7c623a313b6d61696c7c733a31353a2261646d696e40676d61696c2e636f6d223b666e616d7c733a353a2241646d696e223b6c6e616d7c733a373a2242696e7461726f223b6c767c733a313a2231223b666f746f7c733a37393a22687474703a2f2f6c6f63616c686f73742f6874646f63732f6d6167616e672f61737365742f75737069632f38306530663461333362306134636631313564616439646636383466393332352e706e67223b),
('ik6oepqk3d56o6p4grv3dop229g7u25v', '::1', 1539675813, 0x5f5f63695f6c6173745f726567656e65726174657c693a313533393637353831333b6c6f676765645f696e7c623a313b6d61696c7c733a31353a2261646d696e40676d61696c2e636f6d223b666e616d7c733a353a2241646d696e223b6c6e616d7c733a373a2242696e7461726f223b6c767c733a313a2231223b666f746f7c733a37393a22687474703a2f2f6c6f63616c686f73742f6874646f63732f6d6167616e672f61737365742f75737069632f38306530663461333362306134636631313564616439646636383466393332352e706e67223b),
('qnp0h6qqroomgmauvqh93k8kd517i0v0', '::1', 1539677925, 0x5f5f63695f6c6173745f726567656e65726174657c693a313533393637373932353b6c6f676765645f696e7c623a313b6d61696c7c733a31353a2261646d696e40676d61696c2e636f6d223b666e616d7c733a353a2241646d696e223b6c6e616d7c733a373a2242696e7461726f223b6c767c733a313a2231223b666f746f7c733a37393a22687474703a2f2f6c6f63616c686f73742f6874646f63732f6d6167616e672f61737365742f75737069632f38306530663461333362306134636631313564616439646636383466393332352e706e67223b696e666f7c613a353a7b693a303b613a333a7b733a333a2269636f223b733a383a2274692d636865636b223b733a333a22747874223b733a35393a223c623e4f4b3a20476f6f64732053686f70203c2f623e3c62723e3c693e426f746f6c204d696e756d202623383233303b206164646564213c2f623e223b733a333a22747970223b733a373a2273756363657373223b7d693a313b613a333a7b733a333a2269636f223b733a383a2274692d636865636b223b733a333a22747874223b733a35393a223c623e4f4b3a2053686f702050686f746f203c2f623e3c62723e3c693e426f746f6c204d696e756d202623383233303b206164646564213c2f623e223b733a333a22747970223b733a373a2273756363657373223b7d693a323b613a333a7b733a333a2269636f223b733a373a2274692d696e666f223b733a333a22747874223b733a38383a223c623e496e666f3a2050686f746f2041727261795b6e616d655d3c2f623e3c62723e3c693e203a3a203c703e596f7520646964206e6f742073656c65637420612066696c6520746f2075706c6f61642e3c2f703e3c2f623e223b733a333a22747970223b733a373a227761726e696e67223b7d693a333b613a333a7b733a333a2269636f223b733a373a2274692d696e666f223b733a333a22747874223b733a3133313a223c623e496e666f3a2050686f746f2041727261795b6e616d655d3c2f623e3c62723e3c693e203a3a203c703e596f7520646964206e6f742073656c65637420612066696c6520746f2075706c6f61642e3c2f703e3c703e596f7520646964206e6f742073656c65637420612066696c6520746f2075706c6f61642e3c2f703e3c2f623e223b733a333a22747970223b733a373a227761726e696e67223b7d693a343b613a333a7b733a333a2269636f223b733a373a2274692d696e666f223b733a333a22747874223b733a3137343a223c623e496e666f3a2050686f746f2041727261795b6e616d655d3c2f623e3c62723e3c693e203a3a203c703e596f7520646964206e6f742073656c65637420612066696c6520746f2075706c6f61642e3c2f703e3c703e596f7520646964206e6f742073656c65637420612066696c6520746f2075706c6f61642e3c2f703e3c703e596f7520646964206e6f742073656c65637420612066696c6520746f2075706c6f61642e3c2f703e3c2f623e223b733a333a22747970223b733a373a227761726e696e67223b7d7d5f5f63695f766172737c613a313a7b733a343a22696e666f223b733a333a226e6577223b7d),
('mbkkcbsl2m8u49grp337lcld4cm4okmr', '::1', 1539678250, 0x5f5f63695f6c6173745f726567656e65726174657c693a313533393637383235303b6c6f676765645f696e7c623a313b6d61696c7c733a31353a2261646d696e40676d61696c2e636f6d223b666e616d7c733a353a2241646d696e223b6c6e616d7c733a373a2242696e7461726f223b6c767c733a313a2231223b666f746f7c733a37393a22687474703a2f2f6c6f63616c686f73742f6874646f63732f6d6167616e672f61737365742f75737069632f38306530663461333362306134636631313564616439646636383466393332352e706e67223b696e666f7c613a373a7b693a303b613a333a7b733a333a2269636f223b733a383a2274692d636865636b223b733a333a22747874223b733a35393a223c623e4f4b3a20476f6f64732053686f70203c2f623e3c62723e3c693e426f746f6c204d696e756d202623383233303b206164646564213c2f623e223b733a333a22747970223b733a373a2273756363657373223b7d693a313b613a333a7b733a333a2269636f223b733a383a2274692d636865636b223b733a333a22747874223b733a35393a223c623e4f4b3a2053686f702050686f746f203c2f623e3c62723e3c693e426f746f6c204d696e756d202623383233303b206164646564213c2f623e223b733a333a22747970223b733a373a2273756363657373223b7d693a323b613a333a7b733a333a2269636f223b733a373a2274692d696e666f223b733a333a22747874223b733a38383a223c623e496e666f3a2050686f746f2041727261795b6e616d655d3c2f623e3c62723e3c693e203a3a203c703e596f7520646964206e6f742073656c65637420612066696c6520746f2075706c6f61642e3c2f703e3c2f623e223b733a333a22747970223b733a373a227761726e696e67223b7d693a333b613a333a7b733a333a2269636f223b733a373a2274692d696e666f223b733a333a22747874223b733a3133313a223c623e496e666f3a2050686f746f2041727261795b6e616d655d3c2f623e3c62723e3c693e203a3a203c703e596f7520646964206e6f742073656c65637420612066696c6520746f2075706c6f61642e3c2f703e3c703e596f7520646964206e6f742073656c65637420612066696c6520746f2075706c6f61642e3c2f703e3c2f623e223b733a333a22747970223b733a373a227761726e696e67223b7d693a343b613a333a7b733a333a2269636f223b733a373a2274692d696e666f223b733a333a22747874223b733a3137343a223c623e496e666f3a2050686f746f2041727261795b6e616d655d3c2f623e3c62723e3c693e203a3a203c703e596f7520646964206e6f742073656c65637420612066696c6520746f2075706c6f61642e3c2f703e3c703e596f7520646964206e6f742073656c65637420612066696c6520746f2075706c6f61642e3c2f703e3c703e596f7520646964206e6f742073656c65637420612066696c6520746f2075706c6f61642e3c2f703e3c2f623e223b733a333a22747970223b733a373a227761726e696e67223b7d693a353b613a333a7b733a333a2269636f223b733a373a2274692d696e666f223b733a333a22747874223b733a3231373a223c623e496e666f3a2050686f746f2041727261795b6e616d655d3c2f623e3c62723e3c693e203a3a203c703e596f7520646964206e6f742073656c65637420612066696c6520746f2075706c6f61642e3c2f703e3c703e596f7520646964206e6f742073656c65637420612066696c6520746f2075706c6f61642e3c2f703e3c703e596f7520646964206e6f742073656c65637420612066696c6520746f2075706c6f61642e3c2f703e3c703e596f7520646964206e6f742073656c65637420612066696c6520746f2075706c6f61642e3c2f703e3c2f623e223b733a333a22747970223b733a373a227761726e696e67223b7d693a363b613a333a7b733a333a2269636f223b733a373a2274692d696e666f223b733a333a22747874223b733a3236303a223c623e496e666f3a2050686f746f2041727261795b6e616d655d3c2f623e3c62723e3c693e203a3a203c703e596f7520646964206e6f742073656c65637420612066696c6520746f2075706c6f61642e3c2f703e3c703e596f7520646964206e6f742073656c65637420612066696c6520746f2075706c6f61642e3c2f703e3c703e596f7520646964206e6f742073656c65637420612066696c6520746f2075706c6f61642e3c2f703e3c703e596f7520646964206e6f742073656c65637420612066696c6520746f2075706c6f61642e3c2f703e3c703e596f7520646964206e6f742073656c65637420612066696c6520746f2075706c6f61642e3c2f703e3c2f623e223b733a333a22747970223b733a373a227761726e696e67223b7d7d5f5f63695f766172737c613a313a7b733a343a22696e666f223b733a333a226e6577223b7d),
('mdnejuts1c2dfegerg8j4k04ln3nmrfi', '::1', 1539678554, 0x5f5f63695f6c6173745f726567656e65726174657c693a313533393637383535343b6c6f676765645f696e7c623a313b6d61696c7c733a31353a2261646d696e40676d61696c2e636f6d223b666e616d7c733a353a2241646d696e223b6c6e616d7c733a373a2242696e7461726f223b6c767c733a313a2231223b666f746f7c733a37393a22687474703a2f2f6c6f63616c686f73742f6874646f63732f6d6167616e672f61737365742f75737069632f38306530663461333362306134636631313564616439646636383466393332352e706e67223b696e666f7c613a353a7b693a303b613a333a7b733a333a2269636f223b733a383a2274692d636865636b223b733a333a22747874223b733a35393a223c623e4f4b3a20476f6f64732053686f70203c2f623e3c62723e3c693e426f746f6c204d696e756d202623383233303b206164646564213c2f623e223b733a333a22747970223b733a373a2273756363657373223b7d693a313b613a333a7b733a333a2269636f223b733a383a2274692d636865636b223b733a333a22747874223b733a35393a223c623e4f4b3a2053686f702050686f746f203c2f623e3c62723e3c693e426f746f6c204d696e756d202623383233303b206164646564213c2f623e223b733a333a22747970223b733a373a2273756363657373223b7d693a323b613a333a7b733a333a2269636f223b733a373a2274692d696e666f223b733a333a22747874223b733a38383a223c623e496e666f3a2050686f746f2041727261795b6e616d655d3c2f623e3c62723e3c693e203a3a203c703e596f7520646964206e6f742073656c65637420612066696c6520746f2075706c6f61642e3c2f703e3c2f623e223b733a333a22747970223b733a373a227761726e696e67223b7d693a333b613a333a7b733a333a2269636f223b733a373a2274692d696e666f223b733a333a22747874223b733a3133313a223c623e496e666f3a2050686f746f2041727261795b6e616d655d3c2f623e3c62723e3c693e203a3a203c703e596f7520646964206e6f742073656c65637420612066696c6520746f2075706c6f61642e3c2f703e3c703e596f7520646964206e6f742073656c65637420612066696c6520746f2075706c6f61642e3c2f703e3c2f623e223b733a333a22747970223b733a373a227761726e696e67223b7d693a343b613a333a7b733a333a2269636f223b733a373a2274692d696e666f223b733a333a22747874223b733a3137343a223c623e496e666f3a2050686f746f2041727261795b6e616d655d3c2f623e3c62723e3c693e203a3a203c703e596f7520646964206e6f742073656c65637420612066696c6520746f2075706c6f61642e3c2f703e3c703e596f7520646964206e6f742073656c65637420612066696c6520746f2075706c6f61642e3c2f703e3c703e596f7520646964206e6f742073656c65637420612066696c6520746f2075706c6f61642e3c2f703e3c2f623e223b733a333a22747970223b733a373a227761726e696e67223b7d7d5f5f63695f766172737c613a313a7b733a343a22696e666f223b733a333a226f6c64223b7d),
('clq0coboknjvqtetk87s34kotod72kjj', '::1', 1539679080, 0x5f5f63695f6c6173745f726567656e65726174657c693a313533393637393038303b6c6f676765645f696e7c623a313b6d61696c7c733a31353a2261646d696e40676d61696c2e636f6d223b666e616d7c733a353a2241646d696e223b6c6e616d7c733a373a2242696e7461726f223b6c767c733a313a2231223b666f746f7c733a37393a22687474703a2f2f6c6f63616c686f73742f6874646f63732f6d6167616e672f61737365742f75737069632f38306530663461333362306134636631313564616439646636383466393332352e706e67223b),
('9b8didsq1vsj0sgd4dhgusicsqb32g03', '::1', 1539679465, 0x5f5f63695f6c6173745f726567656e65726174657c693a313533393637393436353b6c6f676765645f696e7c623a313b6d61696c7c733a31353a2261646d696e40676d61696c2e636f6d223b666e616d7c733a353a2241646d696e223b6c6e616d7c733a373a2242696e7461726f223b6c767c733a313a2231223b666f746f7c733a37393a22687474703a2f2f6c6f63616c686f73742f6874646f63732f6d6167616e672f61737365742f75737069632f38306530663461333362306134636631313564616439646636383466393332352e706e67223b),
('fu9ul2fo497pqmqvloalo8rs2n21h7r0', '::1', 1539679964, 0x5f5f63695f6c6173745f726567656e65726174657c693a313533393637393936343b6c6f676765645f696e7c623a313b6d61696c7c733a31353a2261646d696e40676d61696c2e636f6d223b666e616d7c733a353a2241646d696e223b6c6e616d7c733a373a2242696e7461726f223b6c767c733a313a2231223b666f746f7c733a37393a22687474703a2f2f6c6f63616c686f73742f6874646f63732f6d6167616e672f61737365742f75737069632f38306530663461333362306134636631313564616439646636383466393332352e706e67223b),
('8jk5m7as687bopf3a5fn30piacem28et', '::1', 1539680341, 0x5f5f63695f6c6173745f726567656e65726174657c693a313533393638303334313b6c6f676765645f696e7c623a313b6d61696c7c733a31353a2261646d696e40676d61696c2e636f6d223b666e616d7c733a353a2241646d696e223b6c6e616d7c733a373a2242696e7461726f223b6c767c733a313a2231223b666f746f7c733a37393a22687474703a2f2f6c6f63616c686f73742f6874646f63732f6d6167616e672f61737365742f75737069632f38306530663461333362306134636631313564616439646636383466393332352e706e67223b),
('as4pjg63kp6dd6ifqrmqugapj8er1j41', '::1', 1539684652, 0x5f5f63695f6c6173745f726567656e65726174657c693a313533393638343635323b6c6f676765645f696e7c623a313b6d61696c7c733a31353a2261646d696e40676d61696c2e636f6d223b666e616d7c733a353a2241646d696e223b6c6e616d7c733a373a2242696e7461726f223b6c767c733a313a2231223b666f746f7c733a37393a22687474703a2f2f6c6f63616c686f73742f6874646f63732f6d6167616e672f61737365742f75737069632f38306530663461333362306134636631313564616439646636383466393332352e706e67223b696e666f7c613a323a7b693a303b613a333a7b733a333a2269636f223b733a383a2274692d636865636b223b733a333a22747874223b733a35393a223c623e4f4b3a20476f6f64732053686f70203c2f623e3c62723e3c693e426f746f6c204d696e756d202623383233303b206164646564213c2f623e223b733a333a22747970223b733a373a2273756363657373223b7d693a313b613a333a7b733a333a2269636f223b733a383a2274692d636865636b223b733a333a22747874223b733a35393a223c623e4f4b3a2053686f702050686f746f203c2f623e3c62723e3c693e426f746f6c204d696e756d202623383233303b206164646564213c2f623e223b733a333a22747970223b733a373a2273756363657373223b7d7d5f5f63695f766172737c613a313a7b733a343a22696e666f223b733a333a226f6c64223b7d),
('fqod36lcdc4mdq3sdcrk8epvbgse97c0', '::1', 1539684653, 0x5f5f63695f6c6173745f726567656e65726174657c693a313533393638343635333b),
('06etgmq740ik7utrrg9rbjm6i669ttoh', '::1', 1539744328, 0x5f5f63695f6c6173745f726567656e65726174657c693a313533393734343332383b6c6f676765645f696e7c623a313b6d61696c7c733a31353a2261646d696e40676d61696c2e636f6d223b666e616d7c733a353a2241646d696e223b6c6e616d7c733a373a2242696e7461726f223b6c767c733a313a2231223b666f746f7c733a37393a22687474703a2f2f6c6f63616c686f73742f6874646f63732f6d6167616e672f61737365742f75737069632f38306530663461333362306134636631313564616439646636383466393332352e706e67223b696e666f7c613a313a7b693a303b613a333a7b733a333a2269636f223b733a383a2274692d636865636b223b733a333a22747874223b733a37343a223c623e57656c636f6d6520746f3a203c2f623e3c62723e3c693e526566696c6c204d7920426f74746c652041646d696e2050616765202741646d696e2042696e7461726f27213c2f693e223b733a333a22747970223b733a373a2273756363657373223b7d7d5f5f63695f766172737c613a313a7b733a343a22696e666f223b733a333a226f6c64223b7d),
('lrngtfqrimrdod04mks7d0hk37u051vh', '::1', 1539744696, 0x5f5f63695f6c6173745f726567656e65726174657c693a313533393734343639363b6c6f676765645f696e7c623a313b6d61696c7c733a31353a2261646d696e40676d61696c2e636f6d223b666e616d7c733a353a2241646d696e223b6c6e616d7c733a373a2242696e7461726f223b6c767c733a313a2231223b666f746f7c733a37393a22687474703a2f2f6c6f63616c686f73742f6874646f63732f6d6167616e672f61737365742f75737069632f38306530663461333362306134636631313564616439646636383466393332352e706e67223b),
('fdf48bic00a3kv8eet8gfcqq4jsdhu9a', '::1', 1539746233, 0x5f5f63695f6c6173745f726567656e65726174657c693a313533393734363233333b6c6f676765645f696e7c623a313b6d61696c7c733a31353a2261646d696e40676d61696c2e636f6d223b666e616d7c733a353a2241646d696e223b6c6e616d7c733a373a2242696e7461726f223b6c767c733a313a2231223b666f746f7c733a37393a22687474703a2f2f6c6f63616c686f73742f6874646f63732f6d6167616e672f61737365742f75737069632f38306530663461333362306134636631313564616439646636383466393332352e706e67223b),
('t8uch2q6g0qu39f4dm171k86rrnd297q', '::1', 1539746286, 0x5f5f63695f6c6173745f726567656e65726174657c693a313533393734363235363b6c6f676765645f696e7c623a313b6d61696c7c733a31333a2261626340676d61696c2e636f6d223b666e616d7c733a353a2241646d696e223b6c6e616d7c733a333a22526d62223b6c767c733a313a2230223b666f746f7c733a35343a22687474703a2f2f6c6f63616c686f73742f6874646f63732f6d6167616e672f61737365742f75737069632f64656661756c742e706e67223b),
('1f35oal6iad699t3udj3ivcbr9gtbf2i', '::1', 1539829983, 0x5f5f63695f6c6173745f726567656e65726174657c693a313533393832393938333b6c6f676765645f696e7c623a313b6d61696c7c733a31353a2261646d696e40676d61696c2e636f6d223b666e616d7c733a353a2241646d696e223b6c6e616d7c733a373a2242696e7461726f223b6c767c733a313a2231223b666f746f7c733a37393a22687474703a2f2f6c6f63616c686f73742f6874646f63732f6d6167616e672f61737365742f75737069632f38306530663461333362306134636631313564616439646636383466393332352e706e67223b696e666f7c613a313a7b693a303b613a333a7b733a333a2269636f223b733a383a2274692d636865636b223b733a333a22747874223b733a37343a223c623e57656c636f6d6520746f3a203c2f623e3c62723e3c693e526566696c6c204d7920426f74746c652041646d696e2050616765202741646d696e2042696e7461726f27213c2f693e223b733a333a22747970223b733a373a2273756363657373223b7d7d5f5f63695f766172737c613a313a7b733a343a22696e666f223b733a333a226f6c64223b7d),
('fkrq70j9l6sf5bca03v8deau0k3b627b', '::1', 1539830969, 0x5f5f63695f6c6173745f726567656e65726174657c693a313533393833303936393b6c6f676765645f696e7c623a313b6d61696c7c733a31353a2261646d696e40676d61696c2e636f6d223b666e616d7c733a353a2241646d696e223b6c6e616d7c733a373a2242696e7461726f223b6c767c733a313a2231223b666f746f7c733a37393a22687474703a2f2f6c6f63616c686f73742f6874646f63732f6d6167616e672f61737365742f75737069632f38306530663461333362306134636631313564616439646636383466393332352e706e67223b),
('a78r28j2aagftpesm44s4dt140l0b498', '::1', 1539831863, 0x5f5f63695f6c6173745f726567656e65726174657c693a313533393833313836333b6c6f676765645f696e7c623a313b6d61696c7c733a31353a2261646d696e40676d61696c2e636f6d223b666e616d7c733a353a2241646d696e223b6c6e616d7c733a373a2242696e7461726f223b6c767c733a313a2231223b666f746f7c733a37393a22687474703a2f2f6c6f63616c686f73742f6874646f63732f6d6167616e672f61737365742f75737069632f38306530663461333362306134636631313564616439646636383466393332352e706e67223b),
('drv48evoj8l1eb0s02muga47d7hb8t0d', '::1', 1539832213, 0x5f5f63695f6c6173745f726567656e65726174657c693a313533393833323231333b6c6f676765645f696e7c623a313b6d61696c7c733a31353a2261646d696e40676d61696c2e636f6d223b666e616d7c733a353a2241646d696e223b6c6e616d7c733a373a2242696e7461726f223b6c767c733a313a2231223b666f746f7c733a37393a22687474703a2f2f6c6f63616c686f73742f6874646f63732f6d6167616e672f61737365742f75737069632f38306530663461333362306134636631313564616439646636383466393332352e706e67223b),
('95icmluk7dcepug5jan7anr5uqvml57o', '::1', 1539833215, 0x5f5f63695f6c6173745f726567656e65726174657c693a313533393833333231353b6c6f676765645f696e7c623a313b6d61696c7c733a31353a2261646d696e40676d61696c2e636f6d223b666e616d7c733a353a2241646d696e223b6c6e616d7c733a373a2242696e7461726f223b6c767c733a313a2231223b666f746f7c733a37393a22687474703a2f2f6c6f63616c686f73742f6874646f63732f6d6167616e672f61737365742f75737069632f38306530663461333362306134636631313564616439646636383466393332352e706e67223b),
('7igjfqr28q7n91u7059neonih7stqefv', '::1', 1539834188, 0x5f5f63695f6c6173745f726567656e65726174657c693a313533393833343138383b6c6f676765645f696e7c623a313b6d61696c7c733a31353a2261646d696e40676d61696c2e636f6d223b666e616d7c733a353a2241646d696e223b6c6e616d7c733a373a2242696e7461726f223b6c767c733a313a2231223b666f746f7c733a37393a22687474703a2f2f6c6f63616c686f73742f6874646f63732f6d6167616e672f61737365742f75737069632f38306530663461333362306134636631313564616439646636383466393332352e706e67223b),
('ck137bjkkdl1i6dnee7kt97oereu6gjt', '::1', 1539834525, 0x5f5f63695f6c6173745f726567656e65726174657c693a313533393833343532353b6c6f676765645f696e7c623a313b6d61696c7c733a31353a2261646d696e40676d61696c2e636f6d223b666e616d7c733a353a2241646d696e223b6c6e616d7c733a373a2242696e7461726f223b6c767c733a313a2231223b666f746f7c733a37393a22687474703a2f2f6c6f63616c686f73742f6874646f63732f6d6167616e672f61737365742f75737069632f38306530663461333362306134636631313564616439646636383466393332352e706e67223b),
('pansl2kb48dcer7efv9n8fseiaftn1k6', '::1', 1539834986, 0x5f5f63695f6c6173745f726567656e65726174657c693a313533393833343938363b6c6f676765645f696e7c623a313b6d61696c7c733a31353a2261646d696e40676d61696c2e636f6d223b666e616d7c733a353a2241646d696e223b6c6e616d7c733a373a2242696e7461726f223b6c767c733a313a2231223b666f746f7c733a37393a22687474703a2f2f6c6f63616c686f73742f6874646f63732f6d6167616e672f61737365742f75737069632f38306530663461333362306134636631313564616439646636383466393332352e706e67223b),
('brn5rcqtqanrf8qtecqvet8d1a3s68lo', '::1', 1539835611, 0x5f5f63695f6c6173745f726567656e65726174657c693a313533393833353631313b6c6f676765645f696e7c623a313b6d61696c7c733a31353a2261646d696e40676d61696c2e636f6d223b666e616d7c733a353a2241646d696e223b6c6e616d7c733a373a2242696e7461726f223b6c767c733a313a2231223b666f746f7c733a37393a22687474703a2f2f6c6f63616c686f73742f6874646f63732f6d6167616e672f61737365742f75737069632f38306530663461333362306134636631313564616439646636383466393332352e706e67223b),
('4bjg5gd7ccidvpl0jh59jggcji43qea6', '::1', 1539836223, 0x5f5f63695f6c6173745f726567656e65726174657c693a313533393833363232333b6c6f676765645f696e7c623a313b6d61696c7c733a31353a2261646d696e40676d61696c2e636f6d223b666e616d7c733a353a2241646d696e223b6c6e616d7c733a373a2242696e7461726f223b6c767c733a313a2231223b666f746f7c733a37393a22687474703a2f2f6c6f63616c686f73742f6874646f63732f6d6167616e672f61737365742f75737069632f38306530663461333362306134636631313564616439646636383466393332352e706e67223b),
('imjfsl858n2qm6nlvgt06ki4gsg2ljhj', '::1', 1539836579, 0x5f5f63695f6c6173745f726567656e65726174657c693a313533393833363537393b6c6f676765645f696e7c623a313b6d61696c7c733a31353a2261646d696e40676d61696c2e636f6d223b666e616d7c733a353a2241646d696e223b6c6e616d7c733a373a2242696e7461726f223b6c767c733a313a2231223b666f746f7c733a37393a22687474703a2f2f6c6f63616c686f73742f6874646f63732f6d6167616e672f61737365742f75737069632f38306530663461333362306134636631313564616439646636383466393332352e706e67223b),
('i1udkh1e1i8bc062ac46vqdo4u3pjj5l', '::1', 1539836903, 0x5f5f63695f6c6173745f726567656e65726174657c693a313533393833363930333b6c6f676765645f696e7c623a313b6d61696c7c733a31353a2261646d696e40676d61696c2e636f6d223b666e616d7c733a353a2241646d696e223b6c6e616d7c733a373a2242696e7461726f223b6c767c733a313a2231223b666f746f7c733a37393a22687474703a2f2f6c6f63616c686f73742f6874646f63732f6d6167616e672f61737365742f75737069632f38306530663461333362306134636631313564616439646636383466393332352e706e67223b),
('ls45bv0ldt534ss2v0r2rbmr6aqrp7ol', '::1', 1539837357, 0x5f5f63695f6c6173745f726567656e65726174657c693a313533393833373335373b6c6f676765645f696e7c623a313b6d61696c7c733a31353a2261646d696e40676d61696c2e636f6d223b666e616d7c733a353a2241646d696e223b6c6e616d7c733a373a2242696e7461726f223b6c767c733a313a2231223b666f746f7c733a37393a22687474703a2f2f6c6f63616c686f73742f6874646f63732f6d6167616e672f61737365742f75737069632f38306530663461333362306134636631313564616439646636383466393332352e706e67223b),
('smqalvbnqoi01e0st7knu74b19t0riqg', '::1', 1539837671, 0x5f5f63695f6c6173745f726567656e65726174657c693a313533393833373637313b6c6f676765645f696e7c623a313b6d61696c7c733a31353a2261646d696e40676d61696c2e636f6d223b666e616d7c733a353a2241646d696e223b6c6e616d7c733a373a2242696e7461726f223b6c767c733a313a2231223b666f746f7c733a37393a22687474703a2f2f6c6f63616c686f73742f6874646f63732f6d6167616e672f61737365742f75737069632f38306530663461333362306134636631313564616439646636383466393332352e706e67223b),
('a56d13riblkoqs55toa1l738c32l6ff0', '::1', 1539837771, 0x5f5f63695f6c6173745f726567656e65726174657c693a313533393833373637313b6c6f676765645f696e7c623a313b6d61696c7c733a31353a2261646d696e40676d61696c2e636f6d223b666e616d7c733a353a2241646d696e223b6c6e616d7c733a373a2242696e7461726f223b6c767c733a313a2231223b666f746f7c733a37393a22687474703a2f2f6c6f63616c686f73742f6874646f63732f6d6167616e672f61737365742f75737069632f38306530663461333362306134636631313564616439646636383466393332352e706e67223b),
('lf8ngcn1b45c77cjgn8k7h083muhtcu7', '::1', 1539847379, 0x5f5f63695f6c6173745f726567656e65726174657c693a313533393834373337393b6c6f676765645f696e7c623a313b6d61696c7c733a31353a2261646d696e40676d61696c2e636f6d223b666e616d7c733a353a2241646d696e223b6c6e616d7c733a373a2242696e7461726f223b6c767c733a313a2231223b666f746f7c733a37393a22687474703a2f2f6c6f63616c686f73742f6874646f63732f6d6167616e672f61737365742f75737069632f38306530663461333362306134636631313564616439646636383466393332352e706e67223b),
('j3tu69t30ee1rdvpk21ke05t215icb7g', '::1', 1539847495, 0x5f5f63695f6c6173745f726567656e65726174657c693a313533393834373337393b6c6f676765645f696e7c623a313b6d61696c7c733a31353a2261646d696e40676d61696c2e636f6d223b666e616d7c733a353a2241646d696e223b6c6e616d7c733a373a2242696e7461726f223b6c767c733a313a2231223b666f746f7c733a37393a22687474703a2f2f6c6f63616c686f73742f6874646f63732f6d6167616e672f61737365742f75737069632f38306530663461333362306134636631313564616439646636383466393332352e706e67223b),
('umddt4esg146ct1s93sok5chgqdf2s9e', '::1', 1539858944, 0x5f5f63695f6c6173745f726567656e65726174657c693a313533393835383934343b6c6f676765645f696e7c623a313b6d61696c7c733a31353a2261646d696e40676d61696c2e636f6d223b666e616d7c733a353a2241646d696e223b6c6e616d7c733a373a2242696e7461726f223b6c767c733a313a2231223b666f746f7c733a37393a22687474703a2f2f6c6f63616c686f73742f6874646f63732f6d6167616e672f61737365742f75737069632f38306530663461333362306134636631313564616439646636383466393332352e706e67223b),
('v8fojn1qh4vpvppa4ljd590hikips0f2', '::1', 1539859391, 0x5f5f63695f6c6173745f726567656e65726174657c693a313533393835393339313b6c6f676765645f696e7c623a313b6d61696c7c733a31353a2261646d696e40676d61696c2e636f6d223b666e616d7c733a353a2241646d696e223b6c6e616d7c733a373a2242696e7461726f223b6c767c733a313a2231223b666f746f7c733a37393a22687474703a2f2f6c6f63616c686f73742f6874646f63732f6d6167616e672f61737365742f75737069632f38306530663461333362306134636631313564616439646636383466393332352e706e67223b696e666f7c613a323a7b693a303b613a333a7b733a333a2269636f223b733a383a2274692d636865636b223b733a333a22747874223b733a35363a223c623e4f4b3a20566f7563686572203c2f623e3c62723e3c693e536174752054696b6574204d2623383233303b206164646564213c2f623e223b733a333a22747970223b733a373a2273756363657373223b7d693a313b613a333a7b733a333a2269636f223b733a383a2274692d636865636b223b733a333a22747874223b733a36323a223c623e4f4b3a20566f75636865722050686f746f203c2f623e3c62723e3c693e536174752054696b6574204d2623383233303b206164646564213c2f623e223b733a333a22747970223b733a373a2273756363657373223b7d7d5f5f63695f766172737c613a313a7b733a343a22696e666f223b733a333a226f6c64223b7d),
('dd07anpdttcismg2uisb8lbjuq56nk4c', '::1', 1539859723, 0x5f5f63695f6c6173745f726567656e65726174657c693a313533393835393732333b6c6f676765645f696e7c623a313b6d61696c7c733a31353a2261646d696e40676d61696c2e636f6d223b666e616d7c733a353a2241646d696e223b6c6e616d7c733a373a2242696e7461726f223b6c767c733a313a2231223b666f746f7c733a37393a22687474703a2f2f6c6f63616c686f73742f6874646f63732f6d6167616e672f61737365742f75737069632f38306530663461333362306134636631313564616439646636383466393332352e706e67223b696e666f7c613a313a7b693a303b613a333a7b733a333a2269636f223b733a383a2274692d636865636b223b733a333a22747874223b733a34333a223c623e4f4b3a203c2f623e3c62723e3c693e44493138313031393731444d2064656c65746564213c2f623e223b733a333a22747970223b733a373a2273756363657373223b7d7d5f5f63695f766172737c613a313a7b733a343a22696e666f223b733a333a226f6c64223b7d),
('694b9iqrep1p8qg5odfj0u38ueirsd6v', '::1', 1539860138, 0x5f5f63695f6c6173745f726567656e65726174657c693a313533393836303133383b6c6f676765645f696e7c623a313b6d61696c7c733a31353a2261646d696e40676d61696c2e636f6d223b666e616d7c733a353a2241646d696e223b6c6e616d7c733a373a2242696e7461726f223b6c767c733a313a2231223b666f746f7c733a37393a22687474703a2f2f6c6f63616c686f73742f6874646f63732f6d6167616e672f61737365742f75737069632f38306530663461333362306134636631313564616439646636383466393332352e706e67223b696e666f7c613a313a7b693a303b613a333a7b733a333a2269636f223b733a383a2274692d636865636b223b733a333a22747874223b733a34333a223c623e4f4b3a203c2f623e3c62723e3c693e53413139303431353133444d2064656c65746564213c2f623e223b733a333a22747970223b733a373a2273756363657373223b7d7d5f5f63695f766172737c613a313a7b733a343a22696e666f223b733a333a226f6c64223b7d),
('oik03q2hhp1od57c2nrailo1p5oiavf3', '::1', 1539860244, 0x5f5f63695f6c6173745f726567656e65726174657c693a313533393836303133383b6c6f676765645f696e7c623a313b6d61696c7c733a31353a2261646d696e40676d61696c2e636f6d223b666e616d7c733a353a2241646d696e223b6c6e616d7c733a373a2242696e7461726f223b6c767c733a313a2231223b666f746f7c733a37393a22687474703a2f2f6c6f63616c686f73742f6874646f63732f6d6167616e672f61737365742f75737069632f38306530663461333362306134636631313564616439646636383466393332352e706e67223b696e666f7c613a323a7b693a303b613a333a7b733a333a2269636f223b733a383a2274692d636865636b223b733a333a22747874223b733a35363a223c623e4f4b3a20566f7563686572203c2f623e3c62723e3c693e536174752054696b6574204d2623383233303b206164646564213c2f623e223b733a333a22747970223b733a373a2273756363657373223b7d693a313b613a333a7b733a333a2269636f223b733a383a2274692d636865636b223b733a333a22747874223b733a36323a223c623e4f4b3a20566f75636865722050686f746f203c2f623e3c62723e3c693e536174752054696b6574204d2623383233303b206164646564213c2f623e223b733a333a22747970223b733a373a2273756363657373223b7d7d5f5f63695f766172737c613a313a7b733a343a22696e666f223b733a333a226f6c64223b7d),
('4sri69f4uqff3mf3pj6b5m99g28m3bd3', '::1', 1539917497, 0x5f5f63695f6c6173745f726567656e65726174657c693a313533393931373439373b6c6f676765645f696e7c623a313b6d61696c7c733a31353a2261646d696e40676d61696c2e636f6d223b666e616d7c733a353a2241646d696e223b6c6e616d7c733a373a2242696e7461726f223b6c767c733a313a2231223b666f746f7c733a37393a22687474703a2f2f6c6f63616c686f73742f6874646f63732f6d6167616e672f61737365742f75737069632f38306530663461333362306134636631313564616439646636383466393332352e706e67223b),
('vbh55k8hrhfthejjvmdnhs6ca65rag3i', '::1', 1539917822, 0x5f5f63695f6c6173745f726567656e65726174657c693a313533393931373832323b6c6f676765645f696e7c623a313b6d61696c7c733a31353a2261646d696e40676d61696c2e636f6d223b666e616d7c733a353a2241646d696e223b6c6e616d7c733a373a2242696e7461726f223b6c767c733a313a2231223b666f746f7c733a37393a22687474703a2f2f6c6f63616c686f73742f6874646f63732f6d6167616e672f61737365742f75737069632f38306530663461333362306134636631313564616439646636383466393332352e706e67223b),
('cl0avrp79r32vp8mjhg9ft93vsjtlj1d', '::1', 1539919066, 0x5f5f63695f6c6173745f726567656e65726174657c693a313533393931393036363b6c6f676765645f696e7c623a313b6d61696c7c733a31353a2261646d696e40676d61696c2e636f6d223b666e616d7c733a353a2241646d696e223b6c6e616d7c733a373a2242696e7461726f223b6c767c733a313a2231223b666f746f7c733a37393a22687474703a2f2f6c6f63616c686f73742f6874646f63732f6d6167616e672f61737365742f75737069632f38306530663461333362306134636631313564616439646636383466393332352e706e67223b),
('hbca24td2vrd64snd3gj64akhqhlom4e', '::1', 1539919896, 0x5f5f63695f6c6173745f726567656e65726174657c693a313533393931393839363b6c6f676765645f696e7c623a313b6d61696c7c733a31353a2261646d696e40676d61696c2e636f6d223b666e616d7c733a353a2241646d696e223b6c6e616d7c733a373a2242696e7461726f223b6c767c733a313a2231223b666f746f7c733a37393a22687474703a2f2f6c6f63616c686f73742f6874646f63732f6d6167616e672f61737365742f75737069632f38306530663461333362306134636631313564616439646636383466393332352e706e67223b696e666f7c613a313a7b693a303b613a333a7b733a333a2269636f223b733a383a2274692d636865636b223b733a333a22747874223b733a35343a223c623e4f4b3a203c2f623e3c62723e3c693e506f696e74204164646564203920746f203132333440676d61696c2e636f6d213c2f693e223b733a333a22747970223b733a373a2273756363657373223b7d7d5f5f63695f766172737c613a313a7b733a343a22696e666f223b733a333a226f6c64223b7d),
('mo0vkrsamrj5uffegbu7b3ugfub8rqda', '::1', 1539920215, 0x5f5f63695f6c6173745f726567656e65726174657c693a313533393932303231353b6c6f676765645f696e7c623a313b6d61696c7c733a31353a2261646d696e40676d61696c2e636f6d223b666e616d7c733a353a2241646d696e223b6c6e616d7c733a373a2242696e7461726f223b6c767c733a313a2231223b666f746f7c733a37393a22687474703a2f2f6c6f63616c686f73742f6874646f63732f6d6167616e672f61737365742f75737069632f38306530663461333362306134636631313564616439646636383466393332352e706e67223b),
('0f1uqgo9lgcm7rmkrdrtsr38grpque6b', '::1', 1539921261, 0x5f5f63695f6c6173745f726567656e65726174657c693a313533393932313236313b6c6f676765645f696e7c623a313b6d61696c7c733a31353a2261646d696e40676d61696c2e636f6d223b666e616d7c733a353a2241646d696e223b6c6e616d7c733a373a2242696e7461726f223b6c767c733a313a2231223b666f746f7c733a37393a22687474703a2f2f6c6f63616c686f73742f6874646f63732f6d6167616e672f61737365742f75737069632f38306530663461333362306134636631313564616439646636383466393332352e706e67223b),
('p1pobo3qfepqukv2b6lee5o3aamlsn96', '::1', 1539921564, 0x5f5f63695f6c6173745f726567656e65726174657c693a313533393932313536343b6c6f676765645f696e7c623a313b6d61696c7c733a31333a2261626340676d61696c2e636f6d223b666e616d7c733a353a2241646d696e223b6c6e616d7c733a333a22526d62223b6c767c733a313a2230223b666f746f7c733a35343a22687474703a2f2f6c6f63616c686f73742f6874646f63732f6d6167616e672f61737365742f75737069632f64656661756c742e706e67223b),
('impq26vkjupkpade6hfinfc3cs73fplq', '::1', 1539922037, 0x5f5f63695f6c6173745f726567656e65726174657c693a313533393932323033373b6c6f676765645f696e7c623a313b6d61696c7c733a31353a2261646d696e40676d61696c2e636f6d223b666e616d7c733a353a2241646d696e223b6c6e616d7c733a373a2242696e7461726f223b6c767c733a313a2231223b666f746f7c733a37393a22687474703a2f2f6c6f63616c686f73742f6874646f63732f6d6167616e672f61737365742f75737069632f38306530663461333362306134636631313564616439646636383466393332352e706e67223b),
('5vkm1sf1ht1o3ec946mt10hmrn6oqcnd', '::1', 1539922085, 0x5f5f63695f6c6173745f726567656e65726174657c693a313533393932323033373b6c6f676765645f696e7c623a313b6d61696c7c733a31333a2261626340676d61696c2e636f6d223b666e616d7c733a353a2241646d696e223b6c6e616d7c733a333a22526d62223b6c767c733a313a2230223b666f746f7c733a35343a22687474703a2f2f6c6f63616c686f73742f6874646f63732f6d6167616e672f61737365742f75737069632f64656661756c742e706e67223b),
('6fn26h4noq7u9h0et2is3g0k8v3fkld0', '::1', 1539931074, 0x5f5f63695f6c6173745f726567656e65726174657c693a313533393933313037343b6c6f676765645f696e7c623a313b6d61696c7c733a31353a2261646d696e40676d61696c2e636f6d223b666e616d7c733a353a2241646d696e223b6c6e616d7c733a373a2242696e7461726f223b6c767c733a313a2231223b666f746f7c733a37393a22687474703a2f2f6c6f63616c686f73742f6874646f63732f6d6167616e672f61737365742f75737069632f38306530663461333362306134636631313564616439646636383466393332352e706e67223b696e666f7c613a313a7b693a303b613a333a7b733a333a2269636f223b733a383a2274692d636865636b223b733a333a22747874223b733a37343a223c623e57656c636f6d6520746f3a203c2f623e3c62723e3c693e526566696c6c204d7920426f74746c652041646d696e2050616765202741646d696e2042696e7461726f27213c2f693e223b733a333a22747970223b733a373a2273756363657373223b7d7d5f5f63695f766172737c613a313a7b733a343a22696e666f223b733a333a226f6c64223b7d),
('282e103ijva76rd8ka5jotsu86esmn8m', '::1', 1539933088, 0x5f5f63695f6c6173745f726567656e65726174657c693a313533393933333038383b6c6f676765645f696e7c623a313b6d61696c7c733a31353a2261646d696e40676d61696c2e636f6d223b666e616d7c733a353a2241646d696e223b6c6e616d7c733a373a2242696e7461726f223b6c767c733a313a2231223b666f746f7c733a37393a22687474703a2f2f6c6f63616c686f73742f6874646f63732f6d6167616e672f61737365742f75737069632f38306530663461333362306134636631313564616439646636383466393332352e706e67223b),
('m9hrq99lmohr0g2q718i29ue03qeqtrh', '::1', 1539933981, 0x5f5f63695f6c6173745f726567656e65726174657c693a313533393933333938313b6c6f676765645f696e7c623a313b6d61696c7c733a31333a2261626340676d61696c2e636f6d223b666e616d7c733a353a2241646d696e223b6c6e616d7c733a333a22526d62223b6c767c733a313a2230223b666f746f7c733a35343a22687474703a2f2f6c6f63616c686f73742f6874646f63732f6d6167616e672f61737365742f75737069632f64656661756c742e706e67223b),
('mi9r0m4cdukqa324pm3mld6d93ebo9iq', '::1', 1539934398, 0x5f5f63695f6c6173745f726567656e65726174657c693a313533393933343339383b6c6f676765645f696e7c623a313b6d61696c7c733a31333a2261626340676d61696c2e636f6d223b666e616d7c733a353a2241646d696e223b6c6e616d7c733a333a22526d62223b6c767c733a313a2230223b666f746f7c733a35343a22687474703a2f2f6c6f63616c686f73742f6874646f63732f6d6167616e672f61737365742f75737069632f64656661756c742e706e67223b),
('047tj6sgb0inlt3m6snm3alkvc31nb5l', '::1', 1539934700, 0x5f5f63695f6c6173745f726567656e65726174657c693a313533393933343730303b6c6f676765645f696e7c623a313b6d61696c7c733a31333a2261626340676d61696c2e636f6d223b666e616d7c733a353a2241646d696e223b6c6e616d7c733a333a22526d62223b6c767c733a313a2230223b666f746f7c733a35343a22687474703a2f2f6c6f63616c686f73742f6874646f63732f6d6167616e672f61737365742f75737069632f64656661756c742e706e67223b),
('etambaj583gvpk7e3omg9huclqdon5lu', '::1', 1539937894, 0x5f5f63695f6c6173745f726567656e65726174657c693a313533393933373839343b6c6f676765645f696e7c623a313b6d61696c7c733a31333a2261626340676d61696c2e636f6d223b666e616d7c733a353a2241646d696e223b6c6e616d7c733a333a22526d62223b6c767c733a313a2230223b666f746f7c733a35343a22687474703a2f2f6c6f63616c686f73742f6874646f63732f6d6167616e672f61737365742f75737069632f64656661756c742e706e67223b),
('g8q8a7beifkg5b4vd9oc5qgh6mrp9ehh', '::1', 1539941854, 0x5f5f63695f6c6173745f726567656e65726174657c693a313533393934313835343b6c6f676765645f696e7c623a313b6d61696c7c733a31333a2261626340676d61696c2e636f6d223b666e616d7c733a353a2241646d696e223b6c6e616d7c733a333a22526d62223b6c767c733a313a2230223b666f746f7c733a35343a22687474703a2f2f6c6f63616c686f73742f6874646f63732f6d6167616e672f61737365742f75737069632f64656661756c742e706e67223b);
INSERT INTO `tbl_session` (`id`, `ip_address`, `timestamp`, `data`) VALUES
('4kat9olim88cs6c4ktl37fja4vinkjlt', '::1', 1539941854, 0x5f5f63695f6c6173745f726567656e65726174657c693a313533393934313835343b6c6f676765645f696e7c623a313b6d61696c7c733a31333a2261626340676d61696c2e636f6d223b666e616d7c733a353a2241646d696e223b6c6e616d7c733a333a22526d62223b6c767c733a313a2230223b666f746f7c733a35343a22687474703a2f2f6c6f63616c686f73742f6874646f63732f6d6167616e672f61737365742f75737069632f64656661756c742e706e67223b),
('0angijuok8i0vcgq221lbmqpjhce83gp', '::1', 1540436543, 0x5f5f63695f6c6173745f726567656e65726174657c693a313534303433363534333b6c6f676765645f696e7c623a313b6d61696c7c733a31333a2261626340676d61696c2e636f6d223b666e616d7c733a353a2241646d696e223b6c6e616d7c733a333a22526d62223b6c767c733a313a2230223b666f746f7c733a35343a22687474703a2f2f6c6f63616c686f73742f6874646f63732f6d6167616e672f61737365742f75737069632f64656661756c742e706e67223b),
('kb7hvbs1f7o123n3j17dupukbj8n9ppg', '::1', 1540436858, 0x5f5f63695f6c6173745f726567656e65726174657c693a313534303433363835383b6c6f676765645f696e7c623a313b6d61696c7c733a31333a2261626340676d61696c2e636f6d223b666e616d7c733a353a2241646d696e223b6c6e616d7c733a333a22526d62223b6c767c733a313a2230223b666f746f7c733a35343a22687474703a2f2f6c6f63616c686f73742f6874646f63732f6d6167616e672f61737365742f75737069632f64656661756c742e706e67223b),
('98qamhuca1dqj63ok0hdbl37q1ps8nk8', '::1', 1540437372, 0x5f5f63695f6c6173745f726567656e65726174657c693a313534303433373337323b6c6f676765645f696e7c623a313b6d61696c7c733a31333a2261626340676d61696c2e636f6d223b666e616d7c733a353a2241646d696e223b6c6e616d7c733a333a22526d62223b6c767c733a313a2230223b666f746f7c733a35343a22687474703a2f2f6c6f63616c686f73742f6874646f63732f6d6167616e672f61737365742f75737069632f64656661756c742e706e67223b),
('8f4214gmv9bf2fk78fg5ug41m9lsoufr', '::1', 1540437806, 0x5f5f63695f6c6173745f726567656e65726174657c693a313534303433373830363b6c6f676765645f696e7c623a313b6d61696c7c733a31333a2261626340676d61696c2e636f6d223b666e616d7c733a353a2241646d696e223b6c6e616d7c733a333a22526d62223b6c767c733a313a2230223b666f746f7c733a35343a22687474703a2f2f6c6f63616c686f73742f6874646f63732f6d6167616e672f61737365742f75737069632f64656661756c742e706e67223b),
('oiupe5a6vqd9s7pf30rb04ujq69jct17', '::1', 1540438553, 0x5f5f63695f6c6173745f726567656e65726174657c693a313534303433383535333b6c6f676765645f696e7c623a313b6d61696c7c733a31333a2261626340676d61696c2e636f6d223b666e616d7c733a353a2241646d696e223b6c6e616d7c733a333a22526d62223b6c767c733a313a2230223b666f746f7c733a35343a22687474703a2f2f6c6f63616c686f73742f6874646f63732f6d6167616e672f61737365742f75737069632f64656661756c742e706e67223b),
('e1u9cli18jv9b23720312m95csca9f68', '::1', 1540438868, 0x5f5f63695f6c6173745f726567656e65726174657c693a313534303433383836383b6c6f676765645f696e7c623a313b6d61696c7c733a31333a2261626340676d61696c2e636f6d223b666e616d7c733a353a2241646d696e223b6c6e616d7c733a333a22526d62223b6c767c733a313a2230223b666f746f7c733a35343a22687474703a2f2f6c6f63616c686f73742f6874646f63732f6d6167616e672f61737365742f75737069632f64656661756c742e706e67223b),
('8lnlkuiv1l8i2lr3m7deifdmh3posthq', '::1', 1540439185, 0x5f5f63695f6c6173745f726567656e65726174657c693a313534303433393138353b6c6f676765645f696e7c623a313b6d61696c7c733a31333a2261626340676d61696c2e636f6d223b666e616d7c733a353a2241646d696e223b6c6e616d7c733a333a22526d62223b6c767c733a313a2230223b666f746f7c733a35343a22687474703a2f2f6c6f63616c686f73742f6874646f63732f6d6167616e672f61737365742f75737069632f64656661756c742e706e67223b),
('o9o1951vrsi764la2kps8pmp6hj28l47', '::1', 1540439887, 0x5f5f63695f6c6173745f726567656e65726174657c693a313534303433393838373b6c6f676765645f696e7c623a313b6d61696c7c733a31333a2261626340676d61696c2e636f6d223b666e616d7c733a353a2241646d696e223b6c6e616d7c733a333a22526d62223b6c767c733a313a2230223b666f746f7c733a35343a22687474703a2f2f6c6f63616c686f73742f6874646f63732f6d6167616e672f61737365742f75737069632f64656661756c742e706e67223b),
('70uf4k09i95cveh7k97hnd4vo4mhh4us', '::1', 1540440215, 0x5f5f63695f6c6173745f726567656e65726174657c693a313534303434303231353b6c6f676765645f696e7c623a313b6d61696c7c733a31333a2261626340676d61696c2e636f6d223b666e616d7c733a353a2241646d696e223b6c6e616d7c733a333a22526d62223b6c767c733a313a2230223b666f746f7c733a35343a22687474703a2f2f6c6f63616c686f73742f6874646f63732f6d6167616e672f61737365742f75737069632f64656661756c742e706e67223b),
('aj3lqu37s31qnremc17bl0qqsu76dub2', '::1', 1540440531, 0x5f5f63695f6c6173745f726567656e65726174657c693a313534303434303533313b6c6f676765645f696e7c623a313b6d61696c7c733a31333a2261626340676d61696c2e636f6d223b666e616d7c733a353a2241646d696e223b6c6e616d7c733a333a22526d62223b6c767c733a313a2230223b666f746f7c733a35343a22687474703a2f2f6c6f63616c686f73742f6874646f63732f6d6167616e672f61737365742f75737069632f64656661756c742e706e67223b),
('urk80eg3bu6224j42m8lfms8slr9nti0', '::1', 1540440879, 0x5f5f63695f6c6173745f726567656e65726174657c693a313534303434303837393b6c6f676765645f696e7c623a313b6d61696c7c733a31333a2261626340676d61696c2e636f6d223b666e616d7c733a353a2241646d696e223b6c6e616d7c733a333a22526d62223b6c767c733a313a2230223b666f746f7c733a35343a22687474703a2f2f6c6f63616c686f73742f6874646f63732f6d6167616e672f61737365742f75737069632f64656661756c742e706e67223b),
('ldfmm9gb2et2daq4fl5qlhtfkvjhjlpg', '::1', 1540447314, 0x5f5f63695f6c6173745f726567656e65726174657c693a313534303434373331343b6c6f676765645f696e7c623a313b6d61696c7c733a31333a2261626340676d61696c2e636f6d223b666e616d7c733a353a2241646d696e223b6c6e616d7c733a333a22526d62223b6c767c733a313a2230223b666f746f7c733a35343a22687474703a2f2f6c6f63616c686f73742f6874646f63732f6d6167616e672f61737365742f75737069632f64656661756c742e706e67223b),
('6mccr0at65vo0oq3e51l987pehqp67ie', '::1', 1540449695, 0x5f5f63695f6c6173745f726567656e65726174657c693a313534303434393639353b6c6f676765645f696e7c623a313b6d61696c7c733a31333a2261626340676d61696c2e636f6d223b666e616d7c733a353a2241646d696e223b6c6e616d7c733a333a22526d62223b6c767c733a313a2230223b666f746f7c733a35343a22687474703a2f2f6c6f63616c686f73742f6874646f63732f6d6167616e672f61737365742f75737069632f64656661756c742e706e67223b),
('tqlgdf4a3218mmqlh3smcmfavgi5i2i7', '::1', 1540450444, 0x5f5f63695f6c6173745f726567656e65726174657c693a313534303435303434343b6c6f676765645f696e7c623a313b6d61696c7c733a31333a2261626340676d61696c2e636f6d223b666e616d7c733a353a2241646d696e223b6c6e616d7c733a333a22526d62223b6c767c733a313a2230223b666f746f7c733a35343a22687474703a2f2f6c6f63616c686f73742f6874646f63732f6d6167616e672f61737365742f75737069632f64656661756c742e706e67223b),
('1rjfhl14ff40rndp6eoui7m16n30pvp2', '::1', 1540451348, 0x5f5f63695f6c6173745f726567656e65726174657c693a313534303435313334383b6c6f676765645f696e7c623a313b6d61696c7c733a31333a2261626340676d61696c2e636f6d223b666e616d7c733a353a2241646d696e223b6c6e616d7c733a333a22526d62223b6c767c733a313a2230223b666f746f7c733a35343a22687474703a2f2f6c6f63616c686f73742f6874646f63732f6d6167616e672f61737365742f75737069632f64656661756c742e706e67223b696e666f7c613a313a7b693a303b613a333a7b733a333a2269636f223b733a383a2274692d636865636b223b733a333a22747874223b733a34313a223c623e4f4b3a203c2f623e3c62723e3c693e506c616365204b6175732044656c65746564213c2f693e223b733a333a22747970223b733a373a2273756363657373223b7d7d5f5f63695f766172737c613a313a7b733a343a22696e666f223b733a333a226f6c64223b7d),
('3ijtki6a25r4995jr9pkmvgea6s198mm', '::1', 1540452290, 0x5f5f63695f6c6173745f726567656e65726174657c693a313534303435323239303b6c6f676765645f696e7c623a313b6d61696c7c733a31333a2261626340676d61696c2e636f6d223b666e616d7c733a353a2241646d696e223b6c6e616d7c733a333a22526d62223b6c767c733a313a2230223b666f746f7c733a35343a22687474703a2f2f6c6f63616c686f73742f6874646f63732f6d6167616e672f61737365742f75737069632f64656661756c742e706e67223b),
('f3270rsqadk1b04j9hlr47rjess1svr1', '::1', 1540457604, 0x5f5f63695f6c6173745f726567656e65726174657c693a313534303435373630343b6c6f676765645f696e7c623a313b6d61696c7c733a31333a2261626340676d61696c2e636f6d223b666e616d7c733a353a2241646d696e223b6c6e616d7c733a333a22526d62223b6c767c733a313a2230223b666f746f7c733a35343a22687474703a2f2f6c6f63616c686f73742f6874646f63732f6d6167616e672f61737365742f75737069632f64656661756c742e706e67223b),
('07si894j78qakalfjo3lst5dm3jlndhb', '::1', 1540463656, 0x5f5f63695f6c6173745f726567656e65726174657c693a313534303436333635363b6c6f676765645f696e7c623a313b6d61696c7c733a31333a2261626340676d61696c2e636f6d223b666e616d7c733a353a2241646d696e223b6c6e616d7c733a333a22526d62223b6c767c733a313a2230223b666f746f7c733a35343a22687474703a2f2f6c6f63616c686f73742f6874646f63732f6d6167616e672f61737365742f75737069632f64656661756c742e706e67223b),
('3m8ctviob5t8bin022h0vh8ct4cqk34v', '::1', 1540463657, 0x5f5f63695f6c6173745f726567656e65726174657c693a313534303436333635363b6c6f676765645f696e7c623a313b6d61696c7c733a31333a2261626340676d61696c2e636f6d223b666e616d7c733a353a2241646d696e223b6c6e616d7c733a333a22526d62223b6c767c733a313a2230223b666f746f7c733a35343a22687474703a2f2f6c6f63616c686f73742f6874646f63732f6d6167616e672f61737365742f75737069632f64656661756c742e706e67223b),
('edq2563s1ck1ni5cbdlvqcs6cuevl41q', '::1', 1540524624, 0x5f5f63695f6c6173745f726567656e65726174657c693a313534303532343632343b6c6f676765645f696e7c623a313b6d61696c7c733a31333a2261626340676d61696c2e636f6d223b666e616d7c733a353a2241646d696e223b6c6e616d7c733a333a22526d62223b6c767c733a313a2230223b666f746f7c733a35343a22687474703a2f2f6c6f63616c686f73742f6874646f63732f6d6167616e672f61737365742f75737069632f64656661756c742e706e67223b),
('5vhlq7l8e66tprksespsq11kpojibuk6', '::1', 1540524932, 0x5f5f63695f6c6173745f726567656e65726174657c693a313534303532343933323b6c6f676765645f696e7c623a313b6d61696c7c733a31333a2261626340676d61696c2e636f6d223b666e616d7c733a353a2241646d696e223b6c6e616d7c733a333a22526d62223b6c767c733a313a2230223b666f746f7c733a35343a22687474703a2f2f6c6f63616c686f73742f6874646f63732f6d6167616e672f61737365742f75737069632f64656661756c742e706e67223b696e666f7c613a313a7b693a303b613a333a7b733a333a2269636f223b733a383a2274692d636865636b223b733a333a22747874223b733a33393a223c623e4f4b3a203c2f623e3c62723e3c693e506c6163652073617475204164646564213c2f693e223b733a333a22747970223b733a373a2273756363657373223b7d7d5f5f63695f766172737c613a313a7b733a343a22696e666f223b733a333a226f6c64223b7d),
('tonporr68n31jjhlor3magdtb5hdvgmq', '::1', 1540525277, 0x5f5f63695f6c6173745f726567656e65726174657c693a313534303532353237373b6c6f676765645f696e7c623a313b6d61696c7c733a31333a2261626340676d61696c2e636f6d223b666e616d7c733a353a2241646d696e223b6c6e616d7c733a333a22526d62223b6c767c733a313a2230223b666f746f7c733a35343a22687474703a2f2f6c6f63616c686f73742f6874646f63732f6d6167616e672f61737365742f75737069632f64656661756c742e706e67223b696e666f7c613a313a7b693a303b613a333a7b733a333a2269636f223b733a383a2274692d636865636b223b733a333a22747874223b733a33393a223c623e4f4b3a203c2f623e3c62723e3c693e506c6163652073617475204164646564213c2f693e223b733a333a22747970223b733a373a2273756363657373223b7d7d5f5f63695f766172737c613a313a7b733a343a22696e666f223b733a333a226f6c64223b7d),
('rops7jg1jmfpcb1pl2l48n09tp1q0cga', '::1', 1540525582, 0x5f5f63695f6c6173745f726567656e65726174657c693a313534303532353538323b6c6f676765645f696e7c623a313b6d61696c7c733a31333a2261626340676d61696c2e636f6d223b666e616d7c733a353a2241646d696e223b6c6e616d7c733a333a22526d62223b6c767c733a313a2230223b666f746f7c733a35343a22687474703a2f2f6c6f63616c686f73742f6874646f63732f6d6167616e672f61737365742f75737069632f64656661756c742e706e67223b696e666f7c613a313a7b693a303b613a333a7b733a333a2269636f223b733a383a2274692d636865636b223b733a333a22747874223b733a33393a223c623e4f4b3a203c2f623e3c62723e3c693e506c6163652073617475204164646564213c2f693e223b733a333a22747970223b733a373a2273756363657373223b7d7d5f5f63695f766172737c613a313a7b733a343a22696e666f223b733a333a226f6c64223b7d),
('7v94apv3kl367nrsmluo7r8ln27t9pav', '::1', 1540526302, 0x5f5f63695f6c6173745f726567656e65726174657c693a313534303532363330323b6c6f676765645f696e7c623a313b6d61696c7c733a31333a2261626340676d61696c2e636f6d223b666e616d7c733a353a2241646d696e223b6c6e616d7c733a333a22526d62223b6c767c733a313a2230223b666f746f7c733a35343a22687474703a2f2f6c6f63616c686f73742f6874646f63732f6d6167616e672f61737365742f75737069632f64656661756c742e706e67223b696e666f7c613a313a7b693a303b613a333a7b733a333a2269636f223b733a383a2274692d636865636b223b733a333a22747874223b733a33393a223c623e4f4b3a203c2f623e3c62723e3c693e506c6163652073617475204164646564213c2f693e223b733a333a22747970223b733a373a2273756363657373223b7d7d5f5f63695f766172737c613a313a7b733a343a22696e666f223b733a333a226f6c64223b7d),
('rnmfm881medjbvps2joqtrdscbv4i46c', '::1', 1540526369, 0x5f5f63695f6c6173745f726567656e65726174657c693a313534303532363330323b6c6f676765645f696e7c623a313b6d61696c7c733a31333a2261626340676d61696c2e636f6d223b666e616d7c733a353a2241646d696e223b6c6e616d7c733a333a22526d62223b6c767c733a313a2230223b666f746f7c733a35343a22687474703a2f2f6c6f63616c686f73742f6874646f63732f6d6167616e672f61737365742f75737069632f64656661756c742e706e67223b),
('br97mr6vudge18on9hasm6v3uh8d3iup', '::1', 1540534986, 0x5f5f63695f6c6173745f726567656e65726174657c693a313534303533343938363b6c6f676765645f696e7c623a313b6d61696c7c733a31333a2261626340676d61696c2e636f6d223b666e616d7c733a353a2241646d696e223b6c6e616d7c733a333a22526d62223b6c767c733a313a2230223b666f746f7c733a35343a22687474703a2f2f6c6f63616c686f73742f6874646f63732f6d6167616e672f61737365742f75737069632f64656661756c742e706e67223b),
('nol7o6h72krh2bt6ot9uurm9fdgkb8b5', '::1', 1540535369, 0x5f5f63695f6c6173745f726567656e65726174657c693a313534303533353336393b6c6f676765645f696e7c623a313b6d61696c7c733a31333a2261626340676d61696c2e636f6d223b666e616d7c733a353a2241646d696e223b6c6e616d7c733a333a22526d62223b6c767c733a313a2230223b666f746f7c733a35343a22687474703a2f2f6c6f63616c686f73742f6874646f63732f6d6167616e672f61737365742f75737069632f64656661756c742e706e67223b),
('l8papti6jk9u0tdremv9l5vmdl5f12fb', '::1', 1540536193, 0x5f5f63695f6c6173745f726567656e65726174657c693a313534303533363139333b6c6f676765645f696e7c623a313b6d61696c7c733a31333a2261626340676d61696c2e636f6d223b666e616d7c733a353a2241646d696e223b6c6e616d7c733a333a22526d62223b6c767c733a313a2230223b666f746f7c733a35343a22687474703a2f2f6c6f63616c686f73742f6874646f63732f6d6167616e672f61737365742f75737069632f64656661756c742e706e67223b),
('dcjuhhgfb26al6l7v3g3k692lfg67jv4', '::1', 1540536537, 0x5f5f63695f6c6173745f726567656e65726174657c693a313534303533363533373b6c6f676765645f696e7c623a313b6d61696c7c733a31333a2261626340676d61696c2e636f6d223b666e616d7c733a353a2241646d696e223b6c6e616d7c733a333a22526d62223b6c767c733a313a2230223b666f746f7c733a35343a22687474703a2f2f6c6f63616c686f73742f6874646f63732f6d6167616e672f61737365742f75737069632f64656661756c742e706e67223b),
('9s2jbf96kksfp4nsua8je6i60nlg6dlt', '::1', 1540537929, 0x5f5f63695f6c6173745f726567656e65726174657c693a313534303533373932393b6c6f676765645f696e7c623a313b6d61696c7c733a31333a2261626340676d61696c2e636f6d223b666e616d7c733a353a2241646d696e223b6c6e616d7c733a333a22526d62223b6c767c733a313a2230223b666f746f7c733a35343a22687474703a2f2f6c6f63616c686f73742f6874646f63732f6d6167616e672f61737365742f75737069632f64656661756c742e706e67223b),
('rip5k4urrn8tiojcvs2te5fk5ihjbrqf', '::1', 1540538270, 0x5f5f63695f6c6173745f726567656e65726174657c693a313534303533383237303b6c6f676765645f696e7c623a313b6d61696c7c733a31333a2261626340676d61696c2e636f6d223b666e616d7c733a353a2241646d696e223b6c6e616d7c733a333a22526d62223b6c767c733a313a2230223b666f746f7c733a35343a22687474703a2f2f6c6f63616c686f73742f6874646f63732f6d6167616e672f61737365742f75737069632f64656661756c742e706e67223b),
('oj93r2l55e65dfi7k9t3da1l6vsjfsdo', '::1', 1540539358, 0x5f5f63695f6c6173745f726567656e65726174657c693a313534303533393335383b6c6f676765645f696e7c623a313b6d61696c7c733a31333a2261626340676d61696c2e636f6d223b666e616d7c733a353a2241646d696e223b6c6e616d7c733a333a22526d62223b6c767c733a313a2230223b666f746f7c733a35343a22687474703a2f2f6c6f63616c686f73742f6874646f63732f6d6167616e672f61737365742f75737069632f64656661756c742e706e67223b),
('b0d8ivgq3pe2mlvuinl43ieqc3j6lpcr', '::1', 1540539902, 0x5f5f63695f6c6173745f726567656e65726174657c693a313534303533393930323b6c6f676765645f696e7c623a313b6d61696c7c733a31333a2261626340676d61696c2e636f6d223b666e616d7c733a353a2241646d696e223b6c6e616d7c733a333a22526d62223b6c767c733a313a2230223b666f746f7c733a35343a22687474703a2f2f6c6f63616c686f73742f6874646f63732f6d6167616e672f61737365742f75737069632f64656661756c742e706e67223b),
('sd1qd0t9frlaa6smbge7vmllj6ee8lk0', '::1', 1540546311, 0x5f5f63695f6c6173745f726567656e65726174657c693a313534303534363331313b6c6f676765645f696e7c623a313b6d61696c7c733a31333a2261626340676d61696c2e636f6d223b666e616d7c733a353a2241646d696e223b6c6e616d7c733a333a22526d62223b6c767c733a313a2230223b666f746f7c733a35343a22687474703a2f2f6c6f63616c686f73742f6874646f63732f6d6167616e672f61737365742f75737069632f64656661756c742e706e67223b),
('3vsfib48c9nvrqmjqcd5feghn2tgt129', '::1', 1540548630, 0x5f5f63695f6c6173745f726567656e65726174657c693a313534303534383633303b6c6f676765645f696e7c623a313b6d61696c7c733a31333a2261626340676d61696c2e636f6d223b666e616d7c733a353a2241646d696e223b6c6e616d7c733a333a22526d62223b6c767c733a313a2230223b666f746f7c733a35343a22687474703a2f2f6c6f63616c686f73742f6874646f63732f6d6167616e672f61737365742f75737069632f64656661756c742e706e67223b),
('3573jiunqrurit69vm67fu174bps3l64', '::1', 1540548963, 0x5f5f63695f6c6173745f726567656e65726174657c693a313534303534383936333b6c6f676765645f696e7c623a313b6d61696c7c733a31333a2261626340676d61696c2e636f6d223b666e616d7c733a353a2241646d696e223b6c6e616d7c733a333a22526d62223b6c767c733a313a2230223b666f746f7c733a35343a22687474703a2f2f6c6f63616c686f73742f6874646f63732f6d6167616e672f61737365742f75737069632f64656661756c742e706e67223b),
('fkdhn1998q1igm83b5rasv1mnetfu2i6', '::1', 1540548963, 0x5f5f63695f6c6173745f726567656e65726174657c693a313534303534383936333b),
('hu86abh0t1d72ltfrfgc28s9rh3snqfm', '::1', 1540780049, 0x5f5f63695f6c6173745f726567656e65726174657c693a313534303738303034393b6c6f676765645f696e7c623a313b6d61696c7c733a31333a2261626340676d61696c2e636f6d223b666e616d7c733a353a2241646d696e223b6c6e616d7c733a333a22526d62223b6c767c733a313a2230223b666f746f7c733a35343a22687474703a2f2f6c6f63616c686f73742f6874646f63732f6d6167616e672f61737365742f75737069632f64656661756c742e706e67223b),
('f9hhtpsr9gidecpbppou9jkbus86q2av', '::1', 1540780351, 0x5f5f63695f6c6173745f726567656e65726174657c693a313534303738303335313b6c6f676765645f696e7c623a313b6d61696c7c733a31333a2261626340676d61696c2e636f6d223b666e616d7c733a353a2241646d696e223b6c6e616d7c733a333a22526d62223b6c767c733a313a2230223b666f746f7c733a35343a22687474703a2f2f6c6f63616c686f73742f6874646f63732f6d6167616e672f61737365742f75737069632f64656661756c742e706e67223b),
('k7fhs7u88ik8ogmgh8j9nglugp7i20hu', '::1', 1540780999, 0x5f5f63695f6c6173745f726567656e65726174657c693a313534303738303939393b6c6f676765645f696e7c623a313b6d61696c7c733a31333a2261626340676d61696c2e636f6d223b666e616d7c733a353a2241646d696e223b6c6e616d7c733a333a22526d62223b6c767c733a313a2230223b666f746f7c733a35343a22687474703a2f2f6c6f63616c686f73742f6874646f63732f6d6167616e672f61737365742f75737069632f64656661756c742e706e67223b),
('2l1tnvo8qnaueuh9o929of8smvh3gqe8', '::1', 1540781300, 0x5f5f63695f6c6173745f726567656e65726174657c693a313534303738313330303b6c6f676765645f696e7c623a313b6d61696c7c733a31333a2261626340676d61696c2e636f6d223b666e616d7c733a353a2241646d696e223b6c6e616d7c733a333a22526d62223b6c767c733a313a2230223b666f746f7c733a35343a22687474703a2f2f6c6f63616c686f73742f6874646f63732f6d6167616e672f61737365742f75737069632f64656661756c742e706e67223b),
('3tnk6em1ee83s2fc5m5cnoqcj0aup873', '::1', 1540781981, 0x5f5f63695f6c6173745f726567656e65726174657c693a313534303738313938313b6c6f676765645f696e7c623a313b6d61696c7c733a31333a2261626340676d61696c2e636f6d223b666e616d7c733a353a2241646d696e223b6c6e616d7c733a333a22526d62223b6c767c733a313a2230223b666f746f7c733a35343a22687474703a2f2f6c6f63616c686f73742f6874646f63732f6d6167616e672f61737365742f75737069632f64656661756c742e706e67223b),
('qcfhfa84o2ik9qa1los8db1v540iqkl1', '::1', 1540782437, 0x5f5f63695f6c6173745f726567656e65726174657c693a313534303738323433373b6c6f676765645f696e7c623a313b6d61696c7c733a31333a2261626340676d61696c2e636f6d223b666e616d7c733a353a2241646d696e223b6c6e616d7c733a333a22526d62223b6c767c733a313a2230223b666f746f7c733a35343a22687474703a2f2f6c6f63616c686f73742f6874646f63732f6d6167616e672f61737365742f75737069632f64656661756c742e706e67223b),
('rpovjpdc0mt7eplbtk8teggec8ekrc8q', '::1', 1540783212, 0x5f5f63695f6c6173745f726567656e65726174657c693a313534303738333231323b6c6f676765645f696e7c623a313b6d61696c7c733a31333a2261626340676d61696c2e636f6d223b666e616d7c733a353a2241646d696e223b6c6e616d7c733a333a22526d62223b6c767c733a313a2230223b666f746f7c733a35343a22687474703a2f2f6c6f63616c686f73742f6874646f63732f6d6167616e672f61737365742f75737069632f64656661756c742e706e67223b),
('36nmi29kpapmd70ehbk27a3lhuvnuagi', '::1', 1540783521, 0x5f5f63695f6c6173745f726567656e65726174657c693a313534303738333532313b6c6f676765645f696e7c623a313b6d61696c7c733a31333a2261626340676d61696c2e636f6d223b666e616d7c733a353a2241646d696e223b6c6e616d7c733a333a22526d62223b6c767c733a313a2230223b666f746f7c733a35343a22687474703a2f2f6c6f63616c686f73742f6874646f63732f6d6167616e672f61737365742f75737069632f64656661756c742e706e67223b),
('9beuufr7u6187es5jev4lrnmg4e2ss8o', '::1', 1540784071, 0x5f5f63695f6c6173745f726567656e65726174657c693a313534303738343037313b6c6f676765645f696e7c623a313b6d61696c7c733a31333a2261626340676d61696c2e636f6d223b666e616d7c733a353a2241646d696e223b6c6e616d7c733a333a22526d62223b6c767c733a313a2230223b666f746f7c733a35343a22687474703a2f2f6c6f63616c686f73742f6874646f63732f6d6167616e672f61737365742f75737069632f64656661756c742e706e67223b),
('47hbab3kavtsffprb45u62fmacd2rk54', '::1', 1540784444, 0x5f5f63695f6c6173745f726567656e65726174657c693a313534303738343434343b6c6f676765645f696e7c623a313b6d61696c7c733a31333a2261626340676d61696c2e636f6d223b666e616d7c733a353a2241646d696e223b6c6e616d7c733a333a22526d62223b6c767c733a313a2230223b666f746f7c733a35343a22687474703a2f2f6c6f63616c686f73742f6874646f63732f6d6167616e672f61737365742f75737069632f64656661756c742e706e67223b),
('4rjenpmeq9kigvg6mjftstu6lvalvqrj', '::1', 1540784812, 0x5f5f63695f6c6173745f726567656e65726174657c693a313534303738343831323b6c6f676765645f696e7c623a313b6d61696c7c733a31333a2261626340676d61696c2e636f6d223b666e616d7c733a353a2241646d696e223b6c6e616d7c733a333a22526d62223b6c767c733a313a2230223b666f746f7c733a35343a22687474703a2f2f6c6f63616c686f73742f6874646f63732f6d6167616e672f61737365742f75737069632f64656661756c742e706e67223b),
('l8ks2c6i93rtc466qlckoscjk2nhkdq6', '::1', 1540785249, 0x5f5f63695f6c6173745f726567656e65726174657c693a313534303738353234393b6c6f676765645f696e7c623a313b6d61696c7c733a31333a2261626340676d61696c2e636f6d223b666e616d7c733a353a2241646d696e223b6c6e616d7c733a333a22526d62223b6c767c733a313a2230223b666f746f7c733a35343a22687474703a2f2f6c6f63616c686f73742f6874646f63732f6d6167616e672f61737365742f75737069632f64656661756c742e706e67223b),
('0g7aajfm28glo4dbh90lg2ukcth9dvfi', '::1', 1540787339, 0x5f5f63695f6c6173745f726567656e65726174657c693a313534303738373333393b6c6f676765645f696e7c623a313b6d61696c7c733a31333a2261626340676d61696c2e636f6d223b666e616d7c733a353a2241646d696e223b6c6e616d7c733a333a22526d62223b6c767c733a313a2230223b666f746f7c733a35343a22687474703a2f2f6c6f63616c686f73742f6874646f63732f6d6167616e672f61737365742f75737069632f64656661756c742e706e67223b),
('br2dvfl580lll9nerijqhhavf58t2b88', '::1', 1540787725, 0x5f5f63695f6c6173745f726567656e65726174657c693a313534303738373732353b6c6f676765645f696e7c623a313b6d61696c7c733a31333a2261626340676d61696c2e636f6d223b666e616d7c733a353a2241646d696e223b6c6e616d7c733a333a22526d62223b6c767c733a313a2230223b666f746f7c733a35343a22687474703a2f2f6c6f63616c686f73742f6874646f63732f6d6167616e672f61737365742f75737069632f64656661756c742e706e67223b),
('jvaf55j9013m0jho86hmtp5e7d5i1gdo', '::1', 1540788028, 0x5f5f63695f6c6173745f726567656e65726174657c693a313534303738383032383b6c6f676765645f696e7c623a313b6d61696c7c733a31333a2261626340676d61696c2e636f6d223b666e616d7c733a353a2241646d696e223b6c6e616d7c733a333a22526d62223b6c767c733a313a2230223b666f746f7c733a35343a22687474703a2f2f6c6f63616c686f73742f6874646f63732f6d6167616e672f61737365742f75737069632f64656661756c742e706e67223b),
('ejk658l5nn6met1anjtqtiq2imlj5kfr', '::1', 1540790098, 0x5f5f63695f6c6173745f726567656e65726174657c693a313534303739303039383b6c6f676765645f696e7c623a313b6d61696c7c733a31333a2261626340676d61696c2e636f6d223b666e616d7c733a353a2241646d696e223b6c6e616d7c733a333a22526d62223b6c767c733a313a2230223b666f746f7c733a35343a22687474703a2f2f6c6f63616c686f73742f6874646f63732f6d6167616e672f61737365742f75737069632f64656661756c742e706e67223b),
('j7jtqjbpc1rndkg1cgmp9l143cpv14m0', '::1', 1540792959, 0x5f5f63695f6c6173745f726567656e65726174657c693a313534303739323935393b6c6f676765645f696e7c623a313b6d61696c7c733a31333a2261626340676d61696c2e636f6d223b666e616d7c733a353a2241646d696e223b6c6e616d7c733a333a22526d62223b6c767c733a313a2230223b666f746f7c733a35343a22687474703a2f2f6c6f63616c686f73742f6874646f63732f6d6167616e672f61737365742f75737069632f64656661756c742e706e67223b),
('lghnsrrhvq1ee509qljv4akrgffgrtq2', '::1', 1540793713, 0x5f5f63695f6c6173745f726567656e65726174657c693a313534303739333731333b6c6f676765645f696e7c623a313b6d61696c7c733a31353a2261646d696e40676d61696c2e636f6d223b666e616d7c733a353a2241646d696e223b6c6e616d7c733a373a2242696e7461726f223b6c767c733a313a2231223b666f746f7c733a37393a22687474703a2f2f6c6f63616c686f73742f6874646f63732f6d6167616e672f61737365742f75737069632f38306530663461333362306134636631313564616439646636383466393332352e706e67223b),
('8fgh56qnrsducnvncehjg56aaljq9lpm', '::1', 1540794515, 0x5f5f63695f6c6173745f726567656e65726174657c693a313534303739343531353b6c6f676765645f696e7c623a313b6d61696c7c733a31333a2261626340676d61696c2e636f6d223b666e616d7c733a353a2241646d696e223b6c6e616d7c733a333a22526d62223b6c767c733a313a2230223b666f746f7c733a35343a22687474703a2f2f6c6f63616c686f73742f6874646f63732f6d6167616e672f61737365742f75737069632f64656661756c742e706e67223b),
('lklpm6ftqbkeip4ee5gt5ecovbg0edn3', '::1', 1540795385, 0x5f5f63695f6c6173745f726567656e65726174657c693a313534303739353338353b6c6f676765645f696e7c623a313b6d61696c7c733a31333a2261626340676d61696c2e636f6d223b666e616d7c733a353a2241646d696e223b6c6e616d7c733a333a22526d62223b6c767c733a313a2230223b666f746f7c733a35343a22687474703a2f2f6c6f63616c686f73742f6874646f63732f6d6167616e672f61737365742f75737069632f64656661756c742e706e67223b),
('ev87hkq3mfifkkm9g5knkehgp6ere1ue', '::1', 1540795774, 0x5f5f63695f6c6173745f726567656e65726174657c693a313534303739353737343b6c6f676765645f696e7c623a313b6d61696c7c733a31333a2261626340676d61696c2e636f6d223b666e616d7c733a353a2241646d696e223b6c6e616d7c733a333a22526d62223b6c767c733a313a2230223b666f746f7c733a35343a22687474703a2f2f6c6f63616c686f73742f6874646f63732f6d6167616e672f61737365742f75737069632f64656661756c742e706e67223b),
('lhhph3j3p6miku83odlubei4r35h8j0k', '::1', 1540796096, 0x5f5f63695f6c6173745f726567656e65726174657c693a313534303739363039363b6c6f676765645f696e7c623a313b6d61696c7c733a31333a2261626340676d61696c2e636f6d223b666e616d7c733a353a2241646d696e223b6c6e616d7c733a333a22526d62223b6c767c733a313a2230223b666f746f7c733a35343a22687474703a2f2f6c6f63616c686f73742f6874646f63732f6d6167616e672f61737365742f75737069632f64656661756c742e706e67223b696e666f7c613a313a7b693a303b613a333a7b733a333a2269636f223b733a373a2274692d696e666f223b733a333a22747874223b733a32373a223c623e5761726e696e673a203c2f623e3c62723e3c693e3c2f693e223b733a333a22747970223b733a373a227761726e696e67223b7d7d5f5f63695f766172737c613a313a7b733a343a22696e666f223b733a333a226f6c64223b7d),
('i12q1a06ksg4k5j33sctrur9t7jug1sh', '::1', 1540796494, 0x5f5f63695f6c6173745f726567656e65726174657c693a313534303739363439343b6c6f676765645f696e7c623a313b6d61696c7c733a31333a2261626340676d61696c2e636f6d223b666e616d7c733a353a2241646d696e223b6c6e616d7c733a333a22526d62223b6c767c733a313a2230223b666f746f7c733a35343a22687474703a2f2f6c6f63616c686f73742f6874646f63732f6d6167616e672f61737365742f75737069632f64656661756c742e706e67223b),
('lhmkuf8ansd3n0iks9dhm24pjv6kp5pd', '::1', 1540797865, 0x5f5f63695f6c6173745f726567656e65726174657c693a313534303739373836353b6c6f676765645f696e7c623a313b6d61696c7c733a31333a2261626340676d61696c2e636f6d223b666e616d7c733a353a2241646d696e223b6c6e616d7c733a333a22526d62223b6c767c733a313a2230223b666f746f7c733a35343a22687474703a2f2f6c6f63616c686f73742f6874646f63732f6d6167616e672f61737365742f75737069632f64656661756c742e706e67223b),
('atr8pt69s8ficu9gne6q1dg7s3r67hkj', '::1', 1540805038, 0x5f5f63695f6c6173745f726567656e65726174657c693a313534303830353033383b6c6f676765645f696e7c623a313b6d61696c7c733a31333a2261626340676d61696c2e636f6d223b666e616d7c733a353a2241646d696e223b6c6e616d7c733a333a22526d62223b6c767c733a313a2230223b666f746f7c733a35343a22687474703a2f2f6c6f63616c686f73742f6874646f63732f6d6167616e672f61737365742f75737069632f64656661756c742e706e67223b),
('kcmg6772bmfanhrfbivm3lm5jfe2vl3n', '::1', 1540805536, 0x5f5f63695f6c6173745f726567656e65726174657c693a313534303830353533363b6c6f676765645f696e7c623a313b6d61696c7c733a31333a2261626340676d61696c2e636f6d223b666e616d7c733a353a2241646d696e223b6c6e616d7c733a333a22526d62223b6c767c733a313a2230223b666f746f7c733a35343a22687474703a2f2f6c6f63616c686f73742f6874646f63732f6d6167616e672f61737365742f75737069632f64656661756c742e706e67223b),
('eeo8chhuqp16g1s4bbl0bko8sefmti9g', '::1', 1540805946, 0x5f5f63695f6c6173745f726567656e65726174657c693a313534303830353934363b6c6f676765645f696e7c623a313b6d61696c7c733a31333a2261626340676d61696c2e636f6d223b666e616d7c733a353a2241646d696e223b6c6e616d7c733a333a22526d62223b6c767c733a313a2230223b666f746f7c733a35343a22687474703a2f2f6c6f63616c686f73742f6874646f63732f6d6167616e672f61737365742f75737069632f64656661756c742e706e67223b),
('045rek37idc8oak2a8q5s4s6p7g6af8f', '::1', 1540806344, 0x5f5f63695f6c6173745f726567656e65726174657c693a313534303830363334343b6c6f676765645f696e7c623a313b6d61696c7c733a31333a2261626340676d61696c2e636f6d223b666e616d7c733a353a2241646d696e223b6c6e616d7c733a333a22526d62223b6c767c733a313a2230223b666f746f7c733a35343a22687474703a2f2f6c6f63616c686f73742f6874646f63732f6d6167616e672f61737365742f75737069632f64656661756c742e706e67223b),
('h0vjsolo5bf43ps6ruqmi9g842v3h22g', '::1', 1540806802, 0x5f5f63695f6c6173745f726567656e65726174657c693a313534303830363830323b6c6f676765645f696e7c623a313b6d61696c7c733a31333a2261626340676d61696c2e636f6d223b666e616d7c733a353a2241646d696e223b6c6e616d7c733a333a22526d62223b6c767c733a313a2230223b666f746f7c733a35343a22687474703a2f2f6c6f63616c686f73742f6874646f63732f6d6167616e672f61737365742f75737069632f64656661756c742e706e67223b696e666f7c613a313a7b693a303b613a333a7b733a333a2269636f223b733a383a2274692d636865636b223b733a333a22747874223b733a33353a223c623e4f4b3a203c2f623e3c62723e3c693e506c61636520204164646564213c2f693e223b733a333a22747970223b733a373a2273756363657373223b7d7d5f5f63695f766172737c613a313a7b733a343a22696e666f223b733a333a226f6c64223b7d),
('ofh6iffkf6pdqra7obp0d7dnsb4p7nns', '::1', 1540807141, 0x5f5f63695f6c6173745f726567656e65726174657c693a313534303830373134313b6c6f676765645f696e7c623a313b6d61696c7c733a31333a2261626340676d61696c2e636f6d223b666e616d7c733a353a2241646d696e223b6c6e616d7c733a333a22526d62223b6c767c733a313a2230223b666f746f7c733a35343a22687474703a2f2f6c6f63616c686f73742f6874646f63732f6d6167616e672f61737365742f75737069632f64656661756c742e706e67223b),
('h2r4qnndufjvjjdi9egmcafsjg2d2qff', '::1', 1540807527, 0x5f5f63695f6c6173745f726567656e65726174657c693a313534303830373532373b6c6f676765645f696e7c623a313b6d61696c7c733a31333a2261626340676d61696c2e636f6d223b666e616d7c733a353a2241646d696e223b6c6e616d7c733a333a22526d62223b6c767c733a313a2230223b666f746f7c733a35343a22687474703a2f2f6c6f63616c686f73742f6874646f63732f6d6167616e672f61737365742f75737069632f64656661756c742e706e67223b),
('mjscb0raukm0r90ifb5ghgbhb1s8sei1', '::1', 1540807849, 0x5f5f63695f6c6173745f726567656e65726174657c693a313534303830373834393b6c6f676765645f696e7c623a313b6d61696c7c733a31333a2261626340676d61696c2e636f6d223b666e616d7c733a353a2241646d696e223b6c6e616d7c733a333a22526d62223b6c767c733a313a2230223b666f746f7c733a35343a22687474703a2f2f6c6f63616c686f73742f6874646f63732f6d6167616e672f61737365742f75737069632f64656661756c742e706e67223b),
('9krjeic9lbmh001bg61h2u1c635et563', '::1', 1540808087, 0x5f5f63695f6c6173745f726567656e65726174657c693a313534303830373834393b6c6f676765645f696e7c623a313b6d61696c7c733a31333a2261626340676d61696c2e636f6d223b666e616d7c733a353a2241646d696e223b6c6e616d7c733a333a22526d62223b6c767c733a313a2230223b666f746f7c733a35343a22687474703a2f2f6c6f63616c686f73742f6874646f63732f6d6167616e672f61737365742f75737069632f64656661756c742e706e67223b),
('u3sj8oimuvbompeoqu3qjisb1pmf5pcc', '::1', 1540883814, 0x5f5f63695f6c6173745f726567656e65726174657c693a313534303838333831343b6c6f676765645f696e7c623a313b6d61696c7c733a31353a2261646d696e40676d61696c2e636f6d223b666e616d7c733a353a2241646d696e223b6c6e616d7c733a373a2242696e7461726f223b6c767c733a313a2231223b666f746f7c733a37393a22687474703a2f2f6c6f63616c686f73742f6874646f63732f6d6167616e672f61737365742f75737069632f38306530663461333362306134636631313564616439646636383466393332352e706e67223b),
('1uipq32oruklbvaalk9tcv1mdnds5cuu', '::1', 1540884965, 0x5f5f63695f6c6173745f726567656e65726174657c693a313534303838343936353b6c6f676765645f696e7c623a313b6d61696c7c733a31353a2261646d696e40676d61696c2e636f6d223b666e616d7c733a353a2241646d696e223b6c6e616d7c733a373a2242696e7461726f223b6c767c733a313a2231223b666f746f7c733a37393a22687474703a2f2f6c6f63616c686f73742f6874646f63732f6d6167616e672f61737365742f75737069632f38306530663461333362306134636631313564616439646636383466393332352e706e67223b),
('l3snjv7i3fgjbod2nivkhpd57s91pv6a', '::1', 1540884965, 0x5f5f63695f6c6173745f726567656e65726174657c693a313534303838343936353b);

-- --------------------------------------------------------

--
-- Struktur dari tabel `tempatisi`
--

CREATE TABLE `tempatisi` (
  `id` int(12) NOT NULL,
  `nama` varchar(128) COLLATE utf8mb4_unicode_ci NOT NULL,
  `alamat` text COLLATE utf8mb4_unicode_ci NOT NULL,
  `foto` varchar(256) COLLATE utf8mb4_unicode_ci NOT NULL DEFAULT 'default.png',
  `detail` text COLLATE utf8mb4_unicode_ci NOT NULL,
  `poin` int(6) NOT NULL,
  `premium` enum('y','n') COLLATE utf8mb4_unicode_ci NOT NULL,
  `jam_buka` time NOT NULL,
  `jam_tutup` time NOT NULL,
  `harga` int(16) NOT NULL,
  `latitude` double NOT NULL,
  `longitude` double NOT NULL
) ENGINE=InnoDB DEFAULT CHARSET=utf8mb4 COLLATE=utf8mb4_unicode_ci;

--
-- Dumping data untuk tabel `tempatisi`
--

INSERT INTO `tempatisi` (`id`, `nama`, `alamat`, `foto`, `detail`, `poin`, `premium`, `jam_buka`, `jam_tutup`, `harga`, `latitude`, `longitude`) VALUES
(4, 'Alfamart Beruang', 'Jl. Beruang Raya', 'alfa.jpg', 'Minimarket yang dekat sekali dengan Beruang', 10, 'n', '08:00:00', '23:00:00', 30000, -6.275587, 106.738757),
(5, 'Bintaro Plaza', 'Jl. Bintaro Utama 3A', '8e520da99ac0864a4574f1ac4bdd33d3.jpg', 'Plazanya Bintaro', 9, 'n', '09:00:00', '23:00:00', 100000, -6.27252988, 106.7418424),
(6, 'KFC Plaza Bintaro', 'Jl. Bintaro Utama 3A', 'kfcku.jpg', 'Kentucky Fire Ciken', 20, 'y', '09:00:00', '23:00:00', 30000, -6.272182, 106.741729),
(7, 'Masjid Assalaam', 'Jl. Mandar X', 'af_building.jpg', 'Masjid Assalam', 5, 'n', '04:00:00', '13:00:00', 0, -6.273696, 106.739526),
(8, 'Karangmulya', 'Jl. OKOK', 'default.png', '-6.208421 dan 106.717080', 100, 'y', '00:04:00', '22:00:00', 80000, -6.208421, 106.71708),
(9, 'Indomaret Beruang', 'Jl. Beruang', 'indomaret.jpg', 'Indomaret Beruang dilengkapi dengan ATM BRI', 99, 'y', '08:00:00', '23:00:00', 1000, -6.27521, 106.739261),
(10, 'Pondok Indah Mall', 'Jl. PIM', 'pondinmal.jpeg', 'Mall terbesar di Jakarta Selatan', 300, 'y', '10:00:00', '23:00:00', 100000, -6.265779, 106.783091);

-- --------------------------------------------------------

--
-- Struktur dari tabel `tempat_baru`
--

CREATE TABLE `tempat_baru` (
  `id_tempat` int(12) NOT NULL,
  `nama` varchar(128) COLLATE utf8mb4_unicode_ci NOT NULL,
  `relasi` varchar(64) COLLATE utf8mb4_unicode_ci NOT NULL,
  `tipe` varchar(64) COLLATE utf8mb4_unicode_ci NOT NULL DEFAULT 'other',
  `latitude` double NOT NULL,
  `longitude` double NOT NULL,
  `alamat` text COLLATE utf8mb4_unicode_ci NOT NULL,
  `pendaftar` varchar(64) COLLATE utf8mb4_unicode_ci NOT NULL,
  `date` datetime NOT NULL DEFAULT CURRENT_TIMESTAMP
) ENGINE=InnoDB DEFAULT CHARSET=utf8mb4 COLLATE=utf8mb4_unicode_ci;

--
-- Dumping data untuk tabel `tempat_baru`
--

INSERT INTO `tempat_baru` (`id_tempat`, `nama`, `relasi`, `tipe`, `latitude`, `longitude`, `alamat`, `pendaftar`, `date`) VALUES
(6, 'satu', 'owner', 'other', -6.266376, 106.11111, 'satu', '1@1.com', '2018-10-26 10:26:04'),
(13, 'Indomaret Jl. Raya Plumbon', 'customer', 'other', -6.726741740869314, 108.36948645605469, 'Jlp', 'abc@gmail.com', '2018-10-29 17:11:09');

-- --------------------------------------------------------

--
-- Struktur dari tabel `tmpt_tag`
--

CREATE TABLE `tmpt_tag` (
  `id` int(12) NOT NULL,
  `id_tempat` int(12) NOT NULL,
  `tag` varchar(64) COLLATE utf8mb4_unicode_ci NOT NULL
) ENGINE=InnoDB DEFAULT CHARSET=utf8mb4 COLLATE=utf8mb4_unicode_ci;

--
-- Dumping data untuk tabel `tmpt_tag`
--

INSERT INTO `tmpt_tag` (`id`, `id_tempat`, `tag`) VALUES
(1, 4, 'market'),
(2, 6, 'cafe'),
(3, 6, 'restaurant'),
(4, 7, 'other'),
(5, 8, 'other'),
(167, 5, 'market'),
(168, 5, 'cafe'),
(169, 5, 'restaurant');

-- --------------------------------------------------------

--
-- Struktur dari tabel `transaction`
--

CREATE TABLE `transaction` (
  `mail` varchar(100) COLLATE utf8mb4_unicode_ci NOT NULL,
  `place` varchar(100) COLLATE utf8mb4_unicode_ci NOT NULL,
  `place_user` varchar(100) COLLATE utf8mb4_unicode_ci NOT NULL,
  `transaction` varchar(100) COLLATE utf8mb4_unicode_ci NOT NULL,
  `timestamp` timestamp NOT NULL DEFAULT CURRENT_TIMESTAMP ON UPDATE CURRENT_TIMESTAMP,
  `detail` text COLLATE utf8mb4_unicode_ci NOT NULL
) ENGINE=InnoDB DEFAULT CHARSET=utf8mb4 COLLATE=utf8mb4_unicode_ci;

-- --------------------------------------------------------

--
-- Struktur dari tabel `user`
--

CREATE TABLE `user` (
  `surel` varchar(64) COLLATE utf8mb4_unicode_ci NOT NULL,
  `namadepan` varchar(64) COLLATE utf8mb4_unicode_ci NOT NULL,
  `namabelakang` varchar(64) COLLATE utf8mb4_unicode_ci NOT NULL,
  `sandi` varchar(64) COLLATE utf8mb4_unicode_ci NOT NULL,
  `lahir` date NOT NULL,
  `negara` varchar(32) COLLATE utf8mb4_unicode_ci NOT NULL,
  `prov` varchar(32) COLLATE utf8mb4_unicode_ci NOT NULL,
  `kota` varchar(32) COLLATE utf8mb4_unicode_ci NOT NULL,
  `jalan` varchar(64) COLLATE utf8mb4_unicode_ci NOT NULL,
  `photo` varchar(256) COLLATE utf8mb4_unicode_ci NOT NULL DEFAULT 'default.png',
  `poin` int(12) NOT NULL DEFAULT '0',
  `level` enum('0','1','2') COLLATE utf8mb4_unicode_ci NOT NULL DEFAULT '2',
  `disable` bit(1) NOT NULL DEFAULT b'0',
  `progress` int(12) NOT NULL DEFAULT '0'
) ENGINE=InnoDB DEFAULT CHARSET=utf8mb4 COLLATE=utf8mb4_unicode_ci;

--
-- Dumping data untuk tabel `user`
--

INSERT INTO `user` (`surel`, `namadepan`, `namabelakang`, `sandi`, `lahir`, `negara`, `prov`, `kota`, `jalan`, `photo`, `poin`, `level`, `disable`, `progress`) VALUES
('1@1.com', 'satu', 'satu', 'satu', '2018-10-01', 'satu', 'satu', 'satu', 'satu', 'default.png', 0, '1', b'0', 0),
('1234@gmail.com', 'Octavizankwnk', 'Denzikwzn', '1234', '1998-10-10', 'Indonesia', 'Jawa Barat', 'Cirebon', 'Jl. R.A. Kartini No. 102', '7b0d2a3af9c935ce7d2decb53f8937b4.jpeg', 9, '2', b'0', 539),
('abc@gmail.com', 'Admin', 'Rmb', 'admin', '2018-07-26', 'Indonesia', 'Banten', 'Tangerang Selatan', 'Mandar III', 'default.png', 0, '0', b'0', 0),
('admin@gmail.com', 'Admin', 'Bintaro', '1234', '2018-07-03', 'Indonesia', 'Jawa Barat', 'Subang', 'Jalan R.A. Kartini No. 17', '80e0f4a33b0a4cf115dad9df684f9325.png', 0, '1', b'0', 0),
('ampas@kosong.com', 'kosong', 'kosong', 'kosong', '2018-08-02', 'Indonesia', 'Jawa Barat', 'Cirebon', 'Kosong', 'default.png', 0, '2', b'0', 0),
('dandyoctavian@gmail.com', 'Dandy', 'Oktafian', '1234', '1998-10-10', 'Indonesia', 'Jawa Barat', 'Cirebon', 'Jl. R.A. Kartini No. 10', 'f4451ac6ac46d61013a5c7cd7460056a.jpeg', 110, '2', b'0', 110);

-- --------------------------------------------------------

--
-- Struktur dari tabel `user_voucer`
--

CREATE TABLE `user_voucer` (
  `id` int(12) NOT NULL,
  `id_voucer` int(12) NOT NULL,
  `mail_user` varchar(64) COLLATE utf8mb4_unicode_ci NOT NULL
) ENGINE=InnoDB DEFAULT CHARSET=utf8mb4 COLLATE=utf8mb4_unicode_ci;

--
-- Dumping data untuk tabel `user_voucer`
--

INSERT INTO `user_voucer` (`id`, `id_voucer`, `mail_user`) VALUES
(1, 2, 'ampas@kosong.com'),
(9, 1, 'dandyoctavian@gmail.com'),
(10, 1, '1234@gmail.com'),
(13, 3, '1234@gmail.com'),
(14, 18, '1234@gmail.com');

-- --------------------------------------------------------

--
-- Struktur dari tabel `voucer`
--

CREATE TABLE `voucer` (
  `id` int(12) NOT NULL,
  `nama` varchar(128) COLLATE utf8mb4_unicode_ci NOT NULL,
  `kode` varchar(12) COLLATE utf8mb4_unicode_ci NOT NULL,
  `poin` int(16) NOT NULL,
  `foto` varchar(512) COLLATE utf8mb4_unicode_ci NOT NULL DEFAULT 'default.png',
  `expired` date NOT NULL,
  `by_user` varchar(64) COLLATE utf8mb4_unicode_ci NOT NULL
) ENGINE=InnoDB DEFAULT CHARSET=utf8mb4 COLLATE=utf8mb4_unicode_ci;

--
-- Dumping data untuk tabel `voucer`
--

INSERT INTO `voucer` (`id`, `nama`, `kode`, `poin`, `foto`, `expired`, `by_user`) VALUES
(1, 'Voucer XYZ', 'KMZWAY87AA', 100, 'default.png', '2018-12-31', 'admin@gmail.com'),
(2, 'Voucer BCA', 'ABOGABOGA', 909, 'default.png', '2019-02-07', 'admin@gmail.com'),
(3, 'WHAT ZIT TOOYA', 'KIMI150498', 12, 'default.png', '2018-12-14', 'admin@gmail.com'),
(18, 'Satu Tiket Menuju Sakit', 'SA19041589DM', 90, 'ae5c84790751d5a4bc3e30dd54d15c93.png', '2019-04-15', 'admin@gmail.com');

--
-- Indexes for dumped tables
--

--
-- Indeks untuk tabel `city`
--
ALTER TABLE `city`
  ADD PRIMARY KEY (`ID`),
  ADD KEY `CountryCode` (`CountryCode`);

--
-- Indeks untuk tabel `country`
--
ALTER TABLE `country`
  ADD PRIMARY KEY (`Code`);

--
-- Indeks untuk tabel `event`
--
ALTER TABLE `event`
  ADD PRIMARY KEY (`id`),
  ADD KEY `by_user` (`by_user`);

--
-- Indeks untuk tabel `img_tempat`
--
ALTER TABLE `img_tempat`
  ADD PRIMARY KEY (`id`),
  ADD KEY `id_tempat` (`id_tempat`);

--
-- Indeks untuk tabel `interest_list`
--
ALTER TABLE `interest_list`
  ADD PRIMARY KEY (`nama`);

--
-- Indeks untuk tabel `jual`
--
ALTER TABLE `jual`
  ADD PRIMARY KEY (`id`),
  ADD KEY `by_user` (`by_user`);

--
-- Indeks untuk tabel `jual_img`
--
ALTER TABLE `jual_img`
  ADD PRIMARY KEY (`id`),
  ADD KEY `id_jual` (`id_jual`);

--
-- Indeks untuk tabel `kepemilikan`
--
ALTER TABLE `kepemilikan`
  ADD UNIQUE KEY `surel` (`surel`),
  ADD UNIQUE KEY `id_tempat` (`id_tempat`);

--
-- Indeks untuk tabel `kesukaan_pengguna`
--
ALTER TABLE `kesukaan_pengguna`
  ADD PRIMARY KEY (`id`),
  ADD KEY `surel` (`surel`),
  ADD KEY `interest` (`interest`);

--
-- Indeks untuk tabel `konsumsi`
--
ALTER TABLE `konsumsi`
  ADD KEY `surel` (`surel`);

--
-- Indeks untuk tabel `log_token`
--
ALTER TABLE `log_token`
  ADD UNIQUE KEY `user_mail` (`user_mail`);

--
-- Indeks untuk tabel `pic_tmpt_baru`
--
ALTER TABLE `pic_tmpt_baru`
  ADD PRIMARY KEY (`id`),
  ADD KEY `id_tempat` (`id_tempat`);

--
-- Indeks untuk tabel `poin_tra`
--
ALTER TABLE `poin_tra`
  ADD PRIMARY KEY (`id`),
  ADD KEY `id_item` (`id_item`),
  ADD KEY `surel` (`surel`);

--
-- Indeks untuk tabel `relasi`
--
ALTER TABLE `relasi`
  ADD PRIMARY KEY (`nama`);

--
-- Indeks untuk tabel `review_tempat`
--
ALTER TABLE `review_tempat`
  ADD PRIMARY KEY (`id`),
  ADD KEY `id_tempat` (`id_tempat`),
  ADD KEY `surel` (`surel`);

--
-- Indeks untuk tabel `share_event`
--
ALTER TABLE `share_event`
  ADD PRIMARY KEY (`id`),
  ADD KEY `id_event` (`id_event`),
  ADD KEY `surel` (`surel`);

--
-- Indeks untuk tabel `suka_event`
--
ALTER TABLE `suka_event`
  ADD PRIMARY KEY (`id`),
  ADD KEY `id_event` (`id_event`),
  ADD KEY `surel` (`surel`);

--
-- Indeks untuk tabel `tbl_session`
--
ALTER TABLE `tbl_session`
  ADD KEY `ci_sessions_timestamp` (`timestamp`);

--
-- Indeks untuk tabel `tempatisi`
--
ALTER TABLE `tempatisi`
  ADD PRIMARY KEY (`id`);

--
-- Indeks untuk tabel `tempat_baru`
--
ALTER TABLE `tempat_baru`
  ADD PRIMARY KEY (`id_tempat`),
  ADD KEY `tipe` (`tipe`),
  ADD KEY `pendaftar` (`pendaftar`),
  ADD KEY `relasi` (`relasi`);

--
-- Indeks untuk tabel `tmpt_tag`
--
ALTER TABLE `tmpt_tag`
  ADD PRIMARY KEY (`id`),
  ADD KEY `id_tempat` (`id_tempat`),
  ADD KEY `tag` (`tag`);

--
-- Indeks untuk tabel `user`
--
ALTER TABLE `user`
  ADD PRIMARY KEY (`surel`);

--
-- Indeks untuk tabel `user_voucer`
--
ALTER TABLE `user_voucer`
  ADD PRIMARY KEY (`id`),
  ADD KEY `id_voucer` (`id_voucer`),
  ADD KEY `mail_user` (`mail_user`);

--
-- Indeks untuk tabel `voucer`
--
ALTER TABLE `voucer`
  ADD PRIMARY KEY (`id`),
  ADD UNIQUE KEY `kod` (`kode`),
  ADD KEY `by_user` (`by_user`);

--
-- AUTO_INCREMENT untuk tabel yang dibuang
--

--
-- AUTO_INCREMENT untuk tabel `city`
--
ALTER TABLE `city`
  MODIFY `ID` int(11) NOT NULL AUTO_INCREMENT, AUTO_INCREMENT=4080;

--
-- AUTO_INCREMENT untuk tabel `event`
--
ALTER TABLE `event`
  MODIFY `id` int(12) NOT NULL AUTO_INCREMENT, AUTO_INCREMENT=11;

--
-- AUTO_INCREMENT untuk tabel `img_tempat`
--
ALTER TABLE `img_tempat`
  MODIFY `id` int(12) NOT NULL AUTO_INCREMENT, AUTO_INCREMENT=25;

--
-- AUTO_INCREMENT untuk tabel `jual`
--
ALTER TABLE `jual`
  MODIFY `id` int(12) NOT NULL AUTO_INCREMENT, AUTO_INCREMENT=50;

--
-- AUTO_INCREMENT untuk tabel `jual_img`
--
ALTER TABLE `jual_img`
  MODIFY `id` int(12) NOT NULL AUTO_INCREMENT, AUTO_INCREMENT=9;

--
-- AUTO_INCREMENT untuk tabel `kesukaan_pengguna`
--
ALTER TABLE `kesukaan_pengguna`
  MODIFY `id` int(12) NOT NULL AUTO_INCREMENT;

--
-- AUTO_INCREMENT untuk tabel `pic_tmpt_baru`
--
ALTER TABLE `pic_tmpt_baru`
  MODIFY `id` int(12) NOT NULL AUTO_INCREMENT, AUTO_INCREMENT=8;

--
-- AUTO_INCREMENT untuk tabel `poin_tra`
--
ALTER TABLE `poin_tra`
  MODIFY `id` int(12) NOT NULL AUTO_INCREMENT, AUTO_INCREMENT=6;

--
-- AUTO_INCREMENT untuk tabel `review_tempat`
--
ALTER TABLE `review_tempat`
  MODIFY `id` int(12) NOT NULL AUTO_INCREMENT, AUTO_INCREMENT=10;

--
-- AUTO_INCREMENT untuk tabel `share_event`
--
ALTER TABLE `share_event`
  MODIFY `id` int(12) NOT NULL AUTO_INCREMENT, AUTO_INCREMENT=6;

--
-- AUTO_INCREMENT untuk tabel `suka_event`
--
ALTER TABLE `suka_event`
  MODIFY `id` int(12) NOT NULL AUTO_INCREMENT, AUTO_INCREMENT=23;

--
-- AUTO_INCREMENT untuk tabel `tempatisi`
--
ALTER TABLE `tempatisi`
  MODIFY `id` int(12) NOT NULL AUTO_INCREMENT, AUTO_INCREMENT=11;

--
-- AUTO_INCREMENT untuk tabel `tempat_baru`
--
ALTER TABLE `tempat_baru`
  MODIFY `id_tempat` int(12) NOT NULL AUTO_INCREMENT, AUTO_INCREMENT=14;

--
-- AUTO_INCREMENT untuk tabel `tmpt_tag`
--
ALTER TABLE `tmpt_tag`
  MODIFY `id` int(12) NOT NULL AUTO_INCREMENT, AUTO_INCREMENT=170;

--
-- AUTO_INCREMENT untuk tabel `user_voucer`
--
ALTER TABLE `user_voucer`
  MODIFY `id` int(12) NOT NULL AUTO_INCREMENT, AUTO_INCREMENT=15;

--
-- AUTO_INCREMENT untuk tabel `voucer`
--
ALTER TABLE `voucer`
  MODIFY `id` int(12) NOT NULL AUTO_INCREMENT, AUTO_INCREMENT=19;

--
-- Ketidakleluasaan untuk tabel pelimpahan (Dumped Tables)
--

--
-- Ketidakleluasaan untuk tabel `city`
--
ALTER TABLE `city`
  ADD CONSTRAINT `city_ibfk_1` FOREIGN KEY (`CountryCode`) REFERENCES `country` (`Code`);

--
-- Ketidakleluasaan untuk tabel `event`
--
ALTER TABLE `event`
  ADD CONSTRAINT `event_ibfk_1` FOREIGN KEY (`by_user`) REFERENCES `user` (`surel`) ON DELETE CASCADE ON UPDATE CASCADE;

--
-- Ketidakleluasaan untuk tabel `img_tempat`
--
ALTER TABLE `img_tempat`
  ADD CONSTRAINT `id_tempat_fk` FOREIGN KEY (`id_tempat`) REFERENCES `tempatisi` (`id`) ON DELETE CASCADE ON UPDATE CASCADE;

--
-- Ketidakleluasaan untuk tabel `jual`
--
ALTER TABLE `jual`
  ADD CONSTRAINT `jual_ibfk_1` FOREIGN KEY (`by_user`) REFERENCES `user` (`surel`) ON DELETE CASCADE ON UPDATE CASCADE;

--
-- Ketidakleluasaan untuk tabel `jual_img`
--
ALTER TABLE `jual_img`
  ADD CONSTRAINT `jual_img_ibfk_1` FOREIGN KEY (`id_jual`) REFERENCES `jual` (`id`) ON DELETE CASCADE ON UPDATE CASCADE;

--
-- Ketidakleluasaan untuk tabel `kepemilikan`
--
ALTER TABLE `kepemilikan`
  ADD CONSTRAINT `kepemilikan_ibfk_1` FOREIGN KEY (`surel`) REFERENCES `user` (`surel`) ON DELETE CASCADE ON UPDATE CASCADE,
  ADD CONSTRAINT `kepemilikan_ibfk_2` FOREIGN KEY (`id_tempat`) REFERENCES `tempatisi` (`id`) ON DELETE CASCADE ON UPDATE CASCADE;

--
-- Ketidakleluasaan untuk tabel `kesukaan_pengguna`
--
ALTER TABLE `kesukaan_pengguna`
  ADD CONSTRAINT `kesukaan_pengguna_ibfk_1` FOREIGN KEY (`surel`) REFERENCES `user` (`surel`) ON DELETE CASCADE ON UPDATE CASCADE,
  ADD CONSTRAINT `kesukaan_pengguna_ibfk_2` FOREIGN KEY (`interest`) REFERENCES `interest_list` (`nama`) ON DELETE CASCADE ON UPDATE CASCADE;

--
-- Ketidakleluasaan untuk tabel `konsumsi`
--
ALTER TABLE `konsumsi`
  ADD CONSTRAINT `konsumsi_ibfk_1` FOREIGN KEY (`surel`) REFERENCES `user` (`surel`) ON DELETE CASCADE ON UPDATE CASCADE;

--
-- Ketidakleluasaan untuk tabel `log_token`
--
ALTER TABLE `log_token`
  ADD CONSTRAINT `mail` FOREIGN KEY (`user_mail`) REFERENCES `user` (`surel`) ON DELETE CASCADE ON UPDATE CASCADE;

--
-- Ketidakleluasaan untuk tabel `pic_tmpt_baru`
--
ALTER TABLE `pic_tmpt_baru`
  ADD CONSTRAINT `pic_tmpt_baru_ibfk_1` FOREIGN KEY (`id_tempat`) REFERENCES `tempat_baru` (`id_tempat`) ON DELETE CASCADE ON UPDATE CASCADE;

--
-- Ketidakleluasaan untuk tabel `poin_tra`
--
ALTER TABLE `poin_tra`
  ADD CONSTRAINT `poin_tra_ibfk_1` FOREIGN KEY (`id_item`) REFERENCES `jual` (`id`) ON DELETE CASCADE ON UPDATE CASCADE,
  ADD CONSTRAINT `poin_tra_ibfk_2` FOREIGN KEY (`surel`) REFERENCES `user` (`surel`) ON DELETE CASCADE ON UPDATE CASCADE;

--
-- Ketidakleluasaan untuk tabel `review_tempat`
--
ALTER TABLE `review_tempat`
  ADD CONSTRAINT `review_tempat_ibfk_1` FOREIGN KEY (`surel`) REFERENCES `user` (`surel`) ON DELETE CASCADE ON UPDATE CASCADE,
  ADD CONSTRAINT `review_tempat_ibfk_2` FOREIGN KEY (`id_tempat`) REFERENCES `tempatisi` (`id`) ON DELETE CASCADE ON UPDATE CASCADE;

--
-- Ketidakleluasaan untuk tabel `share_event`
--
ALTER TABLE `share_event`
  ADD CONSTRAINT `share_event_ibfk_1` FOREIGN KEY (`id_event`) REFERENCES `event` (`id`) ON DELETE CASCADE ON UPDATE CASCADE,
  ADD CONSTRAINT `share_event_ibfk_2` FOREIGN KEY (`surel`) REFERENCES `user` (`surel`) ON DELETE CASCADE ON UPDATE CASCADE;

--
-- Ketidakleluasaan untuk tabel `suka_event`
--
ALTER TABLE `suka_event`
  ADD CONSTRAINT `suka_event_ibfk_1` FOREIGN KEY (`id_event`) REFERENCES `event` (`id`) ON DELETE CASCADE ON UPDATE CASCADE,
  ADD CONSTRAINT `suka_event_ibfk_2` FOREIGN KEY (`surel`) REFERENCES `user` (`surel`) ON DELETE CASCADE ON UPDATE CASCADE;

--
-- Ketidakleluasaan untuk tabel `tempat_baru`
--
ALTER TABLE `tempat_baru`
  ADD CONSTRAINT `tempat_baru_ibfk_2` FOREIGN KEY (`tipe`) REFERENCES `interest_list` (`nama`) ON DELETE CASCADE ON UPDATE CASCADE,
  ADD CONSTRAINT `tempat_baru_ibfk_3` FOREIGN KEY (`pendaftar`) REFERENCES `user` (`surel`) ON DELETE CASCADE ON UPDATE CASCADE,
  ADD CONSTRAINT `tempat_baru_ibfk_4` FOREIGN KEY (`relasi`) REFERENCES `relasi` (`nama`);

--
-- Ketidakleluasaan untuk tabel `tmpt_tag`
--
ALTER TABLE `tmpt_tag`
  ADD CONSTRAINT `tmpt_tag_ibfk_1` FOREIGN KEY (`id_tempat`) REFERENCES `tempatisi` (`id`) ON DELETE CASCADE ON UPDATE CASCADE,
  ADD CONSTRAINT `tmpt_tag_ibfk_2` FOREIGN KEY (`tag`) REFERENCES `interest_list` (`nama`) ON DELETE CASCADE ON UPDATE CASCADE;

--
-- Ketidakleluasaan untuk tabel `user_voucer`
--
ALTER TABLE `user_voucer`
  ADD CONSTRAINT `user_voucer_ibfk_1` FOREIGN KEY (`mail_user`) REFERENCES `user` (`surel`) ON DELETE CASCADE ON UPDATE CASCADE,
  ADD CONSTRAINT `user_voucer_ibfk_2` FOREIGN KEY (`id_voucer`) REFERENCES `voucer` (`id`) ON DELETE CASCADE ON UPDATE CASCADE;
COMMIT;

/*!40101 SET CHARACTER_SET_CLIENT=@OLD_CHARACTER_SET_CLIENT */;
/*!40101 SET CHARACTER_SET_RESULTS=@OLD_CHARACTER_SET_RESULTS */;
/*!40101 SET COLLATION_CONNECTION=@OLD_COLLATION_CONNECTION */;
